component_id,component_type,parameter_name,unit,lot_id,temperature_c,value_0h,value_24h,value_96h,value_168h
CMP-000001,Logic IC,Iddq,µA,LOT-04,124.77,10.0545,25.3431,10.9503,13.1385
CMP-000002,Memory IC,Standby Current,µA,LOT-16,123.78,24.418,24.9081,25.8294,26.2363
CMP-000003,ADC,Leakage Current,µA,LOT-04,124.0,5.0561,5.1858,5.3648,5.4956
CMP-000004,Driver IC,Propagation Delay,ns,LOT-17,122.81,18.1394,20.5982,26.0044,38.888
CMP-000005,Logic IC,Iddq,µA,LOT-18,125.88,9.6795,12.1467,18.5645,28.7672
CMP-000006,Memory IC,Standby Current,µA,LOT-12,125.75,24.6279,25.1627,25.4295,25.958
CMP-000007,ADC,Leakage Current,µA,LOT-07,123.21,4.995,5.1689,5.3051,5.4178
CMP-000008,Driver IC,Propagation Delay,ns,LOT-04,122.47,18.0908,19.1608,23.7279,39.7253
CMP-000009,Logic IC,Iddq,µA,LOT-06,124.69,9.7525,10.1339,10.3347,10.5757
CMP-000010,Memory IC,Standby Current,µA,LOT-16,124.21,24.0474,25.9226,42.4856,74.1774
CMP-000011,ADC,Leakage Current,µA,LOT-04,127.19,5.2927,5.3278,5.5511,5.6069
CMP-000012,Driver IC,Propagation Delay,ns,LOT-10,125.47,17.3125,17.3291,17.4719,18.2896
CMP-000013,Logic IC,Iddq,µA,LOT-20,124.79,9.7838,10.0639,10.4451,10.724
CMP-000014,Memory IC,Standby Current,µA,LOT-07,126.47,25.7216,29.493,41.0309,62.2092
CMP-000015,ADC,Leakage Current,µA,LOT-20,124.77,5.1064,5.2147,5.3277,5.5755
CMP-000016,Driver IC,Propagation Delay,ns,LOT-07,124.82,18.5805,19.9825,26.4357,44.3624
CMP-000017,Logic IC,Iddq,µA,LOT-08,127.48,9.7714,9.9248,10.1796,10.5442
CMP-000018,Memory IC,Standby Current,µA,LOT-06,124.75,24.7003,24.4864,25.5746,25.7923
CMP-000019,ADC,Leakage Current,µA,LOT-16,126.37,4.7194,5.6779,9.9267,18.4174
CMP-000020,Driver IC,Propagation Delay,ns,LOT-12,124.77,18.4032,31.5701,18.8272,20.696
CMP-000021,Logic IC,Iddq,µA,LOT-01,124.57,10.6571,22.6272,12.5308,12.9315
CMP-000022,Memory IC,Standby Current,µA,LOT-20,124.21,24.4709,27.8413,40.1441,65.724
CMP-000023,ADC,Leakage Current,µA,LOT-20,123.24,5.2136,5.3833,5.6051,5.8278
CMP-000024,Driver IC,Propagation Delay,ns,LOT-15,122.94,17.8434,18.211,18.4894,18.5519
CMP-000025,Logic IC,Iddq,µA,LOT-17,123.92,10.2982,11.0501,18.3147,33.6581
CMP-000026,Memory IC,Standby Current,µA,LOT-07,125.39,24.5806,27.2473,38.3948,75.4462
CMP-000027,ADC,Leakage Current,µA,LOT-13,124.62,4.9576,5.1362,5.3694,5.3514
CMP-000028,Driver IC,Propagation Delay,ns,LOT-13,127.59,17.2999,17.2209,17.6057,18.0657
CMP-000029,Logic IC,Iddq,µA,LOT-14,125.66,10.6269,11.0682,11.2752,11.7775
CMP-000030,Memory IC,Standby Current,µA,LOT-19,124.71,24.7662,28.0745,37.2054,64.5451
CMP-000031,ADC,Leakage Current,µA,LOT-04,123.95,5.3785,6.5912,11.3371,23.233
CMP-000032,Driver IC,Propagation Delay,ns,LOT-17,125.11,17.0558,17.4876,17.428,18.0081
CMP-000033,Logic IC,Iddq,µA,LOT-10,126.22,10.0682,11.1214,23.0581,45.0892
CMP-000034,Memory IC,Standby Current,µA,LOT-14,123.41,25.2082,43.6017,28.7668,32.2306
CMP-000035,ADC,Leakage Current,µA,LOT-14,125.83,5.4399,14.9327,6.4242,7.0263
CMP-000036,Driver IC,Propagation Delay,ns,LOT-20,122.6,17.397,17.2484,17.3235,17.9704
CMP-000037,Logic IC,Iddq,µA,LOT-14,125.21,10.2674,10.6382,10.9472,11.3081
CMP-000038,Memory IC,Standby Current,µA,LOT-06,124.6,24.2245,26.592,34.7963,60.8973
CMP-000039,ADC,Leakage Current,µA,LOT-14,126.63,5.2529,6.266,10.1184,19.1443
CMP-000040,Driver IC,Propagation Delay,ns,LOT-17,124.46,17.5502,17.5559,18.1412,18.1386
CMP-000041,Logic IC,Iddq,µA,LOT-10,124.2,10.0424,10.2509,10.447,10.8309
CMP-000042,Memory IC,Standby Current,µA,LOT-15,126.6,24.8894,28.9672,44.8913,63.2977
CMP-000043,ADC,Leakage Current,µA,LOT-20,123.73,4.9723,5.1018,5.2262,5.4406
CMP-000044,Driver IC,Propagation Delay,ns,LOT-03,127.91,17.8935,18.1929,18.41,18.7123
CMP-000045,Logic IC,Iddq,µA,LOT-05,125.01,9.8848,10.4104,10.617,10.9811
CMP-000046,Memory IC,Standby Current,µA,LOT-16,123.72,24.3684,25.0425,25.4081,26.1635
CMP-000047,ADC,Leakage Current,µA,LOT-02,122.76,4.6704,5.3303,9.7711,21.918
CMP-000048,Driver IC,Propagation Delay,ns,LOT-15,125.7,18.2517,18.5026,18.6003,18.8664
CMP-000049,Logic IC,Iddq,µA,LOT-15,123.54,10.4628,26.163,12.9487,13.7724
CMP-000050,Memory IC,Standby Current,µA,LOT-04,124.46,24.9208,25.7469,25.7863,26.6766
CMP-000051,ADC,Leakage Current,µA,LOT-15,123.76,4.9676,5.1486,5.2289,5.451
CMP-000052,Driver IC,Propagation Delay,ns,LOT-10,125.83,18.0389,19.3267,28.5364,43.5459
CMP-000053,Logic IC,Iddq,µA,LOT-12,124.89,10.1174,10.3805,10.5448,10.6784
CMP-000054,Memory IC,Standby Current,µA,LOT-10,122.83,25.1513,25.1289,26.2662,26.5181
CMP-000055,ADC,Leakage Current,µA,LOT-20,123.27,5.1453,6.589,12.2065,18.9452
CMP-000056,Driver IC,Propagation Delay,ns,LOT-16,125.37,18.1675,30.106,19.9943,21.2773
CMP-000057,Logic IC,Iddq,µA,LOT-18,125.77,9.8058,25.3589,10.6136,12.8877
CMP-000058,Memory IC,Standby Current,µA,LOT-20,123.45,23.9524,24.2704,24.9532,25.3017
CMP-000059,ADC,Leakage Current,µA,LOT-19,125.05,5.3646,6.2071,12.5927,20.1851
CMP-000060,Driver IC,Propagation Delay,ns,LOT-05,128.82,16.597,16.7847,16.6954,17.1555
CMP-000061,Logic IC,Iddq,µA,LOT-14,128.08,9.9125,10.8018,19.7881,33.9437
CMP-000062,Memory IC,Standby Current,µA,LOT-07,127.5,25.724,26.241,26.9918,27.0379
CMP-000063,ADC,Leakage Current,µA,LOT-18,124.49,4.8288,4.9262,4.8885,5.1147
CMP-000064,Driver IC,Propagation Delay,ns,LOT-20,123.02,18.175,18.4276,18.5517,19.0965
CMP-000065,Logic IC,Iddq,µA,LOT-18,124.35,10.0747,11.8559,19.7416,30.7038
CMP-000066,Memory IC,Standby Current,µA,LOT-10,123.76,25.0738,37.9118,27.1745,27.9716
CMP-000067,ADC,Leakage Current,µA,LOT-18,123.54,4.8308,4.9012,5.1149,5.1699
CMP-000068,Driver IC,Propagation Delay,ns,LOT-03,123.18,17.9598,18.2184,18.6885,18.2454
CMP-000069,Logic IC,Iddq,µA,LOT-19,125.42,9.9895,10.2679,10.4669,10.5457
CMP-000070,Memory IC,Standby Current,µA,LOT-10,126.17,25.2186,25.778,25.3998,25.2757
CMP-000071,ADC,Leakage Current,µA,LOT-10,125.77,4.9541,6.5142,12.2329,19.7454
CMP-000072,Driver IC,Propagation Delay,ns,LOT-01,126.28,18.633,20.0516,28.0362,40.1449
CMP-000073,Logic IC,Iddq,µA,LOT-15,123.08,10.1402,10.6482,10.9141,11.3023
CMP-000074,Memory IC,Standby Current,µA,LOT-07,125.09,24.9189,24.9154,25.0921,25.539
CMP-000075,ADC,Leakage Current,µA,LOT-02,124.77,4.7802,5.622,10.4849,18.3067
CMP-000076,Driver IC,Propagation Delay,ns,LOT-18,125.06,18.3011,19.6774,27.4109,41.1479
CMP-000077,Logic IC,Iddq,µA,LOT-15,124.7,9.9508,10.2443,10.445,10.7156
CMP-000078,Memory IC,Standby Current,µA,LOT-20,124.28,24.8346,39.7874,28.2075,34.2281
CMP-000079,ADC,Leakage Current,µA,LOT-13,120.99,4.9766,6.5626,11.2654,17.9214
CMP-000080,Driver IC,Propagation Delay,ns,LOT-08,124.5,18.4905,20.9071,26.459,40.7342
CMP-000081,Logic IC,Iddq,µA,LOT-12,124.46,10.0065,12.1816,18.1975,31.9784
CMP-000082,Memory IC,Standby Current,µA,LOT-12,123.53,24.0193,37.9709,27.0737,32.6812
CMP-000083,ADC,Leakage Current,µA,LOT-02,123.49,4.6913,4.9725,5.1158,5.1721
CMP-000084,Driver IC,Propagation Delay,ns,LOT-10,126.42,17.8697,31.899,19.6661,19.884
CMP-000085,Logic IC,Iddq,µA,LOT-17,124.39,9.7988,10.0338,10.3888,10.5319
CMP-000086,Memory IC,Standby Current,µA,LOT-17,124.78,25.2116,26.5595,46.3153,68.4388
CMP-000087,ADC,Leakage Current,µA,LOT-13,124.07,5.0996,5.3438,5.39,5.6946
CMP-000088,Driver IC,Propagation Delay,ns,LOT-04,124.14,17.9151,18.9175,26.4255,41.7105
CMP-000089,Logic IC,Iddq,µA,LOT-04,125.46,10.578,23.6144,11.417,12.8106
CMP-000090,Memory IC,Standby Current,µA,LOT-20,125.43,25.332,24.6649,25.5977,26.1363
CMP-000091,ADC,Leakage Current,µA,LOT-17,127.06,4.9194,5.1032,5.2981,5.3925
CMP-000092,Driver IC,Propagation Delay,ns,LOT-19,122.95,18.1381,18.2626,18.4427,18.7671
CMP-000093,Logic IC,Iddq,µA,LOT-04,126.66,9.9842,12.276,20.4494,35.2275
CMP-000094,Memory IC,Standby Current,µA,LOT-19,122.89,25.5837,26.1844,26.622,26.8327
CMP-000095,ADC,Leakage Current,µA,LOT-08,125.18,4.9533,6.6854,10.9956,20.8465
CMP-000096,Driver IC,Propagation Delay,ns,LOT-09,124.44,18.3943,20.0374,23.9072,34.6302
CMP-000097,Logic IC,Iddq,µA,LOT-19,124.49,10.2305,10.5557,10.5579,11.0132
CMP-000098,Memory IC,Standby Current,µA,LOT-14,124.99,24.0146,24.7988,25.1206,25.676
CMP-000099,ADC,Leakage Current,µA,LOT-20,126.02,4.9113,11.3022,5.8177,7.0886
CMP-000100,Driver IC,Propagation Delay,ns,LOT-13,125.66,18.676,19.3241,28.6669,46.0518
CMP-000101,Logic IC,Iddq,µA,LOT-13,124.77,9.9781,11.865,20.8437,39.6028
CMP-000102,Memory IC,Standby Current,µA,LOT-06,124.7,25.2297,25.7638,26.4098,26.9663
CMP-000103,ADC,Leakage Current,µA,LOT-18,124.77,5.003,5.126,5.2719,5.5381
CMP-000104,Driver IC,Propagation Delay,ns,LOT-19,125.01,18.2865,20.3737,26.7885,42.8114
CMP-000105,Logic IC,Iddq,µA,LOT-07,125.9,10.1683,10.5217,10.8919,11.1555
CMP-000106,Memory IC,Standby Current,µA,LOT-07,123.27,26.0614,28.6622,40.2851,77.521
CMP-000107,ADC,Leakage Current,µA,LOT-11,124.65,5.1712,5.3041,5.3439,5.6492
CMP-000108,Driver IC,Propagation Delay,ns,LOT-02,127.07,17.6934,18.6656,27.3709,40.2488
CMP-000109,Logic IC,Iddq,µA,LOT-07,125.02,9.6222,9.9337,10.1445,10.435
CMP-000110,Memory IC,Standby Current,µA,LOT-08,126.05,24.4586,28.0606,43.1191,74.9352
CMP-000111,ADC,Leakage Current,µA,LOT-19,123.71,4.9316,6.5384,11.6324,17.8806
CMP-000112,Driver IC,Propagation Delay,ns,LOT-06,122.6,17.4128,18.2727,25.5767,37.9967
CMP-000113,Logic IC,Iddq,µA,LOT-17,124.53,10.2254,10.4545,10.6308,10.9699
CMP-000114,Memory IC,Standby Current,µA,LOT-02,123.16,25.4182,29.6645,39.6107,57.0626
CMP-000115,ADC,Leakage Current,µA,LOT-14,123.68,5.0993,5.3846,5.5232,5.6204
CMP-000116,Driver IC,Propagation Delay,ns,LOT-18,121.63,17.4797,17.4443,17.8011,17.7075
CMP-000117,Logic IC,Iddq,µA,LOT-05,125.84,9.676,25.3624,10.6647,14.2356
CMP-000118,Memory IC,Standby Current,µA,LOT-09,125.93,25.431,25.4944,26.4673,26.4828
CMP-000119,ADC,Leakage Current,µA,LOT-08,122.66,4.6797,4.8325,5.0667,5.2403
CMP-000120,Driver IC,Propagation Delay,ns,LOT-19,124.28,18.0791,18.4212,18.6161,18.7409
CMP-000121,Logic IC,Iddq,µA,LOT-20,127.31,10.0893,13.0732,19.9724,39.4368
CMP-000122,Memory IC,Standby Current,µA,LOT-19,126.79,25.3729,25.5172,25.2353,26.0772
CMP-000123,ADC,Leakage Current,µA,LOT-20,124.34,5.1569,5.1624,5.2473,5.3855
CMP-000124,Driver IC,Propagation Delay,ns,LOT-08,121.87,17.1152,18.7867,26.5868,41.5268
CMP-000125,Logic IC,Iddq,µA,LOT-03,123.99,9.8351,10.9976,18.963,42.6558
CMP-000126,Memory IC,Standby Current,µA,LOT-09,124.97,24.6885,28.1102,36.7916,60.3924
CMP-000127,ADC,Leakage Current,µA,LOT-10,125.41,4.6989,14.1485,6.1275,6.5577
CMP-000128,Driver IC,Propagation Delay,ns,LOT-07,124.21,18.0634,18.4911,18.6662,18.863
CMP-000129,Logic IC,Iddq,µA,LOT-07,126.08,9.6534,10.0802,10.3861,10.5912
CMP-000130,Memory IC,Standby Current,µA,LOT-19,126.29,25.9744,40.983,27.5952,32.7756
CMP-000131,ADC,Leakage Current,µA,LOT-03,124.96,5.226,14.5623,6.2295,7.376
CMP-000132,Driver IC,Propagation Delay,ns,LOT-20,122.37,17.9231,17.906,18.237,18.7449
CMP-000133,Logic IC,Iddq,µA,LOT-02,127.79,9.7679,10.3274,10.4122,10.7245
CMP-000134,Memory IC,Standby Current,µA,LOT-01,126.04,24.9425,25.147,26.2955,25.7519
CMP-000135,ADC,Leakage Current,µA,LOT-13,128.34,5.2071,5.4097,5.642,5.8462
CMP-000136,Driver IC,Propagation Delay,ns,LOT-19,126.24,18.1988,19.5531,26.4518,35.6628
CMP-000137,Logic IC,Iddq,µA,LOT-11,120.57,10.1916,10.1547,10.7901,10.8212
CMP-000138,Memory IC,Standby Current,µA,LOT-11,127.27,25.45,51.6423,27.5426,29.1279
CMP-000139,ADC,Leakage Current,µA,LOT-10,127.68,5.1302,6.6944,11.7373,23.4518
CMP-000140,Driver IC,Propagation Delay,ns,LOT-13,122.86,17.4963,17.1794,17.7492,18.0328
CMP-000141,Logic IC,Iddq,µA,LOT-12,127.56,9.8236,10.1568,10.3007,10.7259
CMP-000142,Memory IC,Standby Current,µA,LOT-03,125.27,24.2014,24.6908,24.9041,25.5659
CMP-000143,ADC,Leakage Current,µA,LOT-12,124.15,5.2512,5.4058,5.4882,5.7642
CMP-000144,Driver IC,Propagation Delay,ns,LOT-15,125.1,18.5747,19.1706,19.2585,19.7016
CMP-000145,Logic IC,Iddq,µA,LOT-13,120.88,9.6324,26.0416,11.8306,14.7156
CMP-000146,Memory IC,Standby Current,µA,LOT-13,125.46,25.0789,26.049,25.6689,26.5418
CMP-000147,ADC,Leakage Current,µA,LOT-14,125.36,5.094,5.2891,5.581,5.7105
CMP-000148,Driver IC,Propagation Delay,ns,LOT-18,124.13,17.0562,17.4884,17.5985,17.5905
CMP-000149,Logic IC,Iddq,µA,LOT-19,123.28,10.2272,12.1381,18.2825,38.0923
CMP-000150,Memory IC,Standby Current,µA,LOT-19,124.98,25.3236,27.381,40.1534,60.451
CMP-000151,ADC,Leakage Current,µA,LOT-18,124.82,4.8426,4.9334,4.9148,5.1131
CMP-000152,Driver IC,Propagation Delay,ns,LOT-11,125.57,18.392,19.6073,25.404,41.0058
CMP-000153,Logic IC,Iddq,µA,LOT-09,127.04,9.6042,9.9634,10.1784,10.4296
CMP-000154,Memory IC,Standby Current,µA,LOT-10,125.8,24.6796,40.6073,28.3896,31.4433
CMP-000155,ADC,Leakage Current,µA,LOT-04,121.48,5.1533,5.7944,9.7848,23.782
CMP-000156,Driver IC,Propagation Delay,ns,LOT-05,122.35,17.4623,27.342,19.0979,21.412
CMP-000157,Logic IC,Iddq,µA,LOT-20,126.75,10.1307,10.2914,10.3884,10.609
CMP-000158,Memory IC,Standby Current,µA,LOT-05,122.36,23.5641,26.4454,46.0769,85.616
CMP-000159,ADC,Leakage Current,µA,LOT-05,125.42,4.6497,5.7051,10.8591,25.6445
CMP-000160,Driver IC,Propagation Delay,ns,LOT-02,123.91,18.0896,19.6402,24.1811,38.1092
CMP-000161,Logic IC,Iddq,µA,LOT-17,126.31,10.0818,10.2123,10.4929,10.5332
CMP-000162,Memory IC,Standby Current,µA,LOT-18,125.31,25.391,26.2992,27.0632,26.8705
CMP-000163,ADC,Leakage Current,µA,LOT-02,124.13,4.8957,5.6642,11.5488,20.1093
CMP-000164,Driver IC,Propagation Delay,ns,LOT-13,126.57,18.4615,18.3757,18.3398,18.7495
CMP-000165,Logic IC,Iddq,µA,LOT-02,124.95,9.891,11.0699,21.8901,39.9208
CMP-000166,Memory IC,Standby Current,µA,LOT-16,127.22,24.6911,25.2112,25.6492,25.9427
CMP-000167,ADC,Leakage Current,µA,LOT-16,124.02,4.7925,12.7318,5.3112,6.7439
CMP-000168,Driver IC,Propagation Delay,ns,LOT-05,124.05,16.9308,18.5725,24.0583,35.9694
CMP-000169,Logic IC,Iddq,µA,LOT-16,125.11,9.7793,9.7557,10.3069,10.5249
CMP-000170,Memory IC,Standby Current,µA,LOT-05,125.14,25.6483,25.681,25.2588,26.2349
CMP-000171,ADC,Leakage Current,µA,LOT-09,125.41,4.7323,4.8751,4.9081,5.0467
CMP-000172,Driver IC,Propagation Delay,ns,LOT-05,124.54,17.6778,17.7651,17.9787,18.2063
CMP-000173,Logic IC,Iddq,µA,LOT-08,124.99,9.5314,9.7539,9.8931,10.0268
CMP-000174,Memory IC,Standby Current,µA,LOT-20,125.97,25.7702,25.4292,26.0884,26.8559
CMP-000175,ADC,Leakage Current,µA,LOT-20,125.87,4.8937,4.9336,5.1102,5.2755
CMP-000176,Driver IC,Propagation Delay,ns,LOT-06,123.03,18.0216,19.0387,27.5997,43.2974
CMP-000177,Logic IC,Iddq,µA,LOT-18,123.96,9.8369,10.2769,10.4446,10.9782
CMP-000178,Memory IC,Standby Current,µA,LOT-06,125.24,25.3111,27.029,45.706,76.6821
CMP-000179,ADC,Leakage Current,µA,LOT-04,126.09,5.0649,5.3449,5.4753,5.568
CMP-000180,Driver IC,Propagation Delay,ns,LOT-12,123.4,17.5302,19.3485,26.5292,40.046
CMP-000181,Logic IC,Iddq,µA,LOT-04,125.68,10.1503,10.3139,10.3962,10.6729
CMP-000182,Memory IC,Standby Current,µA,LOT-01,125.22,24.6053,24.9498,24.5615,25.8578
CMP-000183,ADC,Leakage Current,µA,LOT-19,124.52,4.9856,6.7065,9.8713,20.1922
CMP-000184,Driver IC,Propagation Delay,ns,LOT-13,126.3,17.6265,19.4197,23.828,36.0647
CMP-000185,Logic IC,Iddq,µA,LOT-14,123.8,9.7183,10.0357,10.1526,10.3996
CMP-000186,Memory IC,Standby Current,µA,LOT-08,128.0,24.3221,24.9428,25.0736,25.6981
CMP-000187,ADC,Leakage Current,µA,LOT-17,125.25,4.9938,5.1716,5.2949,5.4161
CMP-000188,Driver IC,Propagation Delay,ns,LOT-20,124.65,17.579,18.1335,17.8664,18.5612
CMP-000189,Logic IC,Iddq,µA,LOT-10,124.16,9.9227,10.224,10.3559,10.5332
CMP-000190,Memory IC,Standby Current,µA,LOT-05,125.82,24.0235,25.2469,41.166,76.3378
CMP-000191,ADC,Leakage Current,µA,LOT-20,125.65,4.9176,5.0308,5.2202,5.4014
CMP-000192,Driver IC,Propagation Delay,ns,LOT-20,125.99,17.512,24.5267,17.8515,20.9268
CMP-000193,Logic IC,Iddq,µA,LOT-01,125.19,10.1215,22.3482,12.3043,14.1924
CMP-000194,Memory IC,Standby Current,µA,LOT-19,125.99,25.7103,26.4317,26.3335,27.1694
CMP-000195,ADC,Leakage Current,µA,LOT-11,123.85,5.3012,6.5054,11.9987,21.5301
CMP-000196,Driver IC,Propagation Delay,ns,LOT-08,129.29,17.131,17.5674,17.7227,17.8264
CMP-000197,Logic IC,Iddq,µA,LOT-10,124.54,9.9501,10.1131,10.433,10.5748
CMP-000198,Memory IC,Standby Current,µA,LOT-07,125.08,23.5185,24.0367,24.7497,25.1524
CMP-000199,ADC,Leakage Current,µA,LOT-05,126.17,4.6552,12.1679,5.6009,6.4913
CMP-000200,Driver IC,Propagation Delay,ns,LOT-05,126.18,18.2142,18.8918,28.1844,39.3073
CMP-000201,Logic IC,Iddq,µA,LOT-03,127.1,10.1195,11.9513,18.8549,34.7321
CMP-000202,Memory IC,Standby Current,µA,LOT-01,125.09,25.4461,25.7319,25.946,26.6761
CMP-000203,ADC,Leakage Current,µA,LOT-08,124.21,5.0818,5.1191,5.3601,5.4595
CMP-000204,Driver IC,Propagation Delay,ns,LOT-11,126.27,17.9754,18.7453,18.6168,18.6093
CMP-000205,Logic IC,Iddq,µA,LOT-06,124.45,9.4234,10.792,18.7815,39.6039
CMP-000206,Memory IC,Standby Current,µA,LOT-02,126.02,25.283,28.5787,37.822,55.6487
CMP-000207,ADC,Leakage Current,µA,LOT-18,124.08,4.4965,11.1981,5.3971,6.5282
CMP-000208,Driver IC,Propagation Delay,ns,LOT-03,124.44,18.1692,18.3822,18.9213,18.9653
CMP-000209,Logic IC,Iddq,µA,LOT-18,126.09,10.3288,10.2881,10.6235,10.8967
CMP-000210,Memory IC,Standby Current,µA,LOT-07,124.19,25.1873,25.2199,25.5923,26.2997
CMP-000211,ADC,Leakage Current,µA,LOT-08,126.47,4.8723,6.1847,9.4577,18.8029
CMP-000212,Driver IC,Propagation Delay,ns,LOT-02,123.85,17.2381,19.3292,26.7727,42.0014
CMP-000213,Logic IC,Iddq,µA,LOT-16,123.07,9.9455,10.3289,10.4173,10.6354
CMP-000214,Memory IC,Standby Current,µA,LOT-13,122.91,25.2224,28.5754,39.1452,56.0903
CMP-000215,ADC,Leakage Current,µA,LOT-20,121.43,4.9896,5.2356,5.297,5.3186
CMP-000216,Driver IC,Propagation Delay,ns,LOT-19,124.71,17.8235,17.7654,18.2691,18.6674
CMP-000217,Logic IC,Iddq,µA,LOT-20,125.19,10.0924,9.9284,10.3933,10.6843
CMP-000218,Memory IC,Standby Current,µA,LOT-02,125.69,25.5906,25.3948,26.4061,27.3011
CMP-000219,ADC,Leakage Current,µA,LOT-11,126.39,5.0962,6.7631,12.2493,18.6871
CMP-000220,Driver IC,Propagation Delay,ns,LOT-15,124.26,17.9665,18.4032,18.5061,18.9917
CMP-000221,Logic IC,Iddq,µA,LOT-02,124.57,9.9576,12.1686,18.9899,34.0924
CMP-000222,Memory IC,Standby Current,µA,LOT-18,121.67,23.4035,23.8557,24.7076,25.1781
CMP-000223,ADC,Leakage Current,µA,LOT-03,126.25,5.153,14.0451,5.5393,7.0456
CMP-000224,Driver IC,Propagation Delay,ns,LOT-01,123.96,17.7829,17.9716,18.2655,18.2668
CMP-000225,Logic IC,Iddq,µA,LOT-05,126.81,9.6133,10.0811,10.6664,10.7276
CMP-000226,Memory IC,Standby Current,µA,LOT-05,123.68,25.1406,26.0809,25.8366,25.6785
CMP-000227,ADC,Leakage Current,µA,LOT-03,124.87,5.0192,6.7251,11.8147,21.2816
CMP-000228,Driver IC,Propagation Delay,ns,LOT-02,124.93,18.1152,17.9619,18.1621,18.3756
CMP-000229,Logic IC,Iddq,µA,LOT-10,124.33,9.5846,12.0894,20.4845,38.3245
CMP-000230,Memory IC,Standby Current,µA,LOT-09,123.65,24.0748,27.9551,37.2285,64.9997
CMP-000231,ADC,Leakage Current,µA,LOT-15,124.58,4.7982,6.0758,9.0996,15.9842
CMP-000232,Driver IC,Propagation Delay,ns,LOT-09,126.54,18.5461,18.6701,19.1131,19.4308
CMP-000233,Logic IC,Iddq,µA,LOT-20,123.54,9.9699,10.2764,10.7209,11.2037
CMP-000234,Memory IC,Standby Current,µA,LOT-19,125.81,25.1562,25.0417,25.0759,25.47
CMP-000235,ADC,Leakage Current,µA,LOT-15,123.22,4.9613,5.042,5.1198,5.2233
CMP-000236,Driver IC,Propagation Delay,ns,LOT-05,125.88,17.4734,30.2021,18.7977,21.1757
CMP-000237,Logic IC,Iddq,µA,LOT-19,124.85,10.371,10.4698,10.8128,10.9818
CMP-000238,Memory IC,Standby Current,µA,LOT-12,126.64,25.3986,26.5626,26.7722,26.7875
CMP-000239,ADC,Leakage Current,µA,LOT-06,126.38,4.7975,6.3553,11.0161,20.5681
CMP-000240,Driver IC,Propagation Delay,ns,LOT-10,124.12,17.8407,18.313,18.9761,18.8527
CMP-000241,Logic IC,Iddq,µA,LOT-06,124.89,10.3301,10.4857,10.8,10.9925
CMP-000242,Memory IC,Standby Current,µA,LOT-17,123.7,25.144,25.3851,25.5399,25.844
CMP-000243,ADC,Leakage Current,µA,LOT-11,124.53,5.0823,5.4195,5.4616,5.5525
CMP-000244,Driver IC,Propagation Delay,ns,LOT-10,121.85,18.0496,18.2521,18.7831,19.1511
CMP-000245,Logic IC,Iddq,µA,LOT-12,125.66,9.9837,10.158,10.321,10.7445
CMP-000246,Memory IC,Standby Current,µA,LOT-19,123.55,25.6119,25.9215,26.6219,26.9137
CMP-000247,ADC,Leakage Current,µA,LOT-06,125.46,4.7743,6.284,11.7127,23.7086
CMP-000248,Driver IC,Propagation Delay,ns,LOT-06,122.13,18.2187,18.5447,18.8843,18.8045
CMP-000249,Logic IC,Iddq,µA,LOT-12,123.0,10.0668,10.0228,10.4639,10.729
CMP-000250,Memory IC,Standby Current,µA,LOT-17,127.49,25.5929,27.2807,45.3878,82.846
CMP-000251,ADC,Leakage Current,µA,LOT-08,125.14,4.8691,4.9706,5.0437,5.1995
CMP-000252,Driver IC,Propagation Delay,ns,LOT-05,125.88,18.1342,19.513,27.0834,40.3748
CMP-000253,Logic IC,Iddq,µA,LOT-12,122.15,10.6907,11.1451,11.1917,11.5228
CMP-000254,Memory IC,Standby Current,µA,LOT-13,123.95,25.2681,25.4886,25.721,26.1253
CMP-000255,ADC,Leakage Current,µA,LOT-15,124.3,5.2785,5.3991,5.4179,5.7028
CMP-000256,Driver IC,Propagation Delay,ns,LOT-06,126.49,17.9125,19.5718,25.8815,37.1653
CMP-000257,Logic IC,Iddq,µA,LOT-11,124.45,9.9323,11.794,22.2847,43.3821
CMP-000258,Memory IC,Standby Current,µA,LOT-17,126.78,23.8161,25.0214,25.2948,25.7662
CMP-000259,ADC,Leakage Current,µA,LOT-04,124.79,5.2307,5.2742,5.4956,5.7118
CMP-000260,Driver IC,Propagation Delay,ns,LOT-01,124.12,17.6869,18.9945,26.7508,37.8111
CMP-000261,Logic IC,Iddq,µA,LOT-17,124.4,10.0968,12.3925,21.3939,41.2289
CMP-000262,Memory IC,Standby Current,µA,LOT-17,126.74,24.3669,24.8267,24.971,25.0513
CMP-000263,ADC,Leakage Current,µA,LOT-11,125.96,5.3007,5.4188,5.666,5.9378
CMP-000264,Driver IC,Propagation Delay,ns,LOT-06,122.27,17.6923,18.4458,25.558,40.2001
CMP-000265,Logic IC,Iddq,µA,LOT-10,124.3,10.4187,10.8314,11.0522,11.3624
CMP-000266,Memory IC,Standby Current,µA,LOT-06,124.92,24.7599,24.9113,25.3152,26.323
CMP-000267,ADC,Leakage Current,µA,LOT-04,124.61,5.1517,5.3269,5.3484,5.4912
CMP-000268,Driver IC,Propagation Delay,ns,LOT-15,122.13,18.0219,19.2952,24.2832,33.2106
CMP-000269,Logic IC,Iddq,µA,LOT-11,126.17,10.0721,10.4258,10.5782,10.7978
CMP-000270,Memory IC,Standby Current,µA,LOT-01,127.89,25.248,47.0101,28.7113,30.3435
CMP-000271,ADC,Leakage Current,µA,LOT-03,126.79,5.2636,5.4255,5.4936,5.6812
CMP-000272,Driver IC,Propagation Delay,ns,LOT-08,126.18,17.952,18.0211,18.0216,18.7463
CMP-000273,Logic IC,Iddq,µA,LOT-12,123.67,10.4988,12.4611,20.8637,36.9252
CMP-000274,Memory IC,Standby Current,µA,LOT-01,125.86,25.3362,27.9994,40.6058,62.5613
CMP-000275,ADC,Leakage Current,µA,LOT-03,125.46,5.0253,5.2376,5.4375,5.6288
CMP-000276,Driver IC,Propagation Delay,ns,LOT-17,123.77,17.7962,17.9275,18.5132,18.5055
CMP-000277,Logic IC,Iddq,µA,LOT-19,122.89,10.3821,10.8358,10.9223,11.01
CMP-000278,Memory IC,Standby Current,µA,LOT-11,127.83,25.9427,30.3491,43.3228,63.0489
CMP-000279,ADC,Leakage Current,µA,LOT-10,123.09,4.7589,4.8503,4.888,5.1342
CMP-000280,Driver IC,Propagation Delay,ns,LOT-02,126.77,17.1845,30.376,18.7739,19.7494
CMP-000281,Logic IC,Iddq,µA,LOT-11,124.56,10.5365,12.43,23.4894,44.4714
CMP-000282,Memory IC,Standby Current,µA,LOT-03,124.51,25.6631,25.6043,25.7244,26.4328
CMP-000283,ADC,Leakage Current,µA,LOT-01,123.9,5.0224,5.8,10.3085,25.2524
CMP-000284,Driver IC,Propagation Delay,ns,LOT-13,124.12,17.9694,18.0905,18.8362,18.5514
CMP-000285,Logic IC,Iddq,µA,LOT-10,123.02,9.9356,11.1716,21.3937,35.7168
CMP-000286,Memory IC,Standby Current,µA,LOT-02,128.59,26.2026,27.9076,41.7092,65.7535
CMP-000287,ADC,Leakage Current,µA,LOT-02,124.6,5.0732,5.8277,11.9512,23.8792
CMP-000288,Driver IC,Propagation Delay,ns,LOT-17,126.48,17.9731,18.3444,25.7592,41.7156
CMP-000289,Logic IC,Iddq,µA,LOT-19,125.02,10.0124,10.2895,10.4878,10.4843
CMP-000290,Memory IC,Standby Current,µA,LOT-01,125.73,25.2213,25.9769,26.0155,26.1041
CMP-000291,ADC,Leakage Current,µA,LOT-16,125.73,4.9067,4.9903,5.1885,5.4534
CMP-000292,Driver IC,Propagation Delay,ns,LOT-14,124.34,18.2576,31.2898,19.0483,19.1447
CMP-000293,Logic IC,Iddq,µA,LOT-02,125.65,9.8134,10.0709,10.4763,10.8501
CMP-000294,Memory IC,Standby Current,µA,LOT-16,122.41,24.129,24.6793,25.0426,25.3899
CMP-000295,ADC,Leakage Current,µA,LOT-10,125.23,4.6988,13.4082,5.7611,7.2701
CMP-000296,Driver IC,Propagation Delay,ns,LOT-07,128.02,18.7019,21.1338,27.6374,35.9802
CMP-000297,Logic IC,Iddq,µA,LOT-13,123.78,10.1245,10.3456,10.7483,10.9975
CMP-000298,Memory IC,Standby Current,µA,LOT-19,123.13,25.2361,29.1149,40.2981,65.0279
CMP-000299,ADC,Leakage Current,µA,LOT-07,126.0,4.8908,6.1364,9.2648,15.6304
CMP-000300,Driver IC,Propagation Delay,ns,LOT-19,124.72,18.4376,20.415,25.9758,34.165
CMP-000301,Logic IC,Iddq,µA,LOT-01,125.41,10.4412,10.594,11.2429,11.1728
CMP-000302,Memory IC,Standby Current,µA,LOT-16,124.92,23.9442,24.6582,24.8427,25.3992
CMP-000303,ADC,Leakage Current,µA,LOT-16,126.03,4.568,6.3117,11.9181,20.7745
CMP-000304,Driver IC,Propagation Delay,ns,LOT-06,122.75,17.6468,18.6248,26.4975,36.9927
CMP-000305,Logic IC,Iddq,µA,LOT-17,125.13,9.5917,9.8449,10.2044,10.4068
CMP-000306,Memory IC,Standby Current,µA,LOT-07,124.54,24.8574,25.3726,26.006,25.9698
CMP-000307,ADC,Leakage Current,µA,LOT-17,123.46,5.1257,5.3811,5.4931,5.5955
CMP-000308,Driver IC,Propagation Delay,ns,LOT-13,122.23,18.036,18.3763,18.1616,18.4787
CMP-000309,Logic IC,Iddq,µA,LOT-10,124.27,9.6475,22.411,11.4003,12.661
CMP-000310,Memory IC,Standby Current,µA,LOT-12,125.73,25.5059,25.7795,26.305,26.2141
CMP-000311,ADC,Leakage Current,µA,LOT-12,125.51,5.2826,5.4222,5.5949,5.7743
CMP-000312,Driver IC,Propagation Delay,ns,LOT-05,125.59,18.1051,19.1555,26.4135,43.1595
CMP-000313,Logic IC,Iddq,µA,LOT-18,126.44,9.4917,9.4661,9.5254,9.9141
CMP-000314,Memory IC,Standby Current,µA,LOT-01,122.96,24.6371,27.9144,38.3664,65.73
CMP-000315,ADC,Leakage Current,µA,LOT-11,124.91,5.3776,5.4453,5.6051,5.8953
CMP-000316,Driver IC,Propagation Delay,ns,LOT-01,126.06,18.3856,20.2578,26.5108,42.2404
CMP-000317,Logic IC,Iddq,µA,LOT-05,126.7,9.5852,11.2561,16.8195,33.6791
CMP-000318,Memory IC,Standby Current,µA,LOT-20,123.99,24.8059,27.4139,40.0458,70.0799
CMP-000319,ADC,Leakage Current,µA,LOT-11,122.56,5.2901,5.3037,5.5587,5.823
CMP-000320,Driver IC,Propagation Delay,ns,LOT-02,123.62,17.7191,18.0059,17.814,18.4438
CMP-000321,Logic IC,Iddq,µA,LOT-04,124.92,9.9815,9.8582,10.2574,10.395
CMP-000322,Memory IC,Standby Current,µA,LOT-12,124.62,25.305,27.9965,45.2274,76.1834
CMP-000323,ADC,Leakage Current,µA,LOT-06,125.49,4.7179,4.9454,5.0378,5.1347
CMP-000324,Driver IC,Propagation Delay,ns,LOT-19,122.41,18.0794,17.9532,18.1956,18.1493
CMP-000325,Logic IC,Iddq,µA,LOT-09,123.93,10.168,12.823,21.8957,37.4716
CMP-000326,Memory IC,Standby Current,µA,LOT-19,125.19,24.1058,28.6648,42.2067,70.6024
CMP-000327,ADC,Leakage Current,µA,LOT-08,123.53,4.9453,6.3587,11.7352,21.7054
CMP-000328,Driver IC,Propagation Delay,ns,LOT-01,125.16,18.641,29.4449,19.6563,21.4797
CMP-000329,Logic IC,Iddq,µA,LOT-12,126.66,10.1168,10.3889,10.4451,11.0132
CMP-000330,Memory IC,Standby Current,µA,LOT-08,127.19,25.8482,28.4916,39.8624,65.5417
CMP-000331,ADC,Leakage Current,µA,LOT-03,128.1,4.9892,5.0881,5.1999,5.4937
CMP-000332,Driver IC,Propagation Delay,ns,LOT-07,125.92,18.2491,18.2051,18.6428,18.938
CMP-000333,Logic IC,Iddq,µA,LOT-07,126.1,10.12,10.4195,10.7463,11.0292
CMP-000334,Memory IC,Standby Current,µA,LOT-17,126.51,25.7313,26.6863,26.8769,26.889
CMP-000335,ADC,Leakage Current,µA,LOT-20,125.67,5.1642,6.2574,11.3267,24.834
CMP-000336,Driver IC,Propagation Delay,ns,LOT-08,124.91,17.8221,17.9602,17.9793,18.2469
CMP-000337,Logic IC,Iddq,µA,LOT-06,122.69,9.9643,10.1105,10.5089,10.5648
CMP-000338,Memory IC,Standby Current,µA,LOT-05,126.29,25.0399,25.466,25.7225,26.0759
CMP-000339,ADC,Leakage Current,µA,LOT-05,125.85,4.6859,6.2414,9.3706,20.3054
CMP-000340,Driver IC,Propagation Delay,ns,LOT-03,123.76,18.2829,19.2188,28.0522,41.377
CMP-000341,Logic IC,Iddq,µA,LOT-19,126.09,10.2357,10.4216,10.9338,11.1616
CMP-000342,Memory IC,Standby Current,µA,LOT-05,125.97,24.9655,26.082,25.7324,26.4291
CMP-000343,ADC,Leakage Current,µA,LOT-01,127.02,5.103,5.8362,10.6222,18.4623
CMP-000344,Driver IC,Propagation Delay,ns,LOT-07,128.63,18.7338,18.3805,19.2616,19.3399
CMP-000345,Logic IC,Iddq,µA,LOT-05,124.13,9.8875,9.912,10.1024,10.3679
CMP-000346,Memory IC,Standby Current,µA,LOT-16,123.67,25.0039,25.3081,26.2373,26.7714
CMP-000347,ADC,Leakage Current,µA,LOT-09,124.81,5.2444,5.3285,5.3288,5.4541
CMP-000348,Driver IC,Propagation Delay,ns,LOT-17,124.03,18.666,20.5028,28.1239,44.1736
CMP-000349,Logic IC,Iddq,µA,LOT-20,125.93,10.1108,10.4842,10.7149,11.1721
CMP-000350,Memory IC,Standby Current,µA,LOT-16,124.75,24.1865,24.8256,25.3134,25.5688
CMP-000351,ADC,Leakage Current,µA,LOT-05,127.96,4.3233,4.3876,4.6213,4.7168
CMP-000352,Driver IC,Propagation Delay,ns,LOT-04,125.4,18.2519,30.6807,19.6613,21.0049
CMP-000353,Logic IC,Iddq,µA,LOT-14,123.95,10.5408,23.2002,12.8237,16.4402
CMP-000354,Memory IC,Standby Current,µA,LOT-02,124.73,25.171,25.7042,25.88,26.2981
CMP-000355,ADC,Leakage Current,µA,LOT-06,125.67,4.6426,4.8275,4.9911,5.0969
CMP-000356,Driver IC,Propagation Delay,ns,LOT-05,125.95,18.292,18.9012,18.5335,18.763
CMP-000357,Logic IC,Iddq,µA,LOT-03,123.99,9.8568,11.9976,18.8542,37.8927
CMP-000358,Memory IC,Standby Current,µA,LOT-11,123.91,24.2992,25.1089,25.2296,25.4756
CMP-000359,ADC,Leakage Current,µA,LOT-02,125.6,4.7847,5.9111,9.7297,18.3327
CMP-000360,Driver IC,Propagation Delay,ns,LOT-13,126.39,18.4604,19.7897,25.297,39.6241
CMP-000361,Logic IC,Iddq,µA,LOT-12,122.17,10.4094,10.7408,10.5164,10.7747
CMP-000362,Memory IC,Standby Current,µA,LOT-07,124.26,25.2278,43.3743,28.0999,33.283
CMP-000363,ADC,Leakage Current,µA,LOT-02,124.52,4.9662,4.8995,5.1261,5.3406
CMP-000364,Driver IC,Propagation Delay,ns,LOT-17,125.4,18.2414,18.0809,18.3647,18.5919
CMP-000365,Logic IC,Iddq,µA,LOT-14,126.85,10.1244,10.4815,10.6498,10.8714
CMP-000366,Memory IC,Standby Current,µA,LOT-17,128.22,24.5802,27.6987,39.5967,70.7536
CMP-000367,ADC,Leakage Current,µA,LOT-14,125.44,5.0133,5.4027,5.4632,5.4065
CMP-000368,Driver IC,Propagation Delay,ns,LOT-11,122.97,18.2007,18.5898,18.7192,18.936
CMP-000369,Logic IC,Iddq,µA,LOT-07,127.46,10.3739,12.6263,22.5969,42.0104
CMP-000370,Memory IC,Standby Current,µA,LOT-20,123.18,24.555,24.3792,25.2266,25.2772
CMP-000371,ADC,Leakage Current,µA,LOT-15,123.87,5.1286,5.2577,5.331,5.4491
CMP-000372,Driver IC,Propagation Delay,ns,LOT-04,125.94,17.1424,17.3957,17.5554,17.8842
CMP-000373,Logic IC,Iddq,µA,LOT-01,128.67,9.8535,10.2489,10.5143,10.3833
CMP-000374,Memory IC,Standby Current,µA,LOT-05,124.63,24.0442,24.3827,24.5384,24.7813
CMP-000375,ADC,Leakage Current,µA,LOT-06,126.19,4.6914,4.8526,4.9082,5.054
CMP-000376,Driver IC,Propagation Delay,ns,LOT-11,126.8,18.3556,20.5649,26.5106,37.6336
CMP-000377,Logic IC,Iddq,µA,LOT-17,122.04,10.3009,11.7463,18.8075,42.9092
CMP-000378,Memory IC,Standby Current,µA,LOT-17,126.47,24.395,44.9515,26.1983,31.3568
CMP-000379,ADC,Leakage Current,µA,LOT-09,124.07,4.8588,6.3574,9.5989,20.3805
CMP-000380,Driver IC,Propagation Delay,ns,LOT-17,126.12,18.1338,19.3597,23.5782,34.8645
CMP-000381,Logic IC,Iddq,µA,LOT-04,123.64,10.227,12.6703,22.1545,37.7214
CMP-000382,Memory IC,Standby Current,µA,LOT-08,123.12,25.3694,26.8072,39.6082,71.4271
CMP-000383,ADC,Leakage Current,µA,LOT-12,125.54,5.0385,5.1876,5.4553,5.6685
CMP-000384,Driver IC,Propagation Delay,ns,LOT-14,125.29,17.9365,18.1478,18.3109,18.6343
CMP-000385,Logic IC,Iddq,µA,LOT-12,124.31,10.2212,23.1167,11.6614,14.6874
CMP-000386,Memory IC,Standby Current,µA,LOT-18,124.77,24.6844,25.0761,25.1749,25.5363
CMP-000387,ADC,Leakage Current,µA,LOT-02,125.6,4.9681,5.0821,5.256,5.3919
CMP-000388,Driver IC,Propagation Delay,ns,LOT-08,124.02,17.8861,18.1773,18.3865,18.233
CMP-000389,Logic IC,Iddq,µA,LOT-15,127.12,10.0058,10.158,10.3244,10.5084
CMP-000390,Memory IC,Standby Current,µA,LOT-01,124.44,25.0538,29.5206,38.8445,66.4232
CMP-000391,ADC,Leakage Current,µA,LOT-19,125.83,5.083,5.1071,5.3257,5.4987
CMP-000392,Driver IC,Propagation Delay,ns,LOT-03,124.47,18.1009,18.0985,18.2235,18.5128
CMP-000393,Logic IC,Iddq,µA,LOT-11,124.09,10.237,12.4201,18.1297,33.6265
CMP-000394,Memory IC,Standby Current,µA,LOT-09,124.87,24.929,25.9725,25.8808,26.5319
CMP-000395,ADC,Leakage Current,µA,LOT-09,127.07,4.8317,5.1664,5.1101,5.2439
CMP-000396,Driver IC,Propagation Delay,ns,LOT-06,125.14,18.2351,18.9135,18.9079,18.7641
CMP-000397,Logic IC,Iddq,µA,LOT-06,127.01,9.4722,9.9929,10.1025,10.3435
CMP-000398,Memory IC,Standby Current,µA,LOT-03,123.46,25.4558,27.5444,41.5662,77.7941
CMP-000399,ADC,Leakage Current,µA,LOT-02,121.85,4.7847,5.0766,5.1741,5.3483
CMP-000400,Driver IC,Propagation Delay,ns,LOT-05,123.91,17.872,31.5455,19.3642,19.6067
CMP-000401,Logic IC,Iddq,µA,LOT-09,125.48,9.79,12.2521,19.4531,36.6173
CMP-000402,Memory IC,Standby Current,µA,LOT-09,124.48,25.4066,25.8147,26.6384,27.0726
CMP-000403,ADC,Leakage Current,µA,LOT-17,127.43,5.2949,5.5324,5.853,6.0232
CMP-000404,Driver IC,Propagation Delay,ns,LOT-16,126.74,17.7767,31.1838,18.1049,19.7412
CMP-000405,Logic IC,Iddq,µA,LOT-16,123.73,9.9856,10.1681,10.3808,10.5376
CMP-000406,Memory IC,Standby Current,µA,LOT-11,124.35,26.1629,30.0005,44.2726,75.6098
CMP-000407,ADC,Leakage Current,µA,LOT-16,124.3,4.833,12.2406,5.9349,6.4554
CMP-000408,Driver IC,Propagation Delay,ns,LOT-11,125.59,17.8027,19.6934,24.4498,39.5176
CMP-000409,Logic IC,Iddq,µA,LOT-05,124.3,8.914,18.0057,10.9524,13.2671
CMP-000410,Memory IC,Standby Current,µA,LOT-10,126.92,23.8839,24.8563,24.8708,25.1729
CMP-000411,ADC,Leakage Current,µA,LOT-16,125.02,4.7357,14.3577,5.2313,6.2417
CMP-000412,Driver IC,Propagation Delay,ns,LOT-10,124.96,17.6776,18.5827,18.1582,18.4659
CMP-000413,Logic IC,Iddq,µA,LOT-11,124.34,10.0242,10.7339,10.7161,11.2935
CMP-000414,Memory IC,Standby Current,µA,LOT-04,123.72,25.6347,25.5962,26.7425,26.8374
CMP-000415,ADC,Leakage Current,µA,LOT-10,123.66,4.7359,4.7225,4.9525,5.0561
CMP-000416,Driver IC,Propagation Delay,ns,LOT-10,126.27,17.4799,18.4923,25.0047,44.6588
CMP-000417,Logic IC,Iddq,µA,LOT-20,124.73,10.1718,24.0949,10.9945,13.0137
CMP-000418,Memory IC,Standby Current,µA,LOT-20,124.8,23.9633,24.336,24.2718,25.2819
CMP-000419,ADC,Leakage Current,µA,LOT-16,122.56,4.7342,5.2719,10.0281,20.2777
CMP-000420,Driver IC,Propagation Delay,ns,LOT-11,123.48,18.0775,18.5952,18.4952,18.9088
CMP-000421,Logic IC,Iddq,µA,LOT-16,122.45,9.815,10.7659,18.8234,36.9216
CMP-000422,Memory IC,Standby Current,µA,LOT-12,127.04,25.1352,27.7239,43.741,78.0838
CMP-000423,ADC,Leakage Current,µA,LOT-13,124.92,5.08,5.0903,5.2047,5.4364
CMP-000424,Driver IC,Propagation Delay,ns,LOT-07,125.5,17.4842,17.3272,17.7869,17.8448
CMP-000425,Logic IC,Iddq,µA,LOT-10,124.63,10.0738,12.3561,17.5133,34.5204
CMP-000426,Memory IC,Standby Current,µA,LOT-14,124.92,25.4679,27.8176,40.171,66.0795
CMP-000427,ADC,Leakage Current,µA,LOT-09,127.68,5.0543,5.8322,9.929,22.4946
CMP-000428,Driver IC,Propagation Delay,ns,LOT-17,125.65,18.4676,18.1853,18.6579,18.6772
CMP-000429,Logic IC,Iddq,µA,LOT-03,123.55,9.7106,10.2264,10.2827,10.3928
CMP-000430,Memory IC,Standby Current,µA,LOT-20,126.2,25.2754,25.6005,26.6135,26.8968
CMP-000431,ADC,Leakage Current,µA,LOT-12,125.14,5.3309,5.4535,5.6825,5.8976
CMP-000432,Driver IC,Propagation Delay,ns,LOT-03,126.56,17.9675,18.4708,18.5597,18.661
CMP-000433,Logic IC,Iddq,µA,LOT-20,125.55,9.6817,9.887,10.0878,10.0366
CMP-000434,Memory IC,Standby Current,µA,LOT-05,125.03,24.1594,25.3777,39.9827,76.9811
CMP-000435,ADC,Leakage Current,µA,LOT-06,127.44,4.7331,4.9931,5.1013,5.3433
CMP-000436,Driver IC,Propagation Delay,ns,LOT-14,125.18,18.2153,19.4495,24.2954,32.6745
CMP-000437,Logic IC,Iddq,µA,LOT-06,123.65,9.9654,11.9477,20.5175,39.1767
CMP-000438,Memory IC,Standby Current,µA,LOT-10,125.76,24.6374,26.9799,40.5752,67.7247
CMP-000439,ADC,Leakage Current,µA,LOT-09,124.46,5.1482,6.5227,10.0991,18.1989
CMP-000440,Driver IC,Propagation Delay,ns,LOT-04,123.41,18.1595,18.7938,18.4761,18.6017
CMP-000441,Logic IC,Iddq,µA,LOT-09,123.5,10.407,10.9074,11.2901,11.5468
CMP-000442,Memory IC,Standby Current,µA,LOT-19,126.18,24.9729,25.4448,25.6287,26.1606
CMP-000443,ADC,Leakage Current,µA,LOT-01,124.29,4.6298,11.5792,6.0748,6.4656
CMP-000444,Driver IC,Propagation Delay,ns,LOT-08,125.26,17.9897,18.0164,18.2566,18.485
CMP-000445,Logic IC,Iddq,µA,LOT-01,123.58,10.0086,10.4406,10.4945,10.8363
CMP-000446,Memory IC,Standby Current,µA,LOT-09,123.82,25.536,28.1319,39.5317,73.4882
CMP-000447,ADC,Leakage Current,µA,LOT-11,123.36,5.2628,5.4961,5.6482,5.7351
CMP-000448,Driver IC,Propagation Delay,ns,LOT-07,124.11,17.2959,17.6818,17.9863,18.2668
CMP-000449,Logic IC,Iddq,µA,LOT-01,126.19,10.4057,10.5973,10.6729,10.8667
CMP-000450,Memory IC,Standby Current,µA,LOT-01,125.64,24.5137,25.3825,25.7485,25.7225
CMP-000451,ADC,Leakage Current,µA,LOT-18,123.64,4.886,4.9632,5.059,5.2887
CMP-000452,Driver IC,Propagation Delay,ns,LOT-02,124.56,17.6607,17.8803,18.2204,18.3779
CMP-000453,Logic IC,Iddq,µA,LOT-14,124.84,10.2343,10.276,10.5277,10.729
CMP-000454,Memory IC,Standby Current,µA,LOT-13,125.76,25.4892,28.6507,41.7492,67.2128
CMP-000455,ADC,Leakage Current,µA,LOT-07,127.41,5.512,5.5858,5.9241,5.9458
CMP-000456,Driver IC,Propagation Delay,ns,LOT-08,125.98,16.6563,17.048,17.3154,17.3918
CMP-000457,Logic IC,Iddq,µA,LOT-15,125.1,10.0767,10.052,9.9588,10.073
CMP-000458,Memory IC,Standby Current,µA,LOT-10,126.71,25.0832,25.3653,25.928,26.5768
CMP-000459,ADC,Leakage Current,µA,LOT-12,123.01,5.2982,5.559,5.6532,5.7929
CMP-000460,Driver IC,Propagation Delay,ns,LOT-18,121.46,17.5471,18.0402,18.194,18.8158
CMP-000461,Logic IC,Iddq,µA,LOT-19,124.32,10.2288,12.6468,21.1915,33.4982
CMP-000462,Memory IC,Standby Current,µA,LOT-11,121.98,24.4143,26.0461,43.0625,66.3342
CMP-000463,ADC,Leakage Current,µA,LOT-07,125.95,5.1454,5.3721,5.3275,5.5394
CMP-000464,Driver IC,Propagation Delay,ns,LOT-01,124.03,18.656,18.8322,18.9873,18.8198
CMP-000465,Logic IC,Iddq,µA,LOT-13,128.23,9.656,17.2398,11.8963,14.742
CMP-000466,Memory IC,Standby Current,µA,LOT-13,125.78,25.3216,25.6569,26.1645,26.4013
CMP-000467,ADC,Leakage Current,µA,LOT-14,126.77,5.4188,5.597,5.7118,5.8424
CMP-000468,Driver IC,Propagation Delay,ns,LOT-14,124.33,18.7618,19.1762,19.219,19.3355
CMP-000469,Logic IC,Iddq,µA,LOT-15,123.84,10.0845,10.2692,10.368,10.6899
CMP-000470,Memory IC,Standby Current,µA,LOT-12,124.49,24.9382,26.096,26.5408,26.5358
CMP-000471,ADC,Leakage Current,µA,LOT-13,123.63,5.1371,5.4259,5.5043,5.7567
CMP-000472,Driver IC,Propagation Delay,ns,LOT-20,124.22,17.9413,18.034,17.9995,18.1214
CMP-000473,Logic IC,Iddq,µA,LOT-08,124.88,10.2274,10.0927,10.7203,10.9964
CMP-000474,Memory IC,Standby Current,µA,LOT-06,125.38,24.3079,24.4688,24.9674,25.5491
CMP-000475,ADC,Leakage Current,µA,LOT-01,120.89,4.8762,5.0301,5.0584,5.2791
CMP-000476,Driver IC,Propagation Delay,ns,LOT-16,127.85,17.9558,19.5586,24.4541,34.3312
CMP-000477,Logic IC,Iddq,µA,LOT-16,125.64,9.692,9.945,10.2264,10.5407
CMP-000478,Memory IC,Standby Current,µA,LOT-16,125.35,24.2802,28.0085,37.8363,68.0011
CMP-000479,ADC,Leakage Current,µA,LOT-07,124.37,5.3233,5.3367,5.5586,5.5673
CMP-000480,Driver IC,Propagation Delay,ns,LOT-10,121.06,17.0836,19.1086,25.4332,42.0927
CMP-000481,Logic IC,Iddq,µA,LOT-08,126.07,10.1908,12.0589,22.1372,41.3099
CMP-000482,Memory IC,Standby Current,µA,LOT-01,126.36,24.098,28.1524,41.3851,70.3423
CMP-000483,ADC,Leakage Current,µA,LOT-13,124.42,5.0507,5.1154,5.3052,5.3963
CMP-000484,Driver IC,Propagation Delay,ns,LOT-01,126.34,18.1953,20.5705,24.6613,38.3367
CMP-000485,Logic IC,Iddq,µA,LOT-15,126.27,10.2075,10.3649,10.6237,10.8784
CMP-000486,Memory IC,Standby Current,µA,LOT-16,122.85,24.014,25.0242,25.5911,25.8728
CMP-000487,ADC,Leakage Current,µA,LOT-02,123.47,5.1318,6.1333,10.531,19.2724
CMP-000488,Driver IC,Propagation Delay,ns,LOT-03,125.91,18.1413,27.5347,19.6435,21.7127
CMP-000489,Logic IC,Iddq,µA,LOT-06,125.26,9.5138,9.8298,9.9553,10.2835
CMP-000490,Memory IC,Standby Current,µA,LOT-03,123.6,25.1454,25.6017,26.1898,26.4105
CMP-000491,ADC,Leakage Current,µA,LOT-07,120.7,5.1016,5.664,10.524,24.5868
CMP-000492,Driver IC,Propagation Delay,ns,LOT-12,124.88,17.4795,18.8763,26.9644,43.9639
CMP-000493,Logic IC,Iddq,µA,LOT-20,127.42,9.7882,10.1325,10.5144,10.8245
CMP-000494,Memory IC,Standby Current,µA,LOT-20,124.35,25.8896,28.8893,40.5088,66.0271
CMP-000495,ADC,Leakage Current,µA,LOT-11,129.49,5.1638,6.2351,10.0208,18.6327
CMP-000496,Driver IC,Propagation Delay,ns,LOT-07,125.86,18.0165,26.7459,18.7285,20.8634
CMP-000497,Logic IC,Iddq,µA,LOT-19,122.52,9.9026,10.0384,10.3304,10.5286
CMP-000498,Memory IC,Standby Current,µA,LOT-13,125.81,24.9572,26.7667,37.2702,73.927
CMP-000499,ADC,Leakage Current,µA,LOT-16,125.58,4.8717,5.0819,5.0975,5.3179
CMP-000500,Driver IC,Propagation Delay,ns,LOT-15,124.64,18.8763,19.7492,25.1675,44.4506
CMP-000501,Logic IC,Iddq,µA,LOT-01,129.86,10.3147,10.8142,11.1219,11.2714
CMP-000502,Memory IC,Standby Current,µA,LOT-17,125.73,25.5996,28.5499,38.3503,66.8247
CMP-000503,ADC,Leakage Current,µA,LOT-05,121.99,4.645,11.668,5.4151,6.2664
CMP-000504,Driver IC,Propagation Delay,ns,LOT-12,124.29,17.4839,17.4131,18.0829,18.0698
CMP-000505,Logic IC,Iddq,µA,LOT-03,126.39,9.9475,10.5595,10.621,10.9272
CMP-000506,Memory IC,Standby Current,µA,LOT-16,125.93,24.6997,25.205,25.5761,25.9342
CMP-000507,ADC,Leakage Current,µA,LOT-17,126.07,5.0182,6.6727,10.3405,21.9885
CMP-000508,Driver IC,Propagation Delay,ns,LOT-14,125.38,18.5997,31.3747,20.026,21.8973
CMP-000509,Logic IC,Iddq,µA,LOT-18,125.58,10.0494,10.1194,10.5804,10.9877
CMP-000510,Memory IC,Standby Current,µA,LOT-04,125.28,25.3252,26.659,41.7115,64.3082
CMP-000511,ADC,Leakage Current,µA,LOT-19,125.44,5.2161,5.2732,5.4769,5.6074
CMP-000512,Driver IC,Propagation Delay,ns,LOT-14,125.21,18.5344,18.4066,19.0137,18.9053
CMP-000513,Logic IC,Iddq,µA,LOT-19,124.9,10.3619,10.5258,10.7893,11.2466
CMP-000514,Memory IC,Standby Current,µA,LOT-20,124.0,25.2821,25.9881,26.4313,27.1615
CMP-000515,ADC,Leakage Current,µA,LOT-13,124.04,4.8208,4.9627,4.9868,5.311
CMP-000516,Driver IC,Propagation Delay,ns,LOT-12,123.01,17.7449,18.2366,18.2519,18.8197
CMP-000517,Logic IC,Iddq,µA,LOT-01,126.39,10.4823,13.3132,21.3227,38.2556
CMP-000518,Memory IC,Standby Current,µA,LOT-12,124.94,24.5801,27.9295,38.9072,64.7011
CMP-000519,ADC,Leakage Current,µA,LOT-06,123.59,4.5914,4.7133,4.81,4.8954
CMP-000520,Driver IC,Propagation Delay,ns,LOT-04,126.74,18.7187,18.6594,18.6806,18.7543
CMP-000521,Logic IC,Iddq,µA,LOT-15,125.86,9.9246,12.1253,20.1231,34.3017
CMP-000522,Memory IC,Standby Current,µA,LOT-15,125.73,25.2548,46.1406,27.2238,31.0266
CMP-000523,ADC,Leakage Current,µA,LOT-09,123.68,5.0708,6.5483,9.7174,20.0532
CMP-000524,Driver IC,Propagation Delay,ns,LOT-12,127.86,18.4315,18.7122,26.3235,39.3789
CMP-000525,Logic IC,Iddq,µA,LOT-07,125.88,9.8886,10.3167,10.5346,10.8241
CMP-000526,Memory IC,Standby Current,µA,LOT-15,123.16,24.6239,24.6653,25.3517,25.8604
CMP-000527,ADC,Leakage Current,µA,LOT-06,126.22,4.7125,4.8893,5.027,5.1512
CMP-000528,Driver IC,Propagation Delay,ns,LOT-04,124.66,18.3622,18.5981,18.7828,18.7478
CMP-000529,Logic IC,Iddq,µA,LOT-20,123.18,9.3239,9.693,10.1392,10.4461
CMP-000530,Memory IC,Standby Current,µA,LOT-13,123.49,25.3454,25.9634,26.4272,26.9266
CMP-000531,ADC,Leakage Current,µA,LOT-02,127.44,4.6687,5.272,12.4387,26.2242
CMP-000532,Driver IC,Propagation Delay,ns,LOT-03,126.3,18.3039,18.2614,18.4402,18.5244
CMP-000533,Logic IC,Iddq,µA,LOT-20,125.74,10.2628,10.5702,10.866,10.9683
CMP-000534,Memory IC,Standby Current,µA,LOT-14,125.26,24.8084,26.5277,45.4603,71.6833
CMP-000535,ADC,Leakage Current,µA,LOT-16,125.95,5.0706,6.8094,10.9582,21.2878
CMP-000536,Driver IC,Propagation Delay,ns,LOT-04,123.98,18.5368,18.8391,19.118,19.3725
CMP-000537,Logic IC,Iddq,µA,LOT-07,122.47,9.6309,10.3485,10.8313,10.7223
CMP-000538,Memory IC,Standby Current,µA,LOT-13,126.41,26.0695,30.3687,40.3681,64.5436
CMP-000539,ADC,Leakage Current,µA,LOT-08,126.69,4.9602,12.3328,6.3996,7.0827
CMP-000540,Driver IC,Propagation Delay,ns,LOT-15,124.18,18.4057,19.1679,24.7775,42.4719
CMP-000541,Logic IC,Iddq,µA,LOT-12,124.86,10.2806,12.5169,20.1569,37.3893
CMP-000542,Memory IC,Standby Current,µA,LOT-08,124.24,24.9954,24.8227,25.8777,25.7463
CMP-000543,ADC,Leakage Current,µA,LOT-11,127.3,5.1179,6.2387,9.7181,19.9243
CMP-000544,Driver IC,Propagation Delay,ns,LOT-14,125.37,18.4375,18.8728,18.9291,18.8929
CMP-000545,Logic IC,Iddq,µA,LOT-19,125.65,9.9119,13.1054,23.0359,34.8133
CMP-000546,Memory IC,Standby Current,µA,LOT-07,124.31,25.1034,25.4541,26.7081,26.3751
CMP-000547,ADC,Leakage Current,µA,LOT-06,126.72,4.5444,6.1285,11.2582,17.9597
CMP-000548,Driver IC,Propagation Delay,ns,LOT-13,122.33,18.3003,18.5925,18.8219,19.1644
CMP-000549,Logic IC,Iddq,µA,LOT-15,124.81,9.8299,9.9174,10.3038,10.546
CMP-000550,Memory IC,Standby Current,µA,LOT-20,119.89,25.3757,27.691,43.1022,64.1705
CMP-000551,ADC,Leakage Current,µA,LOT-17,126.81,5.1864,6.2371,9.628,21.3977
CMP-000552,Driver IC,Propagation Delay,ns,LOT-10,124.58,18.3433,20.1471,26.3853,40.777
CMP-000553,Logic IC,Iddq,µA,LOT-10,125.04,10.213,11.2117,23.4543,38.9517
CMP-000554,Memory IC,Standby Current,µA,LOT-04,122.91,25.2975,29.2117,42.1724,60.4313
CMP-000555,ADC,Leakage Current,µA,LOT-11,125.86,5.4746,6.7552,11.1677,17.4359
CMP-000556,Driver IC,Propagation Delay,ns,LOT-14,125.22,18.2468,18.715,18.2551,18.4639
CMP-000557,Logic IC,Iddq,µA,LOT-07,123.78,10.0001,10.3089,10.2455,10.6617
CMP-000558,Memory IC,Standby Current,µA,LOT-13,125.72,25.2331,25.6166,25.9683,26.7632
CMP-000559,ADC,Leakage Current,µA,LOT-20,123.74,5.1451,6.8714,11.5813,19.8393
CMP-000560,Driver IC,Propagation Delay,ns,LOT-10,124.3,17.3645,17.8791,17.8861,18.2418
CMP-000561,Logic IC,Iddq,µA,LOT-08,125.03,10.4804,10.8219,11.1561,11.3594
CMP-000562,Memory IC,Standby Current,µA,LOT-16,124.91,25.1338,25.3777,25.7162,26.4299
CMP-000563,ADC,Leakage Current,µA,LOT-01,125.04,5.3839,15.3591,6.0049,6.7138
CMP-000564,Driver IC,Propagation Delay,ns,LOT-10,127.58,17.8918,18.1905,18.44,18.327
CMP-000565,Logic IC,Iddq,µA,LOT-08,125.47,9.8692,12.7046,21.0731,35.2039
CMP-000566,Memory IC,Standby Current,µA,LOT-01,123.56,24.5008,24.9737,25.2004,25.7928
CMP-000567,ADC,Leakage Current,µA,LOT-15,123.32,4.7665,4.9739,5.2411,5.256
CMP-000568,Driver IC,Propagation Delay,ns,LOT-13,126.27,18.0825,18.7695,18.5797,19.4178
CMP-000569,Logic IC,Iddq,µA,LOT-01,126.17,9.9518,13.0215,22.0295,36.5251
CMP-000570,Memory IC,Standby Current,µA,LOT-13,124.87,25.6691,25.9896,26.6416,27.4501
CMP-000571,ADC,Leakage Current,µA,LOT-10,124.17,4.7603,4.8801,4.8389,5.2129
CMP-000572,Driver IC,Propagation Delay,ns,LOT-01,125.27,18.0401,19.5349,24.4052,39.9697
CMP-000573,Logic IC,Iddq,µA,LOT-16,122.93,10.2936,12.4013,21.629,34.7342
CMP-000574,Memory IC,Standby Current,µA,LOT-04,125.62,24.4887,24.4352,24.9065,25.9042
CMP-000575,ADC,Leakage Current,µA,LOT-19,124.86,5.3681,6.1659,11.7396,21.8105
CMP-000576,Driver IC,Propagation Delay,ns,LOT-07,121.7,17.8373,17.9387,18.1927,18.5527
CMP-000577,Logic IC,Iddq,µA,LOT-13,128.2,9.8876,11.6993,19.9056,35.8767
CMP-000578,Memory IC,Standby Current,µA,LOT-14,123.9,25.616,26.1499,26.0794,26.6258
CMP-000579,ADC,Leakage Current,µA,LOT-08,123.69,5.12,5.2929,5.473,5.6137
CMP-000580,Driver IC,Propagation Delay,ns,LOT-08,123.0,17.0964,18.1679,17.8704,18.5931
CMP-000581,Logic IC,Iddq,µA,LOT-10,125.54,9.7011,9.8484,10.1105,9.9999
CMP-000582,Memory IC,Standby Current,µA,LOT-09,124.5,25.3549,25.2218,26.1491,26.4297
CMP-000583,ADC,Leakage Current,µA,LOT-04,127.61,5.2061,5.3143,5.3705,5.5295
CMP-000584,Driver IC,Propagation Delay,ns,LOT-17,123.95,17.7851,18.1319,18.4418,18.9879
CMP-000585,Logic IC,Iddq,µA,LOT-02,124.57,10.157,10.1299,10.4552,10.7795
CMP-000586,Memory IC,Standby Current,µA,LOT-05,126.1,25.0215,27.6278,47.3702,73.7298
CMP-000587,ADC,Leakage Current,µA,LOT-19,124.32,5.2358,6.0694,10.8568,25.5759
CMP-000588,Driver IC,Propagation Delay,ns,LOT-20,128.14,18.0853,19.269,24.8876,43.474
CMP-000589,Logic IC,Iddq,µA,LOT-02,126.0,10.3308,10.0239,10.4244,10.7661
CMP-000590,Memory IC,Standby Current,µA,LOT-11,123.85,26.0409,26.6564,25.9658,26.6201
CMP-000591,ADC,Leakage Current,µA,LOT-12,125.1,4.9801,12.0831,5.5678,7.1002
CMP-000592,Driver IC,Propagation Delay,ns,LOT-15,125.83,17.888,18.2117,18.3603,18.6881
CMP-000593,Logic IC,Iddq,µA,LOT-19,126.54,10.633,10.746,10.9994,11.245
CMP-000594,Memory IC,Standby Current,µA,LOT-18,126.36,24.8091,25.2952,25.7208,25.9968
CMP-000595,ADC,Leakage Current,µA,LOT-03,124.81,5.3797,5.4264,5.6175,5.7658
CMP-000596,Driver IC,Propagation Delay,ns,LOT-03,124.2,17.8396,18.7045,23.6644,38.5392
CMP-000597,Logic IC,Iddq,µA,LOT-10,124.6,10.3054,10.691,10.8145,11.1351
CMP-000598,Memory IC,Standby Current,µA,LOT-13,124.16,24.4686,24.6423,25.3826,25.8636
CMP-000599,ADC,Leakage Current,µA,LOT-19,121.96,5.1392,5.3617,5.721,5.83
CMP-000600,Driver IC,Propagation Delay,ns,LOT-03,128.86,17.0664,30.0034,17.8836,18.8598
CMP-000601,Logic IC,Iddq,µA,LOT-03,125.16,9.8882,10.2258,10.4625,10.3945
CMP-000602,Memory IC,Standby Current,µA,LOT-06,124.64,25.1118,29.7946,43.652,64.0057
CMP-000603,ADC,Leakage Current,µA,LOT-02,126.83,4.6555,5.605,10.884,19.4042
CMP-000604,Driver IC,Propagation Delay,ns,LOT-13,122.94,17.6946,20.3639,24.9082,38.1253
CMP-000605,Logic IC,Iddq,µA,LOT-07,125.25,9.9003,11.4262,20.4508,37.8909
CMP-000606,Memory IC,Standby Current,µA,LOT-17,123.73,25.387,28.2634,38.582,70.577
CMP-000607,ADC,Leakage Current,µA,LOT-05,128.11,4.7049,4.8211,5.072,5.1194
CMP-000608,Driver IC,Propagation Delay,ns,LOT-16,125.52,18.1951,24.782,19.2957,19.9244
CMP-000609,Logic IC,Iddq,µA,LOT-11,124.32,10.1487,10.6638,10.8187,11.0418
CMP-000610,Memory IC,Standby Current,µA,LOT-09,126.09,25.1699,24.6642,25.3761,26.3041
CMP-000611,ADC,Leakage Current,µA,LOT-03,124.98,4.8776,5.1399,5.363,5.5922
CMP-000612,Driver IC,Propagation Delay,ns,LOT-08,122.93,17.5101,17.5428,17.8859,18.4779
CMP-000613,Logic IC,Iddq,µA,LOT-19,122.6,10.1128,23.4332,11.9202,13.066
CMP-000614,Memory IC,Standby Current,µA,LOT-16,124.93,23.7836,24.0383,24.4225,24.9225
CMP-000615,ADC,Leakage Current,µA,LOT-12,125.31,5.4628,5.6164,5.8,6.0489
CMP-000616,Driver IC,Propagation Delay,ns,LOT-01,127.58,18.2883,18.4824,18.5944,18.6478
CMP-000617,Logic IC,Iddq,µA,LOT-07,125.19,10.1493,10.3906,10.4828,10.9153
CMP-000618,Memory IC,Standby Current,µA,LOT-06,126.01,24.9548,27.8713,36.8265,63.7764
CMP-000619,ADC,Leakage Current,µA,LOT-12,121.84,4.9914,5.9723,9.1532,20.5997
CMP-000620,Driver IC,Propagation Delay,ns,LOT-05,124.96,17.3127,17.3416,17.6706,17.9693
CMP-000621,Logic IC,Iddq,µA,LOT-17,125.68,10.3454,12.3554,18.2569,36.7861
CMP-000622,Memory IC,Standby Current,µA,LOT-17,124.03,24.8966,25.2157,25.0807,25.5015
CMP-000623,ADC,Leakage Current,µA,LOT-11,125.33,5.0741,12.9017,5.9695,7.14
CMP-000624,Driver IC,Propagation Delay,ns,LOT-05,121.48,18.0393,17.6823,18.3691,18.1911
CMP-000625,Logic IC,Iddq,µA,LOT-18,122.66,9.7074,10.0527,10.363,10.8728
CMP-000626,Memory IC,Standby Current,µA,LOT-10,125.01,23.2583,25.5263,39.5939,66.9721
CMP-000627,ADC,Leakage Current,µA,LOT-07,122.39,5.0303,6.1138,11.7899,25.7275
CMP-000628,Driver IC,Propagation Delay,ns,LOT-01,126.88,17.5506,18.8654,25.2641,35.8977
CMP-000629,Logic IC,Iddq,µA,LOT-02,125.24,9.3833,11.2378,20.038,39.2015
CMP-000630,Memory IC,Standby Current,µA,LOT-11,126.18,25.3078,25.9011,25.9963,26.8998
CMP-000631,ADC,Leakage Current,µA,LOT-10,125.33,4.7808,5.0012,5.0207,5.0735
CMP-000632,Driver IC,Propagation Delay,ns,LOT-17,125.1,17.6354,18.1537,18.0956,18.3807
CMP-000633,Logic IC,Iddq,µA,LOT-05,123.94,9.9113,12.347,20.2236,37.8811
CMP-000634,Memory IC,Standby Current,µA,LOT-17,125.12,25.0327,25.3958,25.7138,25.9445
CMP-000635,ADC,Leakage Current,µA,LOT-13,125.03,4.776,5.0051,5.0973,5.179
CMP-000636,Driver IC,Propagation Delay,ns,LOT-06,127.06,16.9888,17.8141,18.0816,17.4655
CMP-000637,Logic IC,Iddq,µA,LOT-03,124.37,9.9532,10.3427,10.4135,10.5377
CMP-000638,Memory IC,Standby Current,µA,LOT-06,124.79,25.8852,28.7473,38.3964,69.9059
CMP-000639,ADC,Leakage Current,µA,LOT-07,123.37,4.7882,4.9369,5.271,5.3545
CMP-000640,Driver IC,Propagation Delay,ns,LOT-03,124.3,18.0226,17.6577,18.4451,18.1239
CMP-000641,Logic IC,Iddq,µA,LOT-09,126.2,9.8923,10.1781,10.5116,10.7109
CMP-000642,Memory IC,Standby Current,µA,LOT-11,122.13,24.811,25.002,26.0776,25.9416
CMP-000643,ADC,Leakage Current,µA,LOT-17,122.41,4.9726,6.2958,10.8811,21.1118
CMP-000644,Driver IC,Propagation Delay,ns,LOT-19,123.49,18.8539,30.6532,20.0047,22.0195
CMP-000645,Logic IC,Iddq,µA,LOT-15,126.04,10.0832,11.5249,19.7663,34.3031
CMP-000646,Memory IC,Standby Current,µA,LOT-12,126.33,25.931,29.931,43.7345,70.5428
CMP-000647,ADC,Leakage Current,µA,LOT-06,128.11,4.5788,4.6465,4.8132,4.8503
CMP-000648,Driver IC,Propagation Delay,ns,LOT-15,124.95,18.5094,18.5057,19.0221,19.0451
CMP-000649,Logic IC,Iddq,µA,LOT-07,125.53,10.1761,10.4376,10.4942,11.2274
CMP-000650,Memory IC,Standby Current,µA,LOT-04,124.82,25.2219,29.1299,39.0874,67.3725
CMP-000651,ADC,Leakage Current,µA,LOT-08,123.39,4.8648,5.8231,8.8021,15.1724
CMP-000652,Driver IC,Propagation Delay,ns,LOT-16,126.59,16.9802,18.3477,27.4964,45.1159
CMP-000653,Logic IC,Iddq,µA,LOT-01,125.6,10.4334,11.032,20.7771,33.9333
CMP-000654,Memory IC,Standby Current,µA,LOT-18,124.51,24.4084,25.9886,26.3361,26.5288
CMP-000655,ADC,Leakage Current,µA,LOT-02,125.02,4.6201,5.2193,9.6975,18.2573
CMP-000656,Driver IC,Propagation Delay,ns,LOT-06,125.72,17.5138,25.5424,18.288,19.5157
CMP-000657,Logic IC,Iddq,µA,LOT-09,126.14,9.9747,20.984,11.2983,12.307
CMP-000658,Memory IC,Standby Current,µA,LOT-11,125.24,25.2351,25.1064,25.5312,25.6745
CMP-000659,ADC,Leakage Current,µA,LOT-01,125.14,4.9932,5.2024,5.1926,5.3265
CMP-000660,Driver IC,Propagation Delay,ns,LOT-15,123.46,17.8709,18.8863,27.897,45.6119
CMP-000661,Logic IC,Iddq,µA,LOT-15,124.37,9.7423,10.9425,20.3086,36.8952
CMP-000662,Memory IC,Standby Current,µA,LOT-12,124.66,24.8664,24.9884,25.4354,25.9479
CMP-000663,ADC,Leakage Current,µA,LOT-15,124.71,4.9567,5.7396,12.066,21.3432
CMP-000664,Driver IC,Propagation Delay,ns,LOT-14,127.07,19.1884,19.3956,19.542,19.9027
CMP-000665,Logic IC,Iddq,µA,LOT-20,124.71,10.1915,12.1423,20.5818,32.2601
CMP-000666,Memory IC,Standby Current,µA,LOT-09,126.63,24.3054,28.9609,41.9802,68.1862
CMP-000667,ADC,Leakage Current,µA,LOT-19,127.41,5.4116,6.088,10.3755,22.3745
CMP-000668,Driver IC,Propagation Delay,ns,LOT-17,124.21,17.9325,19.8428,23.682,35.5813
CMP-000669,Logic IC,Iddq,µA,LOT-03,123.66,10.3403,20.8539,11.1233,13.1695
CMP-000670,Memory IC,Standby Current,µA,LOT-01,124.09,24.8079,25.686,25.7838,25.8816
CMP-000671,ADC,Leakage Current,µA,LOT-13,124.1,5.1069,6.3336,10.3103,16.321
CMP-000672,Driver IC,Propagation Delay,ns,LOT-03,127.52,18.1301,18.6604,18.5793,19.0992
CMP-000673,Logic IC,Iddq,µA,LOT-18,121.77,9.8963,10.3381,10.5064,10.8399
CMP-000674,Memory IC,Standby Current,µA,LOT-15,125.78,26.015,40.7604,27.1619,29.5335
CMP-000675,ADC,Leakage Current,µA,LOT-17,124.62,4.8629,6.4995,11.9843,20.7677
CMP-000676,Driver IC,Propagation Delay,ns,LOT-10,125.07,18.153,18.3304,18.5983,19.0019
CMP-000677,Logic IC,Iddq,µA,LOT-08,126.3,9.9859,10.6768,20.3426,33.4617
CMP-000678,Memory IC,Standby Current,µA,LOT-02,125.5,25.1649,41.1345,28.5918,32.6799
CMP-000679,ADC,Leakage Current,µA,LOT-04,124.79,5.3728,5.4623,5.7358,5.9258
CMP-000680,Driver IC,Propagation Delay,ns,LOT-15,124.83,17.9119,19.5244,29.3637,45.9051
CMP-000681,Logic IC,Iddq,µA,LOT-16,124.41,9.8159,10.0084,10.1577,10.3378
CMP-000682,Memory IC,Standby Current,µA,LOT-14,123.84,24.7041,28.0749,42.5908,74.5798
CMP-000683,ADC,Leakage Current,µA,LOT-10,125.85,4.7925,6.5923,10.8274,18.5675
CMP-000684,Driver IC,Propagation Delay,ns,LOT-08,125.38,18.3174,18.4105,18.6607,18.7966
CMP-000685,Logic IC,Iddq,µA,LOT-05,122.95,9.7421,10.1345,10.5708,10.7983
CMP-000686,Memory IC,Standby Current,µA,LOT-02,125.93,24.9038,25.4876,25.849,26.3961
CMP-000687,ADC,Leakage Current,µA,LOT-09,124.14,5.0537,5.1897,5.3832,5.4933
CMP-000688,Driver IC,Propagation Delay,ns,LOT-04,126.25,18.1262,18.2771,18.4762,19.0951
CMP-000689,Logic IC,Iddq,µA,LOT-05,124.55,9.3466,9.4482,9.7057,10.0319
CMP-000690,Memory IC,Standby Current,µA,LOT-16,125.98,24.5905,25.2047,25.3442,26.1653
CMP-000691,ADC,Leakage Current,µA,LOT-19,126.59,5.3756,5.9233,11.8182,24.3501
CMP-000692,Driver IC,Propagation Delay,ns,LOT-12,123.59,18.1239,18.0323,18.3822,18.5902
CMP-000693,Logic IC,Iddq,µA,LOT-20,123.55,9.911,11.379,16.633,30.7374
CMP-000694,Memory IC,Standby Current,µA,LOT-19,126.7,25.0759,26.8755,37.6735,70.4006
CMP-000695,ADC,Leakage Current,µA,LOT-06,125.69,4.8281,13.6915,6.1646,6.5843
CMP-000696,Driver IC,Propagation Delay,ns,LOT-09,125.06,18.092,25.412,18.6933,21.2538
CMP-000697,Logic IC,Iddq,µA,LOT-17,123.71,10.0304,10.3062,10.5458,10.6979
CMP-000698,Memory IC,Standby Current,µA,LOT-10,124.93,24.3725,24.8216,25.1255,25.8816
CMP-000699,ADC,Leakage Current,µA,LOT-15,124.98,5.1058,5.0751,5.2895,5.5231
CMP-000700,Driver IC,Propagation Delay,ns,LOT-11,127.08,18.7203,20.3742,25.0613,38.1185
CMP-000701,Logic IC,Iddq,µA,LOT-19,127.55,10.0118,10.3646,10.4846,10.6695
CMP-000702,Memory IC,Standby Current,µA,LOT-08,126.93,25.5605,25.5396,25.5051,26.5418
CMP-000703,ADC,Leakage Current,µA,LOT-05,124.46,4.4366,4.5136,4.7744,4.838
CMP-000704,Driver IC,Propagation Delay,ns,LOT-06,125.69,17.8789,18.9913,25.8132,41.2887
CMP-000705,Logic IC,Iddq,µA,LOT-18,122.98,9.5496,9.7282,10.1176,10.1788
CMP-000706,Memory IC,Standby Current,µA,LOT-19,122.9,25.3337,26.0087,25.7956,26.5268
CMP-000707,ADC,Leakage Current,µA,LOT-12,125.03,5.2435,6.4712,12.3015,21.9238
CMP-000708,Driver IC,Propagation Delay,ns,LOT-04,125.36,18.1209,19.2,26.0918,37.5237
CMP-000709,Logic IC,Iddq,µA,LOT-09,125.32,9.9437,17.9315,11.1173,14.4494
CMP-000710,Memory IC,Standby Current,µA,LOT-12,123.92,24.8264,27.0938,45.1745,81.8231
CMP-000711,ADC,Leakage Current,µA,LOT-20,124.36,5.2223,9.9706,6.5365,7.8229
CMP-000712,Driver IC,Propagation Delay,ns,LOT-09,123.34,18.0607,18.5177,18.2411,18.406
CMP-000713,Logic IC,Iddq,µA,LOT-02,126.57,9.8402,10.1428,10.335,10.6872
CMP-000714,Memory IC,Standby Current,µA,LOT-06,124.05,24.5825,25.1932,25.1302,26.0661
CMP-000715,ADC,Leakage Current,µA,LOT-10,120.48,4.8569,4.9299,5.0998,5.2181
CMP-000716,Driver IC,Propagation Delay,ns,LOT-08,122.23,17.8942,29.1217,18.6579,21.7567
CMP-000717,Logic IC,Iddq,µA,LOT-14,124.09,10.0059,10.2814,10.4654,10.7304
CMP-000718,Memory IC,Standby Current,µA,LOT-08,125.24,24.288,24.9701,24.8801,25.1146
CMP-000719,ADC,Leakage Current,µA,LOT-07,124.21,5.1205,5.8046,10.4773,18.2998
CMP-000720,Driver IC,Propagation Delay,ns,LOT-14,125.63,17.3966,18.5909,27.7367,41.7705
CMP-000721,Logic IC,Iddq,µA,LOT-16,127.39,9.727,9.9842,10.2541,10.5171
CMP-000722,Memory IC,Standby Current,µA,LOT-14,125.24,25.6606,28.4399,44.0061,74.7845
CMP-000723,ADC,Leakage Current,µA,LOT-16,124.02,4.6307,5.9165,10.0612,17.8191
CMP-000724,Driver IC,Propagation Delay,ns,LOT-06,124.85,17.9264,18.099,18.3447,18.1082
CMP-000725,Logic IC,Iddq,µA,LOT-16,123.54,9.825,11.5259,20.8418,32.8938
CMP-000726,Memory IC,Standby Current,µA,LOT-02,123.38,23.7836,24.6917,25.0139,25.3203
CMP-000727,ADC,Leakage Current,µA,LOT-17,127.77,5.1082,6.7106,10.7977,18.4683
CMP-000728,Driver IC,Propagation Delay,ns,LOT-09,124.62,18.4966,20.1957,27.7609,36.1607
CMP-000729,Logic IC,Iddq,µA,LOT-17,124.55,9.6055,12.7039,19.8855,36.5452
CMP-000730,Memory IC,Standby Current,µA,LOT-12,125.36,25.2767,28.4115,40.4651,78.9346
CMP-000731,ADC,Leakage Current,µA,LOT-09,120.5,5.0071,6.1428,11.7437,19.3912
CMP-000732,Driver IC,Propagation Delay,ns,LOT-07,123.82,17.9412,18.496,18.4347,18.4725
CMP-000733,Logic IC,Iddq,µA,LOT-07,126.85,10.4258,12.0557,18.5045,32.6188
CMP-000734,Memory IC,Standby Current,µA,LOT-04,125.8,24.4362,25.257,25.4603,25.6946
CMP-000735,ADC,Leakage Current,µA,LOT-11,123.29,5.1812,5.4633,5.5691,5.8287
CMP-000736,Driver IC,Propagation Delay,ns,LOT-19,121.37,18.2869,24.9599,18.8836,20.9275
CMP-000737,Logic IC,Iddq,µA,LOT-08,123.95,10.3089,27.2315,10.9275,13.4477
CMP-000738,Memory IC,Standby Current,µA,LOT-08,121.9,25.3948,25.5395,25.7323,26.3
CMP-000739,ADC,Leakage Current,µA,LOT-14,127.26,5.0813,6.1855,9.6815,18.383
CMP-000740,Driver IC,Propagation Delay,ns,LOT-08,121.3,16.8959,17.1021,17.4442,17.8375
CMP-000741,Logic IC,Iddq,µA,LOT-11,124.58,9.9756,20.5558,12.3843,15.0521
CMP-000742,Memory IC,Standby Current,µA,LOT-12,124.94,25.3799,26.1849,25.9332,26.4435
CMP-000743,ADC,Leakage Current,µA,LOT-03,128.83,5.15,5.6087,11.7476,20.3702
CMP-000744,Driver IC,Propagation Delay,ns,LOT-17,124.67,17.5471,26.9063,18.6364,21.3231
CMP-000745,Logic IC,Iddq,µA,LOT-17,123.65,9.8694,11.4012,20.6007,31.157
CMP-000746,Memory IC,Standby Current,µA,LOT-19,125.59,25.3665,28.4231,37.0638,65.1301
CMP-000747,ADC,Leakage Current,µA,LOT-03,125.7,5.2555,6.556,9.4237,16.9247
CMP-000748,Driver IC,Propagation Delay,ns,LOT-12,126.73,18.4768,18.6964,19.159,19.0693
CMP-000749,Logic IC,Iddq,µA,LOT-01,124.66,10.2969,11.9719,21.3104,35.5614
CMP-000750,Memory IC,Standby Current,µA,LOT-12,125.89,24.9242,28.3171,40.3205,74.8571
CMP-000751,ADC,Leakage Current,µA,LOT-08,123.35,4.8414,6.329,11.0547,18.8521
CMP-000752,Driver IC,Propagation Delay,ns,LOT-16,126.59,18.1764,19.0637,24.497,38.7954
CMP-000753,Logic IC,Iddq,µA,LOT-20,126.28,10.0295,17.7053,11.0239,14.7041
CMP-000754,Memory IC,Standby Current,µA,LOT-05,124.28,24.7373,24.9369,25.7812,26.1601
CMP-000755,ADC,Leakage Current,µA,LOT-18,126.62,4.7565,5.5093,10.9681,25.3882
CMP-000756,Driver IC,Propagation Delay,ns,LOT-20,124.76,18.1056,18.3312,18.5393,19.0132
CMP-000757,Logic IC,Iddq,µA,LOT-19,122.49,10.3729,12.3459,21.3588,34.8838
CMP-000758,Memory IC,Standby Current,µA,LOT-03,123.91,24.4152,25.0282,25.3682,25.4837
CMP-000759,ADC,Leakage Current,µA,LOT-02,124.79,4.8836,5.0406,5.0894,5.3923
CMP-000760,Driver IC,Propagation Delay,ns,LOT-09,124.41,18.1094,18.0354,17.8669,18.2074
CMP-000761,Logic IC,Iddq,µA,LOT-06,123.6,9.6172,9.7076,10.0488,10.1581
CMP-000762,Memory IC,Standby Current,µA,LOT-18,124.8,25.2605,25.5111,26.1479,26.6029
CMP-000763,ADC,Leakage Current,µA,LOT-05,124.89,4.67,4.7799,5.0791,5.0201
CMP-000764,Driver IC,Propagation Delay,ns,LOT-12,128.06,17.9815,19.48,27.1747,42.1074
CMP-000765,Logic IC,Iddq,µA,LOT-07,123.81,9.3974,9.8074,9.7785,10.1
CMP-000766,Memory IC,Standby Current,µA,LOT-01,126.72,25.2626,28.7986,36.9842,66.5032
CMP-000767,ADC,Leakage Current,µA,LOT-19,125.32,5.3462,10.6536,6.5,6.9862
CMP-000768,Driver IC,Propagation Delay,ns,LOT-16,125.42,17.9101,18.7404,26.7167,39.0347
CMP-000769,Logic IC,Iddq,µA,LOT-04,126.5,9.9991,18.9594,10.6017,12.2989
CMP-000770,Memory IC,Standby Current,µA,LOT-20,127.07,25.3774,30.1894,39.9976,68.0942
CMP-000771,ADC,Leakage Current,µA,LOT-09,125.95,4.9906,10.7381,6.3462,7.1751
CMP-000772,Driver IC,Propagation Delay,ns,LOT-19,125.93,18.3742,18.3086,18.6386,18.7931
CMP-000773,Logic IC,Iddq,µA,LOT-12,124.4,10.3194,10.5316,11.202,11.5562
CMP-000774,Memory IC,Standby Current,µA,LOT-03,127.67,25.2156,25.4452,25.4056,26.2433
CMP-000775,ADC,Leakage Current,µA,LOT-09,124.83,4.6664,11.008,4.9952,5.8198
CMP-000776,Driver IC,Propagation Delay,ns,LOT-14,125.38,17.9252,17.6798,18.3331,18.4897
CMP-000777,Logic IC,Iddq,µA,LOT-14,124.68,10.1188,10.0847,10.424,10.7081
CMP-000778,Memory IC,Standby Current,µA,LOT-17,126.59,25.7972,26.2854,26.7697,27.1671
CMP-000779,ADC,Leakage Current,µA,LOT-01,123.9,5.1099,5.6302,11.4418,24.9007
CMP-000780,Driver IC,Propagation Delay,ns,LOT-02,123.27,17.5567,17.6125,17.9255,18.3679
CMP-000781,Logic IC,Iddq,µA,LOT-09,124.85,9.8011,10.09,10.4312,10.464
CMP-000782,Memory IC,Standby Current,µA,LOT-11,125.82,24.1084,24.9126,25.0304,25.7742
CMP-000783,ADC,Leakage Current,µA,LOT-08,126.66,4.9691,5.1404,5.3149,5.2931
CMP-000784,Driver IC,Propagation Delay,ns,LOT-09,126.92,18.0288,25.9382,19.7358,22.3965
CMP-000785,Logic IC,Iddq,µA,LOT-13,125.61,9.8132,11.4606,19.8595,33.5009
CMP-000786,Memory IC,Standby Current,µA,LOT-06,124.37,25.6546,28.7052,44.277,69.8439
CMP-000787,ADC,Leakage Current,µA,LOT-18,124.36,4.7273,4.8981,5.1365,5.3482
CMP-000788,Driver IC,Propagation Delay,ns,LOT-16,125.34,17.7693,17.9797,18.2069,18.7489
CMP-000789,Logic IC,Iddq,µA,LOT-06,123.89,9.8031,12.2572,20.5664,38.994
CMP-000790,Memory IC,Standby Current,µA,LOT-18,123.23,25.0524,25.9766,25.9364,26.5326
CMP-000791,ADC,Leakage Current,µA,LOT-02,126.07,4.6257,4.8061,5.0192,5.1634
CMP-000792,Driver IC,Propagation Delay,ns,LOT-06,124.02,17.2646,17.6009,17.8616,17.9145
CMP-000793,Logic IC,Iddq,µA,LOT-08,124.34,9.9012,11.2306,21.9265,37.7278
CMP-000794,Memory IC,Standby Current,µA,LOT-01,125.01,25.1702,25.4397,26.1263,26.6624
CMP-000795,ADC,Leakage Current,µA,LOT-10,126.05,5.1027,10.4767,6.4213,8.3454
CMP-000796,Driver IC,Propagation Delay,ns,LOT-13,123.22,17.929,25.5336,18.4879,21.1316
CMP-000797,Logic IC,Iddq,µA,LOT-06,124.95,10.211,10.096,10.4859,10.4622
CMP-000798,Memory IC,Standby Current,µA,LOT-07,124.5,23.7317,26.3365,44.675,70.7437
CMP-000799,ADC,Leakage Current,µA,LOT-12,126.31,5.0034,5.9762,12.7451,24.8905
CMP-000800,Driver IC,Propagation Delay,ns,LOT-09,125.19,17.8516,18.3887,18.6675,19.2764
CMP-000801,Logic IC,Iddq,µA,LOT-12,123.82,10.2901,10.4083,10.7764,10.8716
CMP-000802,Memory IC,Standby Current,µA,LOT-08,123.26,24.689,27.6707,40.4317,56.9344
CMP-000803,ADC,Leakage Current,µA,LOT-20,125.27,4.9808,5.1158,5.3149,5.3726
CMP-000804,Driver IC,Propagation Delay,ns,LOT-05,125.98,17.4775,19.295,24.0561,37.3779
CMP-000805,Logic IC,Iddq,µA,LOT-06,125.8,10.1584,10.2998,10.5743,10.8831
CMP-000806,Memory IC,Standby Current,µA,LOT-09,126.28,24.888,25.1692,25.9926,26.561
CMP-000807,ADC,Leakage Current,µA,LOT-01,127.09,5.2223,10.359,5.8266,6.6115
CMP-000808,Driver IC,Propagation Delay,ns,LOT-13,126.12,17.8064,18.0884,17.9436,18.366
CMP-000809,Logic IC,Iddq,µA,LOT-02,123.25,9.8926,18.7464,12.0508,14.9485
CMP-000810,Memory IC,Standby Current,µA,LOT-02,128.07,23.9984,25.7145,37.2155,72.5843
CMP-000811,ADC,Leakage Current,µA,LOT-12,124.0,5.1615,5.2278,5.3358,5.6023
CMP-000812,Driver IC,Propagation Delay,ns,LOT-07,127.23,18.2806,18.409,18.6707,19.1021
CMP-000813,Logic IC,Iddq,µA,LOT-08,124.52,9.5104,9.8054,9.7523,9.9663
CMP-000814,Memory IC,Standby Current,µA,LOT-16,125.61,24.7201,25.5395,25.3453,25.8116
CMP-000815,ADC,Leakage Current,µA,LOT-15,125.97,5.0694,5.2235,5.4344,5.6808
CMP-000816,Driver IC,Propagation Delay,ns,LOT-10,126.28,18.586,18.3116,18.546,19.3004
CMP-000817,Logic IC,Iddq,µA,LOT-07,125.37,10.3729,10.6677,11.1331,11.3924
CMP-000818,Memory IC,Standby Current,µA,LOT-03,126.66,24.6804,27.2645,38.032,59.8415
CMP-000819,ADC,Leakage Current,µA,LOT-02,122.05,4.5487,5.2617,11.3211,20.0009
CMP-000820,Driver IC,Propagation Delay,ns,LOT-04,123.52,17.5705,19.5234,27.313,41.6385
CMP-000821,Logic IC,Iddq,µA,LOT-10,124.7,9.6754,9.8754,10.0684,10.3864
CMP-000822,Memory IC,Standby Current,µA,LOT-10,124.91,24.9044,50.3235,28.9777,33.6191
CMP-000823,ADC,Leakage Current,µA,LOT-11,125.14,5.1037,5.8517,12.054,25.1013
CMP-000824,Driver IC,Propagation Delay,ns,LOT-16,123.35,17.7201,28.4467,18.3295,20.4398
CMP-000825,Logic IC,Iddq,µA,LOT-19,125.34,10.3605,10.7985,11.1952,11.2255
CMP-000826,Memory IC,Standby Current,µA,LOT-04,124.5,24.2052,24.6278,25.4867,25.4734
CMP-000827,ADC,Leakage Current,µA,LOT-07,123.31,4.8283,4.9284,5.1066,5.3127
CMP-000828,Driver IC,Propagation Delay,ns,LOT-05,124.86,17.8582,19.3597,24.3534,37.6511
CMP-000829,Logic IC,Iddq,µA,LOT-06,120.72,9.7248,9.9989,10.1986,10.3297
CMP-000830,Memory IC,Standby Current,µA,LOT-19,123.03,26.0666,26.5588,26.9426,27.35
CMP-000831,ADC,Leakage Current,µA,LOT-14,124.5,5.2571,5.5353,5.6772,5.6582
CMP-000832,Driver IC,Propagation Delay,ns,LOT-07,125.86,17.7329,18.2115,18.1803,18.138
CMP-000833,Logic IC,Iddq,µA,LOT-14,127.11,10.1182,12.1165,18.9985,35.0781
CMP-000834,Memory IC,Standby Current,µA,LOT-09,125.48,25.7242,25.8485,26.315,26.5534
CMP-000835,ADC,Leakage Current,µA,LOT-19,125.83,5.3289,5.5297,5.6068,5.8681
CMP-000836,Driver IC,Propagation Delay,ns,LOT-02,121.71,17.8138,18.1664,18.1252,18.5591
CMP-000837,Logic IC,Iddq,µA,LOT-09,127.13,10.0496,10.1913,10.5527,10.7127
CMP-000838,Memory IC,Standby Current,µA,LOT-07,124.34,24.3568,28.112,41.8024,70.5893
CMP-000839,ADC,Leakage Current,µA,LOT-02,125.66,4.8329,5.4474,10.57,21.1347
CMP-000840,Driver IC,Propagation Delay,ns,LOT-01,127.28,18.1685,19.2271,24.3661,34.3292
CMP-000841,Logic IC,Iddq,µA,LOT-14,124.71,10.3392,12.3386,22.2737,40.7333
CMP-000842,Memory IC,Standby Current,µA,LOT-01,125.63,24.7778,44.257,27.8701,31.0684
CMP-000843,ADC,Leakage Current,µA,LOT-08,124.85,5.0347,5.1006,5.3143,5.3571
CMP-000844,Driver IC,Propagation Delay,ns,LOT-07,127.15,17.9042,17.827,18.2766,18.0333
CMP-000845,Logic IC,Iddq,µA,LOT-08,126.94,9.8312,11.8472,22.0525,46.9135
CMP-000846,Memory IC,Standby Current,µA,LOT-12,127.9,24.4549,26.6768,40.9288,72.5902
CMP-000847,ADC,Leakage Current,µA,LOT-14,124.96,5.0277,6.7633,11.8286,17.8429
CMP-000848,Driver IC,Propagation Delay,ns,LOT-14,123.45,18.2981,18.5715,18.756,18.7492
CMP-000849,Logic IC,Iddq,µA,LOT-02,124.76,9.8976,10.1887,10.3984,10.7911
CMP-000850,Memory IC,Standby Current,µA,LOT-05,126.34,25.4269,25.1033,25.5128,26.288
CMP-000851,ADC,Leakage Current,µA,LOT-09,122.01,4.9473,6.627,11.5446,23.3323
CMP-000852,Driver IC,Propagation Delay,ns,LOT-17,125.81,18.1206,20.1507,24.4204,38.0273
CMP-000853,Logic IC,Iddq,µA,LOT-03,124.56,10.0489,10.306,10.8309,10.9
CMP-000854,Memory IC,Standby Current,µA,LOT-10,127.02,24.2785,24.6267,24.0825,25.1021
CMP-000855,ADC,Leakage Current,µA,LOT-04,126.73,5.1772,5.3772,5.4654,5.5242
CMP-000856,Driver IC,Propagation Delay,ns,LOT-03,123.07,18.2772,19.1008,19.1626,19.1081
CMP-000857,Logic IC,Iddq,µA,LOT-07,125.48,10.0023,10.4155,10.4988,10.6616
CMP-000858,Memory IC,Standby Current,µA,LOT-01,125.69,24.1434,24.7912,24.4233,24.4705
CMP-000859,ADC,Leakage Current,µA,LOT-10,120.92,4.7066,4.7147,4.9414,5.2336
CMP-000860,Driver IC,Propagation Delay,ns,LOT-04,123.32,18.7258,18.5239,18.4397,18.3767
CMP-000861,Logic IC,Iddq,µA,LOT-18,124.44,10.1557,12.9429,22.8581,40.6143
CMP-000862,Memory IC,Standby Current,µA,LOT-07,128.2,25.364,41.9311,27.2854,31.7124
CMP-000863,ADC,Leakage Current,µA,LOT-12,127.14,5.0868,5.4435,5.5117,5.7763
CMP-000864,Driver IC,Propagation Delay,ns,LOT-01,123.27,18.4417,20.053,29.0015,42.7099
CMP-000865,Logic IC,Iddq,µA,LOT-05,125.7,9.4584,12.2964,21.906,40.6549
CMP-000866,Memory IC,Standby Current,µA,LOT-18,126.58,25.832,25.3293,26.0516,27.0186
CMP-000867,ADC,Leakage Current,µA,LOT-04,124.14,5.236,5.9794,10.0247,20.5886
CMP-000868,Driver IC,Propagation Delay,ns,LOT-10,124.41,17.4142,17.6619,17.886,18.2911
CMP-000869,Logic IC,Iddq,µA,LOT-16,122.95,9.377,23.4424,10.3781,12.5845
CMP-000870,Memory IC,Standby Current,µA,LOT-10,125.63,24.8796,25.5167,25.7967,26.133
CMP-000871,ADC,Leakage Current,µA,LOT-10,123.02,4.9892,4.8537,5.0658,5.2282
CMP-000872,Driver IC,Propagation Delay,ns,LOT-11,124.16,17.7804,17.817,18.1219,18.5832
CMP-000873,Logic IC,Iddq,µA,LOT-20,124.84,10.0414,10.951,21.959,43.1058
CMP-000874,Memory IC,Standby Current,µA,LOT-14,123.58,25.4774,25.6584,26.4773,26.903
CMP-000875,ADC,Leakage Current,µA,LOT-01,124.06,5.1402,5.28,5.4907,5.6384
CMP-000876,Driver IC,Propagation Delay,ns,LOT-16,126.7,17.5128,17.6531,18.2799,18.0989
CMP-000877,Logic IC,Iddq,µA,LOT-08,126.51,10.3952,12.7674,21.1031,36.9026
CMP-000878,Memory IC,Standby Current,µA,LOT-13,126.31,24.7041,24.5652,25.077,25.0243
CMP-000879,ADC,Leakage Current,µA,LOT-15,123.38,5.4015,13.3823,6.175,7.9216
CMP-000880,Driver IC,Propagation Delay,ns,LOT-08,120.11,17.7114,17.9398,17.6776,18.4469
CMP-000881,Logic IC,Iddq,µA,LOT-16,124.24,10.0569,11.2258,22.1363,41.063
CMP-000882,Memory IC,Standby Current,µA,LOT-12,124.37,24.1999,28.5655,40.6637,60.8222
CMP-000883,ADC,Leakage Current,µA,LOT-10,123.88,4.8035,4.9635,5.027,5.2214
CMP-000884,Driver IC,Propagation Delay,ns,LOT-14,126.83,18.571,18.6685,19.137,19.5474
CMP-000885,Logic IC,Iddq,µA,LOT-19,125.06,9.8417,10.1666,10.49,10.8383
CMP-000886,Memory IC,Standby Current,µA,LOT-08,124.71,25.1924,29.5678,44.6098,66.7764
CMP-000887,ADC,Leakage Current,µA,LOT-03,125.79,4.9575,4.9651,5.2784,5.3988
CMP-000888,Driver IC,Propagation Delay,ns,LOT-04,122.48,17.9131,18.1871,17.956,18.4482
CMP-000889,Logic IC,Iddq,µA,LOT-17,124.9,9.8229,9.9924,10.1582,10.5326
CMP-000890,Memory IC,Standby Current,µA,LOT-18,124.64,24.2674,26.845,42.4953,82.5209
CMP-000891,ADC,Leakage Current,µA,LOT-06,128.26,4.4429,4.7724,4.9275,5.0842
CMP-000892,Driver IC,Propagation Delay,ns,LOT-05,126.3,17.5993,17.79,17.744,18.1089
CMP-000893,Logic IC,Iddq,µA,LOT-04,124.77,9.9617,11.7683,19.7774,36.2296
CMP-000894,Memory IC,Standby Current,µA,LOT-11,124.34,25.1211,25.5142,25.6859,27.0308
CMP-000895,ADC,Leakage Current,µA,LOT-13,126.14,4.7378,4.9142,5.025,5.2629
CMP-000896,Driver IC,Propagation Delay,ns,LOT-02,123.98,18.3007,18.4287,18.7191,18.9068
CMP-000897,Logic IC,Iddq,µA,LOT-16,123.96,10.2759,10.1375,10.6316,10.6724
CMP-000898,Memory IC,Standby Current,µA,LOT-04,123.56,25.477,25.4174,26.1151,25.8956
CMP-000899,ADC,Leakage Current,µA,LOT-18,127.28,4.7459,5.9262,11.9439,21.7659
CMP-000900,Driver IC,Propagation Delay,ns,LOT-15,126.07,17.9741,18.3823,18.179,18.9302
CMP-000901,Logic IC,Iddq,µA,LOT-11,123.05,10.0741,10.4179,10.4326,10.6351
CMP-000902,Memory IC,Standby Current,µA,LOT-09,125.32,24.4831,25.5103,25.5172,25.4119
CMP-000903,ADC,Leakage Current,µA,LOT-11,125.69,5.1182,11.9985,5.4619,6.9651
CMP-000904,Driver IC,Propagation Delay,ns,LOT-06,125.61,17.3477,25.0507,17.976,20.3892
CMP-000905,Logic IC,Iddq,µA,LOT-02,123.44,9.3542,9.5218,9.9569,10.4259
CMP-000906,Memory IC,Standby Current,µA,LOT-04,124.08,25.7127,25.7272,26.1442,26.8253
CMP-000907,ADC,Leakage Current,µA,LOT-02,122.26,4.8892,5.1478,5.1711,5.253
CMP-000908,Driver IC,Propagation Delay,ns,LOT-18,123.17,16.9515,18.4577,23.4855,36.5366
CMP-000909,Logic IC,Iddq,µA,LOT-08,124.56,9.6822,11.4527,19.5152,36.0936
CMP-000910,Memory IC,Standby Current,µA,LOT-04,125.96,24.8772,28.0414,46.0321,69.0951
CMP-000911,ADC,Leakage Current,µA,LOT-18,124.67,4.684,5.7324,9.3758,20.6165
CMP-000912,Driver IC,Propagation Delay,ns,LOT-13,124.05,17.4697,17.7778,18.1097,18.5703
CMP-000913,Logic IC,Iddq,µA,LOT-04,124.38,10.8185,13.3006,19.504,34.6385
CMP-000914,Memory IC,Standby Current,µA,LOT-03,123.12,25.9496,26.0858,26.4947,25.9801
CMP-000915,ADC,Leakage Current,µA,LOT-17,126.01,5.0692,5.1339,5.363,5.5854
CMP-000916,Driver IC,Propagation Delay,ns,LOT-01,125.15,17.548,17.6184,17.8066,18.2167
CMP-000917,Logic IC,Iddq,µA,LOT-16,127.39,9.7222,11.6803,21.2838,39.3224
CMP-000918,Memory IC,Standby Current,µA,LOT-01,126.67,25.1999,26.2462,26.8958,27.4737
CMP-000919,ADC,Leakage Current,µA,LOT-10,125.34,5.132,5.2013,5.3888,5.4807
CMP-000920,Driver IC,Propagation Delay,ns,LOT-12,125.28,18.8418,18.845,19.1452,19.494
CMP-000921,Logic IC,Iddq,µA,LOT-12,123.33,9.9035,21.7456,10.5388,13.4035
CMP-000922,Memory IC,Standby Current,µA,LOT-11,122.94,24.7131,26.2565,40.1695,63.7942
CMP-000923,ADC,Leakage Current,µA,LOT-12,126.86,5.2552,12.7767,5.6099,7.6051
CMP-000924,Driver IC,Propagation Delay,ns,LOT-16,126.65,18.7373,26.0568,19.6485,21.5304
CMP-000925,Logic IC,Iddq,µA,LOT-11,124.75,9.7595,9.908,10.3597,10.4771
CMP-000926,Memory IC,Standby Current,µA,LOT-07,125.87,24.7287,25.52,25.7988,26.8832
CMP-000927,ADC,Leakage Current,µA,LOT-10,127.11,5.1005,6.1898,11.7942,19.5173
CMP-000928,Driver IC,Propagation Delay,ns,LOT-11,126.26,18.1933,17.8352,18.3236,18.6685
CMP-000929,Logic IC,Iddq,µA,LOT-20,121.93,10.3097,12.0535,21.0247,43.2037
CMP-000930,Memory IC,Standby Current,µA,LOT-01,123.17,25.3383,24.9258,25.3073,25.8594
CMP-000931,ADC,Leakage Current,µA,LOT-14,125.32,5.3511,5.4455,5.667,5.6931
CMP-000932,Driver IC,Propagation Delay,ns,LOT-02,125.97,18.7193,21.1225,28.1728,42.7823
CMP-000933,Logic IC,Iddq,µA,LOT-13,126.39,10.0056,9.9201,10.4447,10.4779
CMP-000934,Memory IC,Standby Current,µA,LOT-08,124.67,24.2942,24.6815,25.3427,25.8078
CMP-000935,ADC,Leakage Current,µA,LOT-02,125.24,4.7216,4.8776,5.0517,5.1342
CMP-000936,Driver IC,Propagation Delay,ns,LOT-04,124.7,17.2557,17.7121,17.681,18.2237
CMP-000937,Logic IC,Iddq,µA,LOT-14,122.8,10.2765,11.7817,21.2968,33.9633
CMP-000938,Memory IC,Standby Current,µA,LOT-20,125.66,24.7801,25.423,25.6006,26.0816
CMP-000939,ADC,Leakage Current,µA,LOT-14,122.98,5.1897,6.9471,11.3319,22.2222
CMP-000940,Driver IC,Propagation Delay,ns,LOT-01,124.02,17.8468,18.017,17.9594,18.6029
CMP-000941,Logic IC,Iddq,µA,LOT-12,124.72,10.3097,12.1222,17.9003,37.466
CMP-000942,Memory IC,Standby Current,µA,LOT-04,125.68,24.5424,25.3278,25.8663,26.3181
CMP-000943,ADC,Leakage Current,µA,LOT-20,125.62,4.7253,14.79,6.0001,7.4481
CMP-000944,Driver IC,Propagation Delay,ns,LOT-03,123.65,17.6199,17.9994,18.4667,18.322
CMP-000945,Logic IC,Iddq,µA,LOT-09,123.88,10.3633,10.6695,11.0844,11.0635
CMP-000946,Memory IC,Standby Current,µA,LOT-07,124.18,25.0952,25.1953,25.2924,26.1906
CMP-000947,ADC,Leakage Current,µA,LOT-08,124.42,4.7722,4.8186,4.9498,5.2138
CMP-000948,Driver IC,Propagation Delay,ns,LOT-17,127.83,18.027,18.3463,18.2816,18.8134
CMP-000949,Logic IC,Iddq,µA,LOT-08,125.97,9.9868,10.1914,10.5651,10.7374
CMP-000950,Memory IC,Standby Current,µA,LOT-08,123.79,24.1858,23.9075,24.5878,25.4034
CMP-000951,ADC,Leakage Current,µA,LOT-06,126.19,4.7447,5.0344,4.8859,5.0807
CMP-000952,Driver IC,Propagation Delay,ns,LOT-01,125.98,18.1583,29.4773,19.4086,22.1609
CMP-000953,Logic IC,Iddq,µA,LOT-13,121.79,10.2152,10.5191,10.598,10.8118
CMP-000954,Memory IC,Standby Current,µA,LOT-15,125.0,25.7827,28.4336,42.1882,70.7909
CMP-000955,ADC,Leakage Current,µA,LOT-09,124.06,4.9727,5.1434,5.3078,5.4978
CMP-000956,Driver IC,Propagation Delay,ns,LOT-15,126.24,17.2088,17.8439,18.1635,18.0678
CMP-000957,Logic IC,Iddq,µA,LOT-17,123.94,10.2397,12.1227,20.4145,41.5155
CMP-000958,Memory IC,Standby Current,µA,LOT-01,124.19,24.9159,26.2004,38.703,64.7081
CMP-000959,ADC,Leakage Current,µA,LOT-12,123.42,5.1066,5.8366,10.239,18.8292
CMP-000960,Driver IC,Propagation Delay,ns,LOT-05,126.58,17.4494,18.9893,24.8141,36.8698
CMP-000961,Logic IC,Iddq,µA,LOT-04,123.13,10.2453,10.9381,21.2051,43.217
CMP-000962,Memory IC,Standby Current,µA,LOT-07,123.87,24.7608,24.8719,25.348,25.5596
CMP-000963,ADC,Leakage Current,µA,LOT-13,127.29,4.6264,5.9314,10.3812,22.1945
CMP-000964,Driver IC,Propagation Delay,ns,LOT-12,124.89,17.4293,17.5655,17.5768,17.9108
CMP-000965,Logic IC,Iddq,µA,LOT-13,129.57,10.2571,26.8975,11.4293,14.032
CMP-000966,Memory IC,Standby Current,µA,LOT-01,124.43,25.104,27.2891,40.8462,77.4546
CMP-000967,ADC,Leakage Current,µA,LOT-05,125.62,4.5729,4.5592,4.7035,4.8454
CMP-000968,Driver IC,Propagation Delay,ns,LOT-10,127.07,17.8954,18.0057,18.6129,18.6074
CMP-000969,Logic IC,Iddq,µA,LOT-08,126.41,9.9774,10.23,10.5369,11.0288
CMP-000970,Memory IC,Standby Current,µA,LOT-06,123.94,24.884,25.6303,26.1957,26.4576
CMP-000971,ADC,Leakage Current,µA,LOT-13,123.92,5.0978,12.6589,6.1381,6.8604
CMP-000972,Driver IC,Propagation Delay,ns,LOT-19,124.91,17.6586,18.1698,18.2682,18.7041
CMP-000973,Logic IC,Iddq,µA,LOT-14,126.61,10.19,10.2583,10.5181,10.7324
CMP-000974,Memory IC,Standby Current,µA,LOT-04,124.38,25.2129,25.3112,25.7372,26.001
CMP-000975,ADC,Leakage Current,µA,LOT-07,121.38,5.2661,5.4164,5.5232,5.6051
CMP-000976,Driver IC,Propagation Delay,ns,LOT-13,125.54,17.0403,18.2136,25.1421,41.716
CMP-000977,Logic IC,Iddq,µA,LOT-15,124.51,9.6966,10.1718,10.5346,10.5458
CMP-000978,Memory IC,Standby Current,µA,LOT-06,125.4,25.2795,25.6203,25.7432,26.3776
CMP-000979,ADC,Leakage Current,µA,LOT-18,121.48,4.8328,4.9173,5.0808,5.2647
CMP-000980,Driver IC,Propagation Delay,ns,LOT-13,125.57,18.2791,20.2848,26.1108,34.414
CMP-000981,Logic IC,Iddq,µA,LOT-07,125.8,10.0823,10.3775,10.5642,11.0381
CMP-000982,Memory IC,Standby Current,µA,LOT-12,127.68,25.2766,29.5053,43.3696,59.7455
CMP-000983,ADC,Leakage Current,µA,LOT-18,126.93,5.0309,5.2198,5.3624,5.4289
CMP-000984,Driver IC,Propagation Delay,ns,LOT-14,124.42,18.4167,28.3134,18.7039,21.2523
CMP-000985,Logic IC,Iddq,µA,LOT-04,124.36,10.3189,27.1414,11.0665,13.845
CMP-000986,Memory IC,Standby Current,µA,LOT-12,125.11,24.6486,25.4342,25.9722,26.348
CMP-000987,ADC,Leakage Current,µA,LOT-06,123.87,4.9227,5.1178,5.2769,5.4201
CMP-000988,Driver IC,Propagation Delay,ns,LOT-19,124.88,18.1773,17.7452,18.2232,18.2966
CMP-000989,Logic IC,Iddq,µA,LOT-13,125.22,9.8384,12.5322,19.8477,31.923
CMP-000990,Memory IC,Standby Current,µA,LOT-02,124.38,24.5478,26.5985,38.0323,65.1617
CMP-000991,ADC,Leakage Current,µA,LOT-17,127.39,5.0107,5.1984,5.5116,5.5432
CMP-000992,Driver IC,Propagation Delay,ns,LOT-04,126.37,18.6556,20.6646,25.1834,33.6525
CMP-000993,Logic IC,Iddq,µA,LOT-16,126.18,9.7787,12.854,22.2151,37.7881
CMP-000994,Memory IC,Standby Current,µA,LOT-20,126.19,24.8159,28.6718,43.2105,63.8801
CMP-000995,ADC,Leakage Current,µA,LOT-11,124.2,5.3232,5.3995,5.584,5.8709
CMP-000996,Driver IC,Propagation Delay,ns,LOT-03,125.9,17.0232,18.2759,23.0386,32.0108
CMP-000997,Logic IC,Iddq,µA,LOT-09,125.0,10.2257,10.5511,10.7603,10.8173
CMP-000998,Memory IC,Standby Current,µA,LOT-19,127.57,24.9955,26.9087,47.1537,84.408
CMP-000999,ADC,Leakage Current,µA,LOT-13,124.97,5.1084,6.7569,12.1233,20.5349
CMP-001000,Driver IC,Propagation Delay,ns,LOT-03,125.69,19.0477,20.635,28.0285,39.4328
CMP-001001,Logic IC,Iddq,µA,LOT-03,125.78,10.0524,10.303,10.881,10.8683
CMP-001002,Memory IC,Standby Current,µA,LOT-11,125.46,26.1031,27.9275,38.5398,72.7943
CMP-001003,ADC,Leakage Current,µA,LOT-18,123.26,4.8559,5.0036,5.2957,5.2273
CMP-001004,Driver IC,Propagation Delay,ns,LOT-08,124.04,18.1711,18.5162,18.7948,18.9635
CMP-001005,Logic IC,Iddq,µA,LOT-14,123.78,10.3799,10.3394,10.643,10.8066
CMP-001006,Memory IC,Standby Current,µA,LOT-19,123.4,25.4776,26.3405,26.5497,27.4215
CMP-001007,ADC,Leakage Current,µA,LOT-05,125.2,4.8251,5.9856,11.9417,23.142
CMP-001008,Driver IC,Propagation Delay,ns,LOT-10,124.83,18.1119,19.6269,25.0423,40.5884
CMP-001009,Logic IC,Iddq,µA,LOT-02,126.19,9.8734,11.8833,18.1765,30.5646
CMP-001010,Memory IC,Standby Current,µA,LOT-03,126.22,26.1018,25.4285,26.2223,26.6973
CMP-001011,ADC,Leakage Current,µA,LOT-12,122.78,5.0915,6.479,11.3365,19.9468
CMP-001012,Driver IC,Propagation Delay,ns,LOT-09,126.97,17.716,18.0323,17.8481,18.379
CMP-001013,Logic IC,Iddq,µA,LOT-01,123.81,10.2665,13.0154,20.3206,34.9853
CMP-001014,Memory IC,Standby Current,µA,LOT-05,126.3,24.4012,28.3858,39.9678,62.9752
CMP-001015,ADC,Leakage Current,µA,LOT-15,123.13,5.1394,5.2644,5.5583,5.7157
CMP-001016,Driver IC,Propagation Delay,ns,LOT-06,126.45,17.2349,17.0924,17.4192,18.2691
CMP-001017,Logic IC,Iddq,µA,LOT-03,127.66,10.0896,10.2042,10.6781,10.9622
CMP-001018,Memory IC,Standby Current,µA,LOT-08,124.06,25.841,25.9409,26.1353,26.4903
CMP-001019,ADC,Leakage Current,µA,LOT-19,125.75,5.3061,6.6143,12.5072,24.325
CMP-001020,Driver IC,Propagation Delay,ns,LOT-19,127.76,17.6317,19.6282,24.6403,33.7908
CMP-001021,Logic IC,Iddq,µA,LOT-03,124.89,10.4636,12.3441,18.0362,35.7584
CMP-001022,Memory IC,Standby Current,µA,LOT-06,124.31,24.9309,25.4955,26.0113,26.1988
CMP-001023,ADC,Leakage Current,µA,LOT-20,126.13,5.0181,6.2979,13.6085,25.187
CMP-001024,Driver IC,Propagation Delay,ns,LOT-19,125.82,17.4969,18.7392,24.8343,40.314
CMP-001025,Logic IC,Iddq,µA,LOT-16,125.56,9.8468,12.0387,18.1756,33.5524
CMP-001026,Memory IC,Standby Current,µA,LOT-19,123.31,25.0815,28.3804,44.2399,63.7017
CMP-001027,ADC,Leakage Current,µA,LOT-11,123.2,4.9891,5.9624,11.7673,26.0291
CMP-001028,Driver IC,Propagation Delay,ns,LOT-04,125.97,17.4299,18.1197,17.7935,18.2116
CMP-001029,Logic IC,Iddq,µA,LOT-15,125.83,9.9094,10.067,10.4309,10.6208
CMP-001030,Memory IC,Standby Current,µA,LOT-20,125.96,25.3659,26.0568,26.306,26.4873
CMP-001031,ADC,Leakage Current,µA,LOT-06,125.75,4.5892,4.9149,5.0849,5.1864
CMP-001032,Driver IC,Propagation Delay,ns,LOT-19,122.43,17.9866,18.3472,18.4521,18.7632
CMP-001033,Logic IC,Iddq,µA,LOT-04,124.22,10.1684,21.8045,11.771,13.1124
CMP-001034,Memory IC,Standby Current,µA,LOT-05,124.78,24.5036,25.17,26.3902,26.2827
CMP-001035,ADC,Leakage Current,µA,LOT-17,126.06,5.3276,6.4101,10.7822,23.6028
CMP-001036,Driver IC,Propagation Delay,ns,LOT-11,124.36,17.8568,19.3654,26.0128,36.8093
CMP-001037,Logic IC,Iddq,µA,LOT-11,123.77,10.1483,11.7217,21.9098,45.2295
CMP-001038,Memory IC,Standby Current,µA,LOT-04,124.61,26.5585,26.3041,27.1949,27.5729
CMP-001039,ADC,Leakage Current,µA,LOT-13,128.08,4.9435,6.5779,10.5896,18.6766
CMP-001040,Driver IC,Propagation Delay,ns,LOT-19,122.21,18.1675,18.0513,18.3431,19.0205
CMP-001041,Logic IC,Iddq,µA,LOT-03,124.65,10.0583,10.0856,10.2136,10.4285
CMP-001042,Memory IC,Standby Current,µA,LOT-06,126.64,25.6485,27.0667,46.4076,83.4975
CMP-001043,ADC,Leakage Current,µA,LOT-07,126.64,5.1127,5.6077,12.7419,25.6397
CMP-001044,Driver IC,Propagation Delay,ns,LOT-06,124.81,18.3234,19.9505,26.6459,41.8928
CMP-001045,Logic IC,Iddq,µA,LOT-05,124.38,9.8395,9.9446,10.1422,10.5787
CMP-001046,Memory IC,Standby Current,µA,LOT-18,124.24,24.4789,24.3477,25.1643,24.8701
CMP-001047,ADC,Leakage Current,µA,LOT-09,122.09,5.0616,6.0752,10.8351,21.59
CMP-001048,Driver IC,Propagation Delay,ns,LOT-04,125.15,17.9579,18.7072,18.7157,18.7691
CMP-001049,Logic IC,Iddq,µA,LOT-03,127.91,10.0466,11.6549,21.5631,32.1234
CMP-001050,Memory IC,Standby Current,µA,LOT-06,125.04,24.7212,28.8296,37.4487,62.1608
CMP-001051,ADC,Leakage Current,µA,LOT-18,123.53,4.8301,5.0175,5.2593,5.3826
CMP-001052,Driver IC,Propagation Delay,ns,LOT-10,126.01,18.769,18.8901,18.8412,19.138
CMP-001053,Logic IC,Iddq,µA,LOT-05,125.63,9.5453,9.7194,9.9127,10.0929
CMP-001054,Memory IC,Standby Current,µA,LOT-01,126.67,25.8469,25.9141,26.6739,26.8413
CMP-001055,ADC,Leakage Current,µA,LOT-03,125.87,5.4488,5.5638,5.7835,5.9548
CMP-001056,Driver IC,Propagation Delay,ns,LOT-05,125.47,17.5846,30.4008,19.2896,21.3484
CMP-001057,Logic IC,Iddq,µA,LOT-20,125.25,9.6519,11.3701,17.268,30.9367
CMP-001058,Memory IC,Standby Current,µA,LOT-09,129.54,24.3325,24.6665,25.695,25.8986
CMP-001059,ADC,Leakage Current,µA,LOT-19,127.31,5.1263,5.3006,5.3268,5.5721
CMP-001060,Driver IC,Propagation Delay,ns,LOT-20,123.16,18.1556,18.7317,18.725,18.8882
CMP-001061,Logic IC,Iddq,µA,LOT-17,124.19,10.2425,10.4798,10.6892,10.9336
CMP-001062,Memory IC,Standby Current,µA,LOT-01,125.88,24.9442,27.8735,42.1851,68.0637
CMP-001063,ADC,Leakage Current,µA,LOT-06,125.39,4.6221,4.7467,4.884,4.9733
CMP-001064,Driver IC,Propagation Delay,ns,LOT-20,125.59,17.5658,17.5478,17.7523,18.183
CMP-001065,Logic IC,Iddq,µA,LOT-17,122.93,9.9501,10.9069,23.3275,45.7863
CMP-001066,Memory IC,Standby Current,µA,LOT-18,122.93,24.3198,28.4372,37.5525,56.2579
CMP-001067,ADC,Leakage Current,µA,LOT-05,123.2,4.6137,4.8951,4.9711,5.2662
CMP-001068,Driver IC,Propagation Delay,ns,LOT-15,122.98,17.6713,17.5993,17.9595,18.2243
CMP-001069,Logic IC,Iddq,µA,LOT-10,125.95,9.5581,10.8257,18.7266,34.5762
CMP-001070,Memory IC,Standby Current,µA,LOT-07,124.15,24.8278,29.101,45.3721,66.8381
CMP-001071,ADC,Leakage Current,µA,LOT-02,124.4,4.7364,4.8846,5.0706,5.2098
CMP-001072,Driver IC,Propagation Delay,ns,LOT-18,126.15,17.6136,17.4532,17.5459,17.7064
CMP-001073,Logic IC,Iddq,µA,LOT-10,123.91,10.0696,12.7731,22.3562,41.0769
CMP-001074,Memory IC,Standby Current,µA,LOT-13,122.73,24.8353,25.1022,25.5322,25.5524
CMP-001075,ADC,Leakage Current,µA,LOT-20,124.55,4.7415,5.5102,9.1939,23.2764
CMP-001076,Driver IC,Propagation Delay,ns,LOT-10,123.79,17.5321,17.5662,17.8583,17.7181
CMP-001077,Logic IC,Iddq,µA,LOT-13,124.24,9.9437,11.6939,22.5101,42.548
CMP-001078,Memory IC,Standby Current,µA,LOT-01,124.37,23.7845,24.3846,25.2845,25.6495
CMP-001079,ADC,Leakage Current,µA,LOT-16,124.62,4.8693,4.9528,5.2005,5.2756
CMP-001080,Driver IC,Propagation Delay,ns,LOT-14,127.85,19.0431,29.5836,20.5096,22.2205
CMP-001081,Logic IC,Iddq,µA,LOT-15,127.03,10.4249,10.623,10.6222,10.7068
CMP-001082,Memory IC,Standby Current,µA,LOT-10,125.75,25.2703,28.2512,42.6026,64.2507
CMP-001083,ADC,Leakage Current,µA,LOT-12,125.33,4.869,5.1034,5.293,5.4437
CMP-001084,Driver IC,Propagation Delay,ns,LOT-05,126.33,17.7241,18.3168,18.2499,18.422
CMP-001085,Logic IC,Iddq,µA,LOT-16,125.15,9.7873,10.1561,10.3606,10.5241
CMP-001086,Memory IC,Standby Current,µA,LOT-02,126.62,25.6123,27.6214,44.1666,80.9606
CMP-001087,ADC,Leakage Current,µA,LOT-08,122.79,4.7512,4.856,4.9711,5.1039
CMP-001088,Driver IC,Propagation Delay,ns,LOT-14,124.46,17.5651,18.0108,17.7505,18.2552
CMP-001089,Logic IC,Iddq,µA,LOT-12,123.59,10.2239,12.1023,19.9427,33.3688
CMP-001090,Memory IC,Standby Current,µA,LOT-09,125.14,24.6039,24.7709,25.6199,25.5967
CMP-001091,ADC,Leakage Current,µA,LOT-03,122.51,5.1316,5.3321,5.49,5.628
CMP-001092,Driver IC,Propagation Delay,ns,LOT-10,122.05,17.4677,18.0235,24.7795,40.2389
CMP-001093,Logic IC,Iddq,µA,LOT-13,126.05,10.1691,11.5067,23.0385,45.5791
CMP-001094,Memory IC,Standby Current,µA,LOT-06,124.81,24.7828,25.6252,26.7367,26.5331
CMP-001095,ADC,Leakage Current,µA,LOT-15,122.01,5.1582,5.2677,5.6419,5.6707
CMP-001096,Driver IC,Propagation Delay,ns,LOT-17,125.87,17.8264,17.6829,17.7556,18.1555
CMP-001097,Logic IC,Iddq,µA,LOT-03,123.62,9.6224,11.8244,21.718,34.684
CMP-001098,Memory IC,Standby Current,µA,LOT-17,129.15,25.0144,26.7555,42.5133,73.9265
CMP-001099,ADC,Leakage Current,µA,LOT-06,126.28,4.929,5.1089,5.2148,5.3357
CMP-001100,Driver IC,Propagation Delay,ns,LOT-06,125.11,18.4456,18.6029,19.1417,19.0906
CMP-001101,Logic IC,Iddq,µA,LOT-01,126.96,10.2492,10.3566,10.7728,10.998
CMP-001102,Memory IC,Standby Current,µA,LOT-19,124.38,26.0979,28.9652,42.0912,69.66
CMP-001103,ADC,Leakage Current,µA,LOT-10,127.0,4.8912,6.3397,11.3732,21.1513
CMP-001104,Driver IC,Propagation Delay,ns,LOT-16,126.98,18.6583,28.5843,19.9795,22.3268
CMP-001105,Logic IC,Iddq,µA,LOT-01,125.71,9.9642,11.9398,19.2271,31.233
CMP-001106,Memory IC,Standby Current,µA,LOT-07,123.23,25.4799,25.8575,26.4765,26.6992
CMP-001107,ADC,Leakage Current,µA,LOT-13,124.57,4.8655,5.0256,5.1611,5.3554
CMP-001108,Driver IC,Propagation Delay,ns,LOT-11,126.19,17.7596,18.4881,18.0486,18.1655
CMP-001109,Logic IC,Iddq,µA,LOT-17,123.35,9.8562,10.0159,10.143,10.3689
CMP-001110,Memory IC,Standby Current,µA,LOT-08,122.89,24.764,24.6125,25.1064,26.1169
CMP-001111,ADC,Leakage Current,µA,LOT-17,126.64,5.1419,5.2985,5.3628,5.648
CMP-001112,Driver IC,Propagation Delay,ns,LOT-03,124.55,18.4521,18.6947,18.6122,18.9822
CMP-001113,Logic IC,Iddq,µA,LOT-04,122.24,10.6,10.6255,10.6751,11.1517
CMP-001114,Memory IC,Standby Current,µA,LOT-18,123.18,25.1817,26.8463,40.7148,75.6419
CMP-001115,ADC,Leakage Current,µA,LOT-12,125.27,5.1086,6.246,13.7597,24.0807
CMP-001116,Driver IC,Propagation Delay,ns,LOT-03,125.15,17.5693,17.9328,18.3834,18.4908
CMP-001117,Logic IC,Iddq,µA,LOT-09,124.93,10.0259,11.6457,20.4503,32.4059
CMP-001118,Memory IC,Standby Current,µA,LOT-20,124.13,25.1643,25.7047,25.9439,26.7272
CMP-001119,ADC,Leakage Current,µA,LOT-02,126.0,4.6543,4.9079,4.9421,5.1627
CMP-001120,Driver IC,Propagation Delay,ns,LOT-03,123.75,18.3441,18.2458,19.1799,18.9403
CMP-001121,Logic IC,Iddq,µA,LOT-08,127.87,9.7619,9.8213,10.0616,10.3057
CMP-001122,Memory IC,Standby Current,µA,LOT-17,124.86,23.7332,42.9661,27.6277,29.0328
CMP-001123,ADC,Leakage Current,µA,LOT-07,127.57,5.1448,6.3045,10.5416,18.5868
CMP-001124,Driver IC,Propagation Delay,ns,LOT-20,125.29,17.4043,17.3375,17.8502,17.8882
CMP-001125,Logic IC,Iddq,µA,LOT-06,126.65,9.3471,12.0844,21.6285,32.2803
CMP-001126,Memory IC,Standby Current,µA,LOT-11,124.86,25.3458,28.0132,36.6544,60.101
CMP-001127,ADC,Leakage Current,µA,LOT-20,127.0,4.9752,5.0782,5.1595,5.4808
CMP-001128,Driver IC,Propagation Delay,ns,LOT-08,124.12,17.9023,19.922,24.1853,36.4015
CMP-001129,Logic IC,Iddq,µA,LOT-11,123.38,10.2856,11.9045,23.5146,45.8258
CMP-001130,Memory IC,Standby Current,µA,LOT-08,124.42,24.9216,25.1376,26.561,26.3179
CMP-001131,ADC,Leakage Current,µA,LOT-15,122.86,5.0854,5.2177,5.3952,5.5069
CMP-001132,Driver IC,Propagation Delay,ns,LOT-03,126.04,18.0444,20.3327,25.274,36.5272
CMP-001133,Logic IC,Iddq,µA,LOT-11,123.77,10.2599,25.9142,11.5025,14.0554
CMP-001134,Memory IC,Standby Current,µA,LOT-15,123.65,25.9465,27.9627,42.7668,77.8031
CMP-001135,ADC,Leakage Current,µA,LOT-19,126.34,5.2191,5.4292,5.5394,5.784
CMP-001136,Driver IC,Propagation Delay,ns,LOT-18,128.03,17.4066,19.8151,26.7402,35.6577
CMP-001137,Logic IC,Iddq,µA,LOT-16,126.92,10.1234,10.674,10.6952,10.861
CMP-001138,Memory IC,Standby Current,µA,LOT-15,123.73,25.9302,25.8043,26.6197,26.7761
CMP-001139,ADC,Leakage Current,µA,LOT-12,125.86,5.19,5.2528,5.3876,5.4212
CMP-001140,Driver IC,Propagation Delay,ns,LOT-13,125.15,17.8761,18.0557,18.0785,18.4323
CMP-001141,Logic IC,Iddq,µA,LOT-04,124.79,10.2162,10.3025,10.5275,10.6956
CMP-001142,Memory IC,Standby Current,µA,LOT-13,124.31,24.7049,48.191,27.433,31.4365
CMP-001143,ADC,Leakage Current,µA,LOT-15,125.0,5.1189,6.8462,10.3322,16.8182
CMP-001144,Driver IC,Propagation Delay,ns,LOT-11,124.31,17.3384,18.6332,25.9076,44.0558
CMP-001145,Logic IC,Iddq,µA,LOT-10,125.03,10.0343,10.3651,10.5317,10.7239
CMP-001146,Memory IC,Standby Current,µA,LOT-11,122.32,24.7861,25.2796,25.6827,26.3303
CMP-001147,ADC,Leakage Current,µA,LOT-02,124.55,4.5789,4.721,4.8443,5.0169
CMP-001148,Driver IC,Propagation Delay,ns,LOT-03,122.9,18.2286,26.7279,19.7503,20.5468
CMP-001149,Logic IC,Iddq,µA,LOT-08,125.04,9.6676,10.0423,10.3218,10.1288
CMP-001150,Memory IC,Standby Current,µA,LOT-14,125.35,25.3143,25.8127,26.0117,27.3608
CMP-001151,ADC,Leakage Current,µA,LOT-01,126.13,5.061,5.1472,5.4049,5.2821
CMP-001152,Driver IC,Propagation Delay,ns,LOT-10,125.86,17.9218,18.1219,18.4687,18.6831
CMP-001153,Logic IC,Iddq,µA,LOT-03,125.16,9.6968,10.2594,10.5455,10.5083
CMP-001154,Memory IC,Standby Current,µA,LOT-02,123.28,24.9358,50.2634,26.9322,30.1291
CMP-001155,ADC,Leakage Current,µA,LOT-01,124.13,5.0279,12.6558,5.4202,7.0572
CMP-001156,Driver IC,Propagation Delay,ns,LOT-05,124.37,17.59,17.5069,17.5208,17.6458
CMP-001157,Logic IC,Iddq,µA,LOT-07,124.3,10.0527,11.8594,19.954,39.5885
CMP-001158,Memory IC,Standby Current,µA,LOT-16,125.25,24.8116,25.5564,26.2067,26.2427
CMP-001159,ADC,Leakage Current,µA,LOT-13,125.43,5.1176,6.8369,12.0218,21.1784
CMP-001160,Driver IC,Propagation Delay,ns,LOT-14,124.59,18.3951,29.4477,20.2927,23.0224
CMP-001161,Logic IC,Iddq,µA,LOT-09,123.81,9.672,10.1879,10.4426,10.5642
CMP-001162,Memory IC,Standby Current,µA,LOT-06,126.57,25.0241,45.0492,26.0501,27.0981
CMP-001163,ADC,Leakage Current,µA,LOT-10,124.63,4.4918,4.6686,4.7267,4.9198
CMP-001164,Driver IC,Propagation Delay,ns,LOT-09,125.01,17.7112,17.4798,17.9156,17.9434
CMP-001165,Logic IC,Iddq,µA,LOT-13,123.17,9.9299,10.5041,10.7461,11.007
CMP-001166,Memory IC,Standby Current,µA,LOT-17,123.47,25.4891,29.8911,42.0866,72.2135
CMP-001167,ADC,Leakage Current,µA,LOT-18,125.13,4.9788,4.8739,5.0979,5.3269
CMP-001168,Driver IC,Propagation Delay,ns,LOT-14,123.75,17.9494,18.2849,18.1929,18.4047
CMP-001169,Logic IC,Iddq,µA,LOT-13,123.41,9.9402,10.7444,18.0875,34.0032
CMP-001170,Memory IC,Standby Current,µA,LOT-15,123.87,24.6623,25.1069,25.6522,26.5292
CMP-001171,ADC,Leakage Current,µA,LOT-09,124.11,4.9991,5.2939,5.3608,5.5347
CMP-001172,Driver IC,Propagation Delay,ns,LOT-01,125.99,17.6552,19.661,23.908,36.4333
CMP-001173,Logic IC,Iddq,µA,LOT-09,125.04,9.9372,10.1275,10.302,10.667
CMP-001174,Memory IC,Standby Current,µA,LOT-02,127.01,24.8941,24.8384,25.3334,26.1658
CMP-001175,ADC,Leakage Current,µA,LOT-20,125.09,4.9208,10.8363,5.9679,7.161
CMP-001176,Driver IC,Propagation Delay,ns,LOT-10,126.8,17.4412,17.9254,17.9852,18.1189
CMP-001177,Logic IC,Iddq,µA,LOT-01,127.41,10.6285,12.1075,23.0846,47.6604
CMP-001178,Memory IC,Standby Current,µA,LOT-13,123.99,25.1558,40.2266,28.7205,32.4082
CMP-001179,ADC,Leakage Current,µA,LOT-19,125.84,5.1906,6.8392,11.4997,20.3409
CMP-001180,Driver IC,Propagation Delay,ns,LOT-04,126.14,18.1912,20.4,26.1096,36.1784
CMP-001181,Logic IC,Iddq,µA,LOT-16,126.36,9.3419,9.6246,10.0025,10.119
CMP-001182,Memory IC,Standby Current,µA,LOT-20,125.28,25.0571,25.6115,26.0788,25.8786
CMP-001183,ADC,Leakage Current,µA,LOT-08,123.07,4.8896,5.0466,5.2119,5.3432
CMP-001184,Driver IC,Propagation Delay,ns,LOT-14,126.42,17.8176,17.9889,18.394,18.4536
CMP-001185,Logic IC,Iddq,µA,LOT-20,125.6,10.2125,10.4687,10.7075,10.645
CMP-001186,Memory IC,Standby Current,µA,LOT-07,124.35,24.7423,26.9273,40.6015,61.2985
CMP-001187,ADC,Leakage Current,µA,LOT-02,125.31,4.8776,5.7166,11.5244,24.3635
CMP-001188,Driver IC,Propagation Delay,ns,LOT-17,127.17,17.4608,17.5982,17.6788,17.8766
CMP-001189,Logic IC,Iddq,µA,LOT-01,126.8,9.8798,9.906,10.2569,10.3683
CMP-001190,Memory IC,Standby Current,µA,LOT-11,124.15,25.7349,41.3697,28.5131,33.385
CMP-001191,ADC,Leakage Current,µA,LOT-15,123.09,5.2187,5.1736,5.2788,5.4113
CMP-001192,Driver IC,Propagation Delay,ns,LOT-15,123.66,18.8402,18.6234,18.6499,18.7656
CMP-001193,Logic IC,Iddq,µA,LOT-09,124.3,10.2102,10.5182,10.6909,11.0911
CMP-001194,Memory IC,Standby Current,µA,LOT-17,125.66,25.1883,25.6861,26.4899,26.3752
CMP-001195,ADC,Leakage Current,µA,LOT-13,123.99,5.0108,6.5197,11.8632,22.4673
CMP-001196,Driver IC,Propagation Delay,ns,LOT-12,125.09,18.0318,18.3339,18.3959,18.8101
CMP-001197,Logic IC,Iddq,µA,LOT-11,123.7,10.5813,27.6488,11.6714,14.5968
CMP-001198,Memory IC,Standby Current,µA,LOT-13,123.33,24.0856,40.851,26.7726,28.6212
CMP-001199,ADC,Leakage Current,µA,LOT-20,127.57,5.1726,5.3655,5.5888,5.7335
CMP-001200,Driver IC,Propagation Delay,ns,LOT-17,124.96,18.0887,18.0278,18.4889,18.6268
CMP-001201,Logic IC,Iddq,µA,LOT-11,128.05,10.0158,10.3698,10.6094,10.8498
CMP-001202,Memory IC,Standby Current,µA,LOT-09,125.1,25.443,28.4675,37.6172,63.5683
CMP-001203,ADC,Leakage Current,µA,LOT-10,124.62,4.8947,5.0822,5.2627,5.4639
CMP-001204,Driver IC,Propagation Delay,ns,LOT-04,125.69,18.8124,21.1591,28.5253,43.5351
CMP-001205,Logic IC,Iddq,µA,LOT-16,121.79,9.8357,9.9549,9.8317,10.2534
CMP-001206,Memory IC,Standby Current,µA,LOT-15,125.27,25.5369,25.9569,25.9624,26.1962
CMP-001207,ADC,Leakage Current,µA,LOT-19,124.89,5.1051,14.683,5.7235,7.3984
CMP-001208,Driver IC,Propagation Delay,ns,LOT-19,125.13,17.3717,17.8431,18.3583,18.1363
CMP-001209,Logic IC,Iddq,µA,LOT-04,123.66,10.2575,10.4045,10.6708,10.7851
CMP-001210,Memory IC,Standby Current,µA,LOT-20,125.53,24.6596,24.8012,25.3131,25.9448
CMP-001211,ADC,Leakage Current,µA,LOT-17,123.53,5.0475,5.1256,5.3541,5.4904
CMP-001212,Driver IC,Propagation Delay,ns,LOT-07,123.48,19.4117,19.1681,19.3782,19.3465
CMP-001213,Logic IC,Iddq,µA,LOT-17,126.54,9.9993,11.0072,21.7687,41.9495
CMP-001214,Memory IC,Standby Current,µA,LOT-10,122.62,24.6397,25.3524,25.693,25.9989
CMP-001215,ADC,Leakage Current,µA,LOT-09,123.86,4.9598,5.0769,5.089,5.2357
CMP-001216,Driver IC,Propagation Delay,ns,LOT-17,128.1,17.5205,19.1294,24.1441,34.0084
CMP-001217,Logic IC,Iddq,µA,LOT-04,126.71,9.8606,11.8068,17.0406,30.6519
CMP-001218,Memory IC,Standby Current,µA,LOT-18,124.95,25.36,25.7565,26.0152,27.098
CMP-001219,ADC,Leakage Current,µA,LOT-11,127.61,5.545,7.0197,11.9237,21.5573
CMP-001220,Driver IC,Propagation Delay,ns,LOT-10,124.47,17.744,17.7956,17.8477,18.154
CMP-001221,Logic IC,Iddq,µA,LOT-06,125.07,9.4541,9.6768,9.9433,10.1744
CMP-001222,Memory IC,Standby Current,µA,LOT-12,122.13,26.6279,26.6721,27.3656,27.702
CMP-001223,ADC,Leakage Current,µA,LOT-16,126.34,4.8503,5.8776,11.6073,22.4991
CMP-001224,Driver IC,Propagation Delay,ns,LOT-13,124.32,18.1555,18.2831,18.3777,18.3842
CMP-001225,Logic IC,Iddq,µA,LOT-03,127.01,10.7636,12.593,19.8449,37.483
CMP-001226,Memory IC,Standby Current,µA,LOT-08,126.12,24.5473,24.8339,25.0231,25.5045
CMP-001227,ADC,Leakage Current,µA,LOT-20,126.22,4.6685,5.7548,10.808,21.5505
CMP-001228,Driver IC,Propagation Delay,ns,LOT-04,123.88,17.3462,17.6889,17.7411,17.9973
CMP-001229,Logic IC,Iddq,µA,LOT-09,122.58,10.1967,10.4894,10.8087,10.9252
CMP-001230,Memory IC,Standby Current,µA,LOT-20,125.76,25.3942,26.5893,38.7981,75.1694
CMP-001231,ADC,Leakage Current,µA,LOT-11,127.98,4.8543,4.8993,5.2224,5.4852
CMP-001232,Driver IC,Propagation Delay,ns,LOT-07,123.28,18.9529,32.1156,19.2545,20.4768
CMP-001233,Logic IC,Iddq,µA,LOT-13,123.71,10.2181,10.232,10.3812,10.7219
CMP-001234,Memory IC,Standby Current,µA,LOT-02,124.85,24.7469,25.172,25.4845,26.1564
CMP-001235,ADC,Leakage Current,µA,LOT-17,125.92,5.2551,5.4848,5.6479,5.6818
CMP-001236,Driver IC,Propagation Delay,ns,LOT-08,124.42,18.0605,17.9111,18.4657,18.9838
CMP-001237,Logic IC,Iddq,µA,LOT-15,122.55,9.9145,11.64,19.8695,32.1487
CMP-001238,Memory IC,Standby Current,µA,LOT-14,125.89,25.0783,25.6464,25.7976,26.0929
CMP-001239,ADC,Leakage Current,µA,LOT-01,122.77,5.195,5.4382,5.4947,5.6072
CMP-001240,Driver IC,Propagation Delay,ns,LOT-05,124.78,18.1177,18.0326,18.5042,18.495
CMP-001241,Logic IC,Iddq,µA,LOT-05,122.59,9.5208,9.8372,10.2503,10.4171
CMP-001242,Memory IC,Standby Current,µA,LOT-13,123.37,24.751,53.2155,28.0459,31.6302
CMP-001243,ADC,Leakage Current,µA,LOT-16,124.44,4.781,4.9532,5.0954,5.347
CMP-001244,Driver IC,Propagation Delay,ns,LOT-09,124.7,17.9084,17.891,18.4036,18.6355
CMP-001245,Logic IC,Iddq,µA,LOT-20,123.66,10.0711,10.1657,10.5243,10.7049
CMP-001246,Memory IC,Standby Current,µA,LOT-07,125.1,25.2244,24.9184,25.136,25.4752
CMP-001247,ADC,Leakage Current,µA,LOT-18,126.28,4.7599,4.9888,4.9775,5.2196
CMP-001248,Driver IC,Propagation Delay,ns,LOT-03,127.7,17.8982,20.0712,26.7074,36.0983
CMP-001249,Logic IC,Iddq,µA,LOT-18,125.08,9.938,19.9333,11.3308,12.7661
CMP-001250,Memory IC,Standby Current,µA,LOT-01,126.02,25.1853,30.2965,39.454,67.0634
CMP-001251,ADC,Leakage Current,µA,LOT-13,124.09,4.8906,6.0512,11.6762,20.5894
CMP-001252,Driver IC,Propagation Delay,ns,LOT-05,125.52,18.238,18.3963,18.7702,19.4015
CMP-001253,Logic IC,Iddq,µA,LOT-01,128.02,10.2652,11.9597,20.9092,33.3196
CMP-001254,Memory IC,Standby Current,µA,LOT-10,121.8,25.213,25.2247,25.357,25.6082
CMP-001255,ADC,Leakage Current,µA,LOT-01,127.1,4.9808,4.8962,5.1365,5.3333
CMP-001256,Driver IC,Propagation Delay,ns,LOT-20,120.95,18.226,18.3119,18.4417,18.8417
CMP-001257,Logic IC,Iddq,µA,LOT-04,125.13,10.3913,10.7008,10.9563,10.8978
CMP-001258,Memory IC,Standby Current,µA,LOT-18,124.57,26.2849,25.815,26.9657,26.7218
CMP-001259,ADC,Leakage Current,µA,LOT-17,126.21,4.9677,5.2102,5.3211,5.5089
CMP-001260,Driver IC,Propagation Delay,ns,LOT-15,125.13,17.9873,18.4338,18.5143,18.5948
CMP-001261,Logic IC,Iddq,µA,LOT-11,123.49,9.87,11.7851,18.9395,29.8761
CMP-001262,Memory IC,Standby Current,µA,LOT-17,124.21,25.9698,25.8254,26.9476,26.9955
CMP-001263,ADC,Leakage Current,µA,LOT-07,122.5,4.8454,5.404,10.7398,22.5464
CMP-001264,Driver IC,Propagation Delay,ns,LOT-11,126.87,18.2509,18.3824,18.707,18.7286
CMP-001265,Logic IC,Iddq,µA,LOT-03,124.38,10.564,12.3829,21.7767,33.0354
CMP-001266,Memory IC,Standby Current,µA,LOT-12,126.51,24.9361,42.2609,26.6774,28.2748
CMP-001267,ADC,Leakage Current,µA,LOT-18,127.34,4.8169,13.6438,5.1537,5.6682
CMP-001268,Driver IC,Propagation Delay,ns,LOT-03,124.8,18.1167,18.6128,18.8543,18.7185
CMP-001269,Logic IC,Iddq,µA,LOT-17,125.79,9.8668,11.0447,18.9254,39.6426
CMP-001270,Memory IC,Standby Current,µA,LOT-09,125.16,25.9127,28.069,40.9593,67.1814
CMP-001271,ADC,Leakage Current,µA,LOT-12,124.18,5.3111,5.4275,5.4846,5.7048
CMP-001272,Driver IC,Propagation Delay,ns,LOT-13,121.87,18.5026,18.2448,18.3381,18.3697
CMP-001273,Logic IC,Iddq,µA,LOT-13,123.89,9.8986,23.5971,11.787,13.3863
CMP-001274,Memory IC,Standby Current,µA,LOT-12,124.98,25.084,25.8423,26.1635,26.2815
CMP-001275,ADC,Leakage Current,µA,LOT-01,125.33,5.0479,5.1856,5.3455,5.3612
CMP-001276,Driver IC,Propagation Delay,ns,LOT-09,126.4,17.8106,18.0108,18.7716,18.5896
CMP-001277,Logic IC,Iddq,µA,LOT-04,122.77,10.1314,10.1936,10.3062,10.9754
CMP-001278,Memory IC,Standby Current,µA,LOT-09,122.43,24.331,41.9689,27.0872,28.83
CMP-001279,ADC,Leakage Current,µA,LOT-04,123.45,5.2845,5.2538,5.5138,5.7897
CMP-001280,Driver IC,Propagation Delay,ns,LOT-07,126.85,18.2692,18.9397,18.748,18.5832
CMP-001281,Logic IC,Iddq,µA,LOT-01,125.82,9.7992,10.0636,10.5112,10.7563
CMP-001282,Memory IC,Standby Current,µA,LOT-16,123.4,24.416,24.3115,24.7753,25.4085
CMP-001283,ADC,Leakage Current,µA,LOT-16,124.02,4.8356,6.0682,11.2655,22.3188
CMP-001284,Driver IC,Propagation Delay,ns,LOT-01,123.42,18.0214,17.9903,18.821,18.9203
CMP-001285,Logic IC,Iddq,µA,LOT-14,124.55,10.6135,10.9036,11.3653,11.3693
CMP-001286,Memory IC,Standby Current,µA,LOT-12,125.32,24.3858,24.7417,25.4955,26.3708
CMP-001287,ADC,Leakage Current,µA,LOT-19,125.38,5.2668,6.8887,10.9255,19.5976
CMP-001288,Driver IC,Propagation Delay,ns,LOT-20,125.14,18.0532,20.0208,26.785,39.4041
CMP-001289,Logic IC,Iddq,µA,LOT-13,122.81,10.0823,12.628,17.6567,31.6252
CMP-001290,Memory IC,Standby Current,µA,LOT-18,124.11,24.1675,27.1948,35.3973,55.8783
CMP-001291,ADC,Leakage Current,µA,LOT-19,125.54,5.2071,5.2675,5.5795,5.6923
CMP-001292,Driver IC,Propagation Delay,ns,LOT-14,124.48,18.511,19.1203,18.8904,19.1742
CMP-001293,Logic IC,Iddq,µA,LOT-17,124.29,10.1272,11.2403,20.93,39.5219
CMP-001294,Memory IC,Standby Current,µA,LOT-17,124.75,25.3845,25.4797,26.459,27.5388
CMP-001295,ADC,Leakage Current,µA,LOT-11,126.46,5.1497,12.6858,6.3972,7.5936
CMP-001296,Driver IC,Propagation Delay,ns,LOT-04,125.51,18.5835,18.7479,18.8507,19.0368
CMP-001297,Logic IC,Iddq,µA,LOT-20,126.37,9.8769,10.1278,10.2729,10.6561
CMP-001298,Memory IC,Standby Current,µA,LOT-06,125.56,24.5266,24.8522,25.2609,26.2228
CMP-001299,ADC,Leakage Current,µA,LOT-17,122.85,5.0141,5.0937,5.2207,5.4178
CMP-001300,Driver IC,Propagation Delay,ns,LOT-08,125.37,18.4936,20.6239,25.3523,40.9962
CMP-001301,Logic IC,Iddq,µA,LOT-01,123.82,10.0295,10.5381,10.8449,11.148
CMP-001302,Memory IC,Standby Current,µA,LOT-20,125.82,24.8392,28.3895,42.6408,64.9442
CMP-001303,ADC,Leakage Current,µA,LOT-16,124.41,4.4368,5.3909,10.8394,21.6066
CMP-001304,Driver IC,Propagation Delay,ns,LOT-16,126.35,17.9674,31.7975,19.4672,20.2737
CMP-001305,Logic IC,Iddq,µA,LOT-12,124.31,10.0531,10.5077,10.8166,11.2463
CMP-001306,Memory IC,Standby Current,µA,LOT-05,124.45,24.1517,24.8966,25.5249,25.6974
CMP-001307,ADC,Leakage Current,µA,LOT-03,124.97,5.2688,10.0745,6.7862,8.7804
CMP-001308,Driver IC,Propagation Delay,ns,LOT-17,126.53,19.1215,18.846,19.4767,19.3828
CMP-001309,Logic IC,Iddq,µA,LOT-20,127.3,10.0514,12.1624,24.3643,44.5421
CMP-001310,Memory IC,Standby Current,µA,LOT-05,125.06,24.6529,25.2594,25.7304,25.9609
CMP-001311,ADC,Leakage Current,µA,LOT-06,124.96,4.9448,6.1991,11.4065,18.7227
CMP-001312,Driver IC,Propagation Delay,ns,LOT-11,123.9,17.7367,18.9997,28.3228,45.8467
CMP-001313,Logic IC,Iddq,µA,LOT-15,125.93,9.9916,10.4055,10.4318,10.6568
CMP-001314,Memory IC,Standby Current,µA,LOT-19,125.23,24.2927,24.6832,25.9266,26.049
CMP-001315,ADC,Leakage Current,µA,LOT-05,126.59,4.4308,5.7639,10.5516,19.2186
CMP-001316,Driver IC,Propagation Delay,ns,LOT-13,123.62,18.5632,18.7183,19.1903,19.4623
CMP-001317,Logic IC,Iddq,µA,LOT-06,125.32,8.827,10.8152,19.9373,32.4799
CMP-001318,Memory IC,Standby Current,µA,LOT-04,126.74,25.5037,43.0782,28.9991,30.5159
CMP-001319,ADC,Leakage Current,µA,LOT-11,123.96,4.8476,5.0747,5.2578,5.365
CMP-001320,Driver IC,Propagation Delay,ns,LOT-10,125.59,17.6222,19.2556,25.5636,40.9565
CMP-001321,Logic IC,Iddq,µA,LOT-11,122.36,10.8376,10.9799,11.1236,11.3718
CMP-001322,Memory IC,Standby Current,µA,LOT-12,126.27,24.8346,28.1895,44.166,80.1753
CMP-001323,ADC,Leakage Current,µA,LOT-19,127.02,5.1116,6.8581,12.5981,21.6837
CMP-001324,Driver IC,Propagation Delay,ns,LOT-09,123.78,17.9838,18.9217,28.4405,40.5427
CMP-001325,Logic IC,Iddq,µA,LOT-17,125.28,10.0326,10.087,10.1125,10.2493
CMP-001326,Memory IC,Standby Current,µA,LOT-11,123.8,25.464,28.1762,42.437,70.0664
CMP-001327,ADC,Leakage Current,µA,LOT-05,125.48,4.6968,6.468,12.0518,22.3597
CMP-001328,Driver IC,Propagation Delay,ns,LOT-07,125.42,18.2235,18.6208,18.7058,18.7941
CMP-001329,Logic IC,Iddq,µA,LOT-18,127.12,9.7185,10.2523,10.6406,10.7911
CMP-001330,Memory IC,Standby Current,µA,LOT-15,126.4,23.211,48.399,24.5204,26.6282
CMP-001331,ADC,Leakage Current,µA,LOT-20,126.97,4.8012,5.0898,5.268,5.3064
CMP-001332,Driver IC,Propagation Delay,ns,LOT-01,125.81,18.6461,18.9781,19.1186,19.9716
CMP-001333,Logic IC,Iddq,µA,LOT-10,127.08,9.7429,12.4709,21.6048,37.9616
CMP-001334,Memory IC,Standby Current,µA,LOT-05,126.14,24.3904,24.7706,25.3831,25.7802
CMP-001335,ADC,Leakage Current,µA,LOT-05,126.16,4.6577,4.7369,4.7763,4.932
CMP-001336,Driver IC,Propagation Delay,ns,LOT-14,128.02,18.1889,18.3755,18.4137,18.7312
CMP-001337,Logic IC,Iddq,µA,LOT-16,127.74,9.9251,10.281,10.5551,10.5917
CMP-001338,Memory IC,Standby Current,µA,LOT-06,125.55,24.3036,28.3328,41.5102,70.9223
CMP-001339,ADC,Leakage Current,µA,LOT-07,122.87,5.1633,5.4377,5.5523,5.7464
CMP-001340,Driver IC,Propagation Delay,ns,LOT-04,123.48,18.7559,18.9168,19.1917,19.3562
CMP-001341,Logic IC,Iddq,µA,LOT-18,124.99,10.4111,10.5941,10.9237,11.1491
CMP-001342,Memory IC,Standby Current,µA,LOT-20,125.36,24.3893,25.0399,25.6449,26.0591
CMP-001343,ADC,Leakage Current,µA,LOT-14,123.99,5.2215,5.5323,5.6639,5.6949
CMP-001344,Driver IC,Propagation Delay,ns,LOT-19,122.37,17.6365,17.7707,17.835,18.3666
CMP-001345,Logic IC,Iddq,µA,LOT-14,124.62,10.0995,10.2276,10.2511,10.6392
CMP-001346,Memory IC,Standby Current,µA,LOT-14,127.46,25.4781,28.5361,47.6731,73.3658
CMP-001347,ADC,Leakage Current,µA,LOT-03,124.45,5.345,6.197,13.2134,26.2025
CMP-001348,Driver IC,Propagation Delay,ns,LOT-01,122.88,17.8817,27.6498,18.3254,19.3229
CMP-001349,Logic IC,Iddq,µA,LOT-10,125.2,9.9761,9.8355,10.3594,10.817
CMP-001350,Memory IC,Standby Current,µA,LOT-17,122.38,25.026,29.4932,42.6675,68.8829
CMP-001351,ADC,Leakage Current,µA,LOT-11,125.6,4.9433,5.1031,5.1407,5.3988
CMP-001352,Driver IC,Propagation Delay,ns,LOT-12,124.86,18.4212,19.8136,24.9233,40.5312
CMP-001353,Logic IC,Iddq,µA,LOT-03,125.88,9.9275,10.3404,10.4179,10.6217
CMP-001354,Memory IC,Standby Current,µA,LOT-09,124.08,23.9162,24.8002,25.3778,25.718
CMP-001355,ADC,Leakage Current,µA,LOT-09,123.54,4.6343,4.8785,4.9632,4.9661
CMP-001356,Driver IC,Propagation Delay,ns,LOT-13,125.03,18.0221,18.1302,18.3578,18.8179
CMP-001357,Logic IC,Iddq,µA,LOT-06,123.43,9.676,9.9398,10.297,10.4121
CMP-001358,Memory IC,Standby Current,µA,LOT-13,125.78,25.0324,25.0209,25.8366,26.0805
CMP-001359,ADC,Leakage Current,µA,LOT-12,124.5,5.0814,6.2717,12.2348,26.3524
CMP-001360,Driver IC,Propagation Delay,ns,LOT-20,123.83,17.9592,18.5035,18.6232,18.4664
CMP-001361,Logic IC,Iddq,µA,LOT-09,123.38,9.9274,10.0496,10.3653,10.5185
CMP-001362,Memory IC,Standby Current,µA,LOT-03,126.31,26.5816,41.705,27.8187,31.0865
CMP-001363,ADC,Leakage Current,µA,LOT-20,126.18,4.8918,5.0476,5.1761,5.3173
CMP-001364,Driver IC,Propagation Delay,ns,LOT-06,124.69,17.3616,30.9416,18.2062,19.9492
CMP-001365,Logic IC,Iddq,µA,LOT-19,123.32,10.4915,13.5437,22.5311,34.9014
CMP-001366,Memory IC,Standby Current,µA,LOT-15,125.41,25.3518,26.4302,26.7023,27.0987
CMP-001367,ADC,Leakage Current,µA,LOT-18,129.3,4.5279,5.6248,11.0262,20.2862
CMP-001368,Driver IC,Propagation Delay,ns,LOT-11,124.23,17.6579,19.1051,27.8515,43.1517
CMP-001369,Logic IC,Iddq,µA,LOT-10,123.8,10.1631,10.2445,10.6367,10.7588
CMP-001370,Memory IC,Standby Current,µA,LOT-14,123.52,24.3315,24.8983,25.1705,26.1864
CMP-001371,ADC,Leakage Current,µA,LOT-04,124.81,5.1337,5.4092,5.4841,5.7049
CMP-001372,Driver IC,Propagation Delay,ns,LOT-11,123.93,18.7613,18.7844,18.8445,19.1616
CMP-001373,Logic IC,Iddq,µA,LOT-17,126.67,9.8715,11.8017,18.6372,40.1279
CMP-001374,Memory IC,Standby Current,µA,LOT-05,125.47,25.3561,26.0844,26.1077,26.2878
CMP-001375,ADC,Leakage Current,µA,LOT-10,126.14,4.9123,6.3035,12.0595,19.1227
CMP-001376,Driver IC,Propagation Delay,ns,LOT-07,124.9,17.9694,17.8866,18.2103,18.8675
CMP-001377,Logic IC,Iddq,µA,LOT-16,122.23,9.1573,10.648,19.5354,36.3867
CMP-001378,Memory IC,Standby Current,µA,LOT-19,124.79,24.8826,29.1569,41.1044,72.1552
CMP-001379,ADC,Leakage Current,µA,LOT-18,127.2,4.6552,4.8033,4.9188,5.0994
CMP-001380,Driver IC,Propagation Delay,ns,LOT-18,125.48,17.8458,17.9876,18.6518,18.735
CMP-001381,Logic IC,Iddq,µA,LOT-19,126.59,10.0461,10.2092,10.5476,10.8617
CMP-001382,Memory IC,Standby Current,µA,LOT-15,126.22,24.6136,25.0165,25.8955,25.9428
CMP-001383,ADC,Leakage Current,µA,LOT-14,126.64,4.94,4.9769,5.3331,5.4853
CMP-001384,Driver IC,Propagation Delay,ns,LOT-13,124.03,18.2907,18.1577,18.1394,18.2767
CMP-001385,Logic IC,Iddq,µA,LOT-11,122.57,9.9519,10.4676,10.4704,10.9016
CMP-001386,Memory IC,Standby Current,µA,LOT-16,124.69,25.2418,25.4745,26.0876,26.9398
CMP-001387,ADC,Leakage Current,µA,LOT-06,123.64,4.676,4.8188,5.0181,5.0703
CMP-001388,Driver IC,Propagation Delay,ns,LOT-07,121.89,18.5091,18.7076,19.7203,19.2663
CMP-001389,Logic IC,Iddq,µA,LOT-16,123.53,9.8969,10.1884,10.5167,10.6636
CMP-001390,Memory IC,Standby Current,µA,LOT-05,123.91,24.0292,28.7671,41.941,63.856
CMP-001391,ADC,Leakage Current,µA,LOT-14,124.31,5.2696,5.8156,12.5331,25.1913
CMP-001392,Driver IC,Propagation Delay,ns,LOT-16,124.0,18.5766,19.122,19.1393,19.6977
CMP-001393,Logic IC,Iddq,µA,LOT-20,126.19,10.0712,10.4125,10.6514,11.0819
CMP-001394,Memory IC,Standby Current,µA,LOT-09,124.15,25.9141,26.444,26.6565,27.2069
CMP-001395,ADC,Leakage Current,µA,LOT-04,125.88,5.3864,5.491,5.5969,5.9444
CMP-001396,Driver IC,Propagation Delay,ns,LOT-08,124.11,18.7699,28.8792,19.3296,21.6386
CMP-001397,Logic IC,Iddq,µA,LOT-16,124.72,9.7145,9.9779,10.5524,10.7776
CMP-001398,Memory IC,Standby Current,µA,LOT-04,125.58,26.2691,26.2652,26.8776,27.0006
CMP-001399,ADC,Leakage Current,µA,LOT-07,124.21,5.127,6.2562,13.5579,26.5686
CMP-001400,Driver IC,Propagation Delay,ns,LOT-11,124.7,18.8499,20.663,24.9287,38.4114
CMP-001401,Logic IC,Iddq,µA,LOT-15,127.63,9.6723,9.9376,10.0958,10.5551
CMP-001402,Memory IC,Standby Current,µA,LOT-18,127.65,24.8826,25.6698,25.7484,26.3529
CMP-001403,ADC,Leakage Current,µA,LOT-07,123.78,5.0562,5.2965,5.2996,5.3446
CMP-001404,Driver IC,Propagation Delay,ns,LOT-09,124.8,18.5643,29.5912,20.3203,22.7229
CMP-001405,Logic IC,Iddq,µA,LOT-08,123.62,9.7487,10.1082,10.2946,10.3422
CMP-001406,Memory IC,Standby Current,µA,LOT-18,125.37,24.1626,24.6933,25.4603,25.9668
CMP-001407,ADC,Leakage Current,µA,LOT-05,127.82,4.5812,6.309,11.7041,22.5216
CMP-001408,Driver IC,Propagation Delay,ns,LOT-17,124.97,18.3319,18.3078,18.5069,18.8426
CMP-001409,Logic IC,Iddq,µA,LOT-19,127.02,10.2811,12.6723,18.0885,31.8226
CMP-001410,Memory IC,Standby Current,µA,LOT-04,124.62,25.5922,26.3384,26.5147,27.1122
CMP-001411,ADC,Leakage Current,µA,LOT-04,123.8,5.3186,6.5515,11.3731,19.7966
CMP-001412,Driver IC,Propagation Delay,ns,LOT-20,125.83,17.2095,17.9214,17.9027,18.2433
CMP-001413,Logic IC,Iddq,µA,LOT-01,124.34,9.947,9.9471,10.4017,10.79
CMP-001414,Memory IC,Standby Current,µA,LOT-02,126.4,24.9651,25.1587,25.4414,25.7815
CMP-001415,ADC,Leakage Current,µA,LOT-14,126.65,5.2019,5.3105,5.5486,5.7391
CMP-001416,Driver IC,Propagation Delay,ns,LOT-05,126.46,17.5858,31.1173,19.1298,20.2199
CMP-001417,Logic IC,Iddq,µA,LOT-05,121.46,9.6161,9.6929,10.0969,10.222
CMP-001418,Memory IC,Standby Current,µA,LOT-13,123.21,24.9376,25.1588,25.3675,26.4186
CMP-001419,ADC,Leakage Current,µA,LOT-04,126.89,5.0405,6.4093,9.618,20.4227
CMP-001420,Driver IC,Propagation Delay,ns,LOT-17,124.2,17.8094,18.4766,17.9355,18.7043
CMP-001421,Logic IC,Iddq,µA,LOT-17,124.38,9.9264,10.1439,10.1522,10.7093
CMP-001422,Memory IC,Standby Current,µA,LOT-13,124.06,24.8798,25.4463,25.6525,26.1708
CMP-001423,ADC,Leakage Current,µA,LOT-20,126.5,5.0192,5.1932,5.3305,5.4454
CMP-001424,Driver IC,Propagation Delay,ns,LOT-11,127.68,18.6351,20.2919,25.5165,38.5907
CMP-001425,Logic IC,Iddq,µA,LOT-02,126.09,9.6811,9.8522,9.8398,10.3333
CMP-001426,Memory IC,Standby Current,µA,LOT-20,123.59,24.5711,25.0793,25.5312,26.6693
CMP-001427,ADC,Leakage Current,µA,LOT-20,125.02,4.8283,4.9867,5.0986,5.4141
CMP-001428,Driver IC,Propagation Delay,ns,LOT-01,126.43,17.6829,19.1108,28.0205,40.1708
CMP-001429,Logic IC,Iddq,µA,LOT-10,127.55,9.6872,9.8787,9.847,10.3357
CMP-001430,Memory IC,Standby Current,µA,LOT-09,127.67,25.0577,26.8423,43.5578,71.8309
CMP-001431,ADC,Leakage Current,µA,LOT-16,123.46,4.3877,5.7707,10.9843,17.3392
CMP-001432,Driver IC,Propagation Delay,ns,LOT-18,126.03,17.7287,17.69,18.0769,17.8513
CMP-001433,Logic IC,Iddq,µA,LOT-09,124.9,9.7234,10.1105,10.3521,10.6242
CMP-001434,Memory IC,Standby Current,µA,LOT-01,122.53,24.7699,25.2433,25.4463,25.9355
CMP-001435,ADC,Leakage Current,µA,LOT-04,125.08,5.3944,5.6284,5.6262,5.7747
CMP-001436,Driver IC,Propagation Delay,ns,LOT-15,125.89,18.5104,19.4533,25.9815,39.0254
CMP-001437,Logic IC,Iddq,µA,LOT-18,125.66,10.0765,21.1227,12.3313,13.533
CMP-001438,Memory IC,Standby Current,µA,LOT-15,126.66,24.7198,25.5801,25.5514,26.4011
CMP-001439,ADC,Leakage Current,µA,LOT-07,125.77,4.7923,4.9074,5.1254,5.3007
CMP-001440,Driver IC,Propagation Delay,ns,LOT-19,122.0,17.5142,18.0442,18.0853,17.9727
CMP-001441,Logic IC,Iddq,µA,LOT-17,125.04,9.7501,10.0317,10.3492,10.5551
CMP-001442,Memory IC,Standby Current,µA,LOT-09,125.29,24.7357,24.6516,25.4254,25.7209
CMP-001443,ADC,Leakage Current,µA,LOT-03,126.17,4.9926,6.8487,11.8539,19.3907
CMP-001444,Driver IC,Propagation Delay,ns,LOT-11,127.26,18.293,18.6871,18.8296,18.8935
CMP-001445,Logic IC,Iddq,µA,LOT-18,125.58,9.6775,11.339,20.3405,30.858
CMP-001446,Memory IC,Standby Current,µA,LOT-10,124.17,24.3011,24.7542,25.4626,25.5078
CMP-001447,ADC,Leakage Current,µA,LOT-07,124.98,4.7784,5.9548,11.3875,18.0052
CMP-001448,Driver IC,Propagation Delay,ns,LOT-02,125.57,18.0556,18.6871,27.4609,44.7761
CMP-001449,Logic IC,Iddq,µA,LOT-07,124.32,9.9627,25.4273,12.1037,15.0867
CMP-001450,Memory IC,Standby Current,µA,LOT-20,124.07,25.4396,26.104,26.6138,26.994
CMP-001451,ADC,Leakage Current,µA,LOT-14,124.05,5.2383,6.5478,11.9412,20.9218
CMP-001452,Driver IC,Propagation Delay,ns,LOT-09,124.35,18.1631,19.7177,24.6535,40.4449
CMP-001453,Logic IC,Iddq,µA,LOT-08,126.02,9.7592,10.1053,10.299,10.3752
CMP-001454,Memory IC,Standby Current,µA,LOT-11,121.43,25.2355,27.9924,35.7677,67.5712
CMP-001455,ADC,Leakage Current,µA,LOT-11,124.65,5.5042,6.6587,9.6558,17.1643
CMP-001456,Driver IC,Propagation Delay,ns,LOT-12,123.91,18.6155,28.6222,19.3469,20.2309
CMP-001457,Logic IC,Iddq,µA,LOT-01,125.1,9.6752,10.1998,10.135,10.3689
CMP-001458,Memory IC,Standby Current,µA,LOT-13,122.54,24.5397,25.2711,25.3453,25.8242
CMP-001459,ADC,Leakage Current,µA,LOT-19,123.73,5.2175,5.4263,5.4676,5.5659
CMP-001460,Driver IC,Propagation Delay,ns,LOT-05,125.35,17.6998,18.3559,18.6589,18.9433
CMP-001461,Logic IC,Iddq,µA,LOT-16,125.34,9.6945,9.9831,10.2918,10.5984
CMP-001462,Memory IC,Standby Current,µA,LOT-13,124.37,24.7531,24.9176,25.1274,25.6361
CMP-001463,ADC,Leakage Current,µA,LOT-07,124.86,5.0201,6.5145,10.6082,16.8213
CMP-001464,Driver IC,Propagation Delay,ns,LOT-13,124.11,17.8446,31.354,19.1158,19.8926
CMP-001465,Logic IC,Iddq,µA,LOT-19,124.83,10.0302,10.3654,10.3758,11.0131
CMP-001466,Memory IC,Standby Current,µA,LOT-07,125.71,24.6978,25.1224,25.7882,26.0982
CMP-001467,ADC,Leakage Current,µA,LOT-14,124.59,5.2853,5.3653,5.4715,5.7297
CMP-001468,Driver IC,Propagation Delay,ns,LOT-02,126.85,18.2056,17.9961,18.511,19.0089
CMP-001469,Logic IC,Iddq,µA,LOT-01,127.88,9.9499,12.0418,17.9134,35.8873
CMP-001470,Memory IC,Standby Current,µA,LOT-09,123.65,24.0042,26.581,39.2964,72.3684
CMP-001471,ADC,Leakage Current,µA,LOT-01,123.82,4.9199,5.7335,13.037,21.4455
CMP-001472,Driver IC,Propagation Delay,ns,LOT-04,125.95,18.611,18.9623,19.1892,19.1914
CMP-001473,Logic IC,Iddq,µA,LOT-12,124.41,10.5381,12.5153,22.5063,36.3228
CMP-001474,Memory IC,Standby Current,µA,LOT-06,125.8,25.596,26.1921,26.5672,26.9917
CMP-001475,ADC,Leakage Current,µA,LOT-05,124.68,4.4824,4.6672,4.6407,4.9554
CMP-001476,Driver IC,Propagation Delay,ns,LOT-20,125.29,17.8173,19.8608,24.587,35.8895
CMP-001477,Logic IC,Iddq,µA,LOT-05,124.52,9.9018,12.9955,21.5824,39.6373
CMP-001478,Memory IC,Standby Current,µA,LOT-19,123.04,25.7004,30.1154,38.7027,67.3872
CMP-001479,ADC,Leakage Current,µA,LOT-03,126.29,5.2253,5.2251,5.3657,5.42
CMP-001480,Driver IC,Propagation Delay,ns,LOT-16,123.07,18.4129,24.8784,20.1568,20.8133
CMP-001481,Logic IC,Iddq,µA,LOT-16,124.06,9.7503,10.1973,10.6138,10.9525
CMP-001482,Memory IC,Standby Current,µA,LOT-13,127.65,23.9883,24.5446,24.8652,25.5506
CMP-001483,ADC,Leakage Current,µA,LOT-03,127.2,5.0422,6.4041,9.3852,17.9303
CMP-001484,Driver IC,Propagation Delay,ns,LOT-09,124.47,17.8722,31.0097,19.8322,21.7756
CMP-001485,Logic IC,Iddq,µA,LOT-08,125.64,10.3251,11.8251,21.5104,32.5844
CMP-001486,Memory IC,Standby Current,µA,LOT-17,123.95,24.8742,26.2621,36.6818,66.6535
CMP-001487,ADC,Leakage Current,µA,LOT-14,124.19,5.2347,6.4769,10.7393,22.4317
CMP-001488,Driver IC,Propagation Delay,ns,LOT-17,122.17,18.0586,18.7461,28.6243,38.3578
CMP-001489,Logic IC,Iddq,µA,LOT-07,124.83,10.0744,11.8292,20.1035,35.1347
CMP-001490,Memory IC,Standby Current,µA,LOT-18,126.63,24.5624,27.0088,38.3108,64.5525
CMP-001491,ADC,Leakage Current,µA,LOT-14,125.11,5.2013,5.3963,5.4494,5.6183
CMP-001492,Driver IC,Propagation Delay,ns,LOT-01,127.81,18.0205,17.9108,18.515,18.5181
CMP-001493,Logic IC,Iddq,µA,LOT-02,123.58,9.555,11.8811,19.448,35.7111
CMP-001494,Memory IC,Standby Current,µA,LOT-13,125.66,25.156,25.2893,26.0199,26.4731
CMP-001495,ADC,Leakage Current,µA,LOT-19,122.8,5.1387,5.1749,5.5224,5.4757
CMP-001496,Driver IC,Propagation Delay,ns,LOT-05,123.97,17.3213,25.6268,18.6283,20.8211
CMP-001497,Logic IC,Iddq,µA,LOT-01,126.08,10.2701,10.635,10.7861,10.8001
CMP-001498,Memory IC,Standby Current,µA,LOT-11,128.02,24.3163,26.6119,42.1205,80.2365
CMP-001499,ADC,Leakage Current,µA,LOT-11,124.64,5.3181,5.3425,5.5172,5.5522
CMP-001500,Driver IC,Propagation Delay,ns,LOT-18,125.45,17.8001,18.1661,18.1872,18.4278
CMP-001501,Logic IC,Iddq,µA,LOT-07,126.05,10.6331,11.7784,19.4098,39.3176
CMP-001502,Memory IC,Standby Current,µA,LOT-18,123.81,25.7569,25.5201,25.8281,26.2456
CMP-001503,ADC,Leakage Current,µA,LOT-17,123.63,4.7547,4.879,5.0128,5.286
CMP-001504,Driver IC,Propagation Delay,ns,LOT-07,125.0,17.9754,18.322,18.3822,18.5795
CMP-001505,Logic IC,Iddq,µA,LOT-07,126.85,9.635,10.0796,10.5735,10.7356
CMP-001506,Memory IC,Standby Current,µA,LOT-20,125.78,25.1505,25.3041,25.9706,26.3381
CMP-001507,ADC,Leakage Current,µA,LOT-12,124.61,5.2162,5.3311,5.4985,5.6538
CMP-001508,Driver IC,Propagation Delay,ns,LOT-06,125.98,17.8572,17.841,18.1465,18.2508
CMP-001509,Logic IC,Iddq,µA,LOT-08,127.29,9.8828,19.575,10.507,11.7247
CMP-001510,Memory IC,Standby Current,µA,LOT-08,126.12,24.878,24.801,25.7206,25.6571
CMP-001511,ADC,Leakage Current,µA,LOT-09,123.71,4.9137,4.9513,5.1063,5.2039
CMP-001512,Driver IC,Propagation Delay,ns,LOT-13,123.47,18.2781,30.0138,19.6431,20.8571
CMP-001513,Logic IC,Iddq,µA,LOT-18,126.55,9.8416,10.0303,10.0706,10.5795
CMP-001514,Memory IC,Standby Current,µA,LOT-01,126.53,25.5845,28.7603,38.4335,59.5544
CMP-001515,ADC,Leakage Current,µA,LOT-15,123.1,5.0217,13.2719,5.3214,7.1216
CMP-001516,Driver IC,Propagation Delay,ns,LOT-12,124.21,18.3226,20.3478,26.3518,36.3698
CMP-001517,Logic IC,Iddq,µA,LOT-18,127.22,10.1629,11.9838,19.1991,42.4034
CMP-001518,Memory IC,Standby Current,µA,LOT-09,120.71,24.0546,24.8601,25.4186,25.978
CMP-001519,ADC,Leakage Current,µA,LOT-09,126.77,5.1587,5.3031,5.3814,5.6745
CMP-001520,Driver IC,Propagation Delay,ns,LOT-11,124.29,17.4356,18.3816,27.6068,47.1263
CMP-001521,Logic IC,Iddq,µA,LOT-19,121.79,10.2912,12.3266,19.0709,39.6671
CMP-001522,Memory IC,Standby Current,µA,LOT-04,122.67,25.274,25.0104,25.315,25.8143
CMP-001523,ADC,Leakage Current,µA,LOT-07,125.83,5.0589,5.1832,5.3074,5.5199
CMP-001524,Driver IC,Propagation Delay,ns,LOT-01,126.84,18.0009,18.2586,18.1606,18.8804
CMP-001525,Logic IC,Iddq,µA,LOT-05,126.0,9.803,11.6957,18.4471,43.5354
CMP-001526,Memory IC,Standby Current,µA,LOT-20,128.82,24.7344,25.1287,25.7431,25.707
CMP-001527,ADC,Leakage Current,µA,LOT-17,126.53,5.0086,5.5824,9.8656,24.1197
CMP-001528,Driver IC,Propagation Delay,ns,LOT-13,127.55,18.1657,18.6594,18.7479,18.9742
CMP-001529,Logic IC,Iddq,µA,LOT-14,125.56,10.1846,13.0341,19.4517,34.8115
CMP-001530,Memory IC,Standby Current,µA,LOT-06,125.42,24.0747,24.7785,24.8898,25.3867
CMP-001531,ADC,Leakage Current,µA,LOT-20,125.48,4.9523,5.616,9.7282,19.6507
CMP-001532,Driver IC,Propagation Delay,ns,LOT-13,126.78,18.6226,18.4742,18.3608,18.7773
CMP-001533,Logic IC,Iddq,µA,LOT-01,122.2,9.932,10.278,10.327,10.5134
CMP-001534,Memory IC,Standby Current,µA,LOT-02,125.59,24.5921,24.8647,25.7435,25.9515
CMP-001535,ADC,Leakage Current,µA,LOT-13,123.88,4.867,5.7881,11.8253,22.0974
CMP-001536,Driver IC,Propagation Delay,ns,LOT-14,124.99,18.5351,18.4494,18.9416,18.5874
CMP-001537,Logic IC,Iddq,µA,LOT-01,124.98,9.983,9.9994,10.2929,10.5291
CMP-001538,Memory IC,Standby Current,µA,LOT-10,124.64,25.5399,25.8917,25.7738,26.6363
CMP-001539,ADC,Leakage Current,µA,LOT-15,125.12,5.0738,5.2965,5.4861,5.664
CMP-001540,Driver IC,Propagation Delay,ns,LOT-18,125.05,18.3084,18.488,18.8403,18.9283
CMP-001541,Logic IC,Iddq,µA,LOT-01,126.02,10.3696,11.531,19.4698,43.9619
CMP-001542,Memory IC,Standby Current,µA,LOT-15,124.42,25.1003,25.948,26.0697,26.2877
CMP-001543,ADC,Leakage Current,µA,LOT-10,124.83,5.0857,5.375,5.5875,5.6311
CMP-001544,Driver IC,Propagation Delay,ns,LOT-06,124.25,18.1206,18.1666,17.7431,18.1455
CMP-001545,Logic IC,Iddq,µA,LOT-12,126.57,9.9454,11.2915,20.8036,35.7901
CMP-001546,Memory IC,Standby Current,µA,LOT-18,125.77,24.9128,26.6245,38.8526,65.9901
CMP-001547,ADC,Leakage Current,µA,LOT-11,124.6,5.0349,5.8734,10.7949,21.7536
CMP-001548,Driver IC,Propagation Delay,ns,LOT-10,126.93,17.2727,17.318,17.8061,17.9013
CMP-001549,Logic IC,Iddq,µA,LOT-07,125.34,10.0793,10.4409,10.7723,11.0575
CMP-001550,Memory IC,Standby Current,µA,LOT-20,126.0,25.8773,25.6266,26.2048,25.9618
CMP-001551,ADC,Leakage Current,µA,LOT-16,124.0,4.6765,12.2524,6.067,7.6353
CMP-001552,Driver IC,Propagation Delay,ns,LOT-01,125.88,17.8262,18.4034,18.251,18.1749
CMP-001553,Logic IC,Iddq,µA,LOT-04,122.82,10.0338,10.3757,10.8066,11.054
CMP-001554,Memory IC,Standby Current,µA,LOT-20,124.31,24.8533,29.0465,41.0999,67.6746
CMP-001555,ADC,Leakage Current,µA,LOT-15,124.71,5.5562,5.6589,5.8314,5.9837
CMP-001556,Driver IC,Propagation Delay,ns,LOT-11,126.66,18.1952,18.1602,18.5405,19.0984
CMP-001557,Logic IC,Iddq,µA,LOT-17,125.33,9.9082,10.322,10.776,11.0947
CMP-001558,Memory IC,Standby Current,µA,LOT-17,126.72,24.8194,24.683,25.3624,26.4034
CMP-001559,ADC,Leakage Current,µA,LOT-15,126.53,4.8433,11.6407,5.8375,7.937
CMP-001560,Driver IC,Propagation Delay,ns,LOT-11,122.82,18.1916,20.0255,25.6097,39.8008
CMP-001561,Logic IC,Iddq,µA,LOT-15,124.28,10.1846,13.0377,20.2976,31.976
CMP-001562,Memory IC,Standby Current,µA,LOT-04,124.54,26.012,25.9167,26.4124,26.2951
CMP-001563,ADC,Leakage Current,µA,LOT-20,127.72,4.8308,5.1019,5.1939,5.2869
CMP-001564,Driver IC,Propagation Delay,ns,LOT-10,125.74,17.8772,18.2139,18.4795,18.5506
CMP-001565,Logic IC,Iddq,µA,LOT-06,123.36,10.4603,10.8816,11.1222,11.2759
CMP-001566,Memory IC,Standby Current,µA,LOT-14,122.8,25.5837,25.6692,26.3794,27.1731
CMP-001567,ADC,Leakage Current,µA,LOT-16,125.07,4.739,4.8569,5.068,5.3212
CMP-001568,Driver IC,Propagation Delay,ns,LOT-14,124.96,18.2689,29.3732,19.2156,19.8904
CMP-001569,Logic IC,Iddq,µA,LOT-08,126.1,9.9554,12.1507,17.3048,33.5022
CMP-001570,Memory IC,Standby Current,µA,LOT-10,125.56,25.3344,25.7971,25.9235,26.0667
CMP-001571,ADC,Leakage Current,µA,LOT-18,126.05,4.4701,4.7101,4.8673,5.0838
CMP-001572,Driver IC,Propagation Delay,ns,LOT-12,123.7,18.9697,21.3523,28.8422,43.6543
CMP-001573,Logic IC,Iddq,µA,LOT-10,123.99,9.7077,12.6199,21.1618,40.2459
CMP-001574,Memory IC,Standby Current,µA,LOT-04,125.16,24.784,29.6975,38.181,67.4871
CMP-001575,ADC,Leakage Current,µA,LOT-13,124.41,5.1935,5.3023,5.4033,5.5723
CMP-001576,Driver IC,Propagation Delay,ns,LOT-07,125.99,17.8112,18.1836,26.5814,44.506
CMP-001577,Logic IC,Iddq,µA,LOT-16,123.3,9.6685,10.458,22.2029,40.6973
CMP-001578,Memory IC,Standby Current,µA,LOT-17,127.03,24.5202,29.401,43.0083,60.1365
CMP-001579,ADC,Leakage Current,µA,LOT-01,125.14,5.1989,6.4854,10.331,20.4711
CMP-001580,Driver IC,Propagation Delay,ns,LOT-05,123.55,17.6986,18.2234,18.7342,18.7927
CMP-001581,Logic IC,Iddq,µA,LOT-11,124.86,10.3927,11.1025,20.1254,44.0847
CMP-001582,Memory IC,Standby Current,µA,LOT-01,124.92,25.355,27.1194,40.1567,62.7379
CMP-001583,ADC,Leakage Current,µA,LOT-06,127.91,4.9496,6.6752,10.5675,17.2727
CMP-001584,Driver IC,Propagation Delay,ns,LOT-17,123.73,17.7231,19.8535,26.2161,40.9182
CMP-001585,Logic IC,Iddq,µA,LOT-07,124.53,9.9659,10.9232,18.8526,33.5058
CMP-001586,Memory IC,Standby Current,µA,LOT-20,125.59,24.8931,25.8682,25.8921,26.6343
CMP-001587,ADC,Leakage Current,µA,LOT-15,125.41,4.706,4.8664,4.9722,5.2454
CMP-001588,Driver IC,Propagation Delay,ns,LOT-12,124.0,17.8693,18.1842,18.8759,18.6629
CMP-001589,Logic IC,Iddq,µA,LOT-20,123.97,9.7933,11.7381,19.953,36.8993
CMP-001590,Memory IC,Standby Current,µA,LOT-10,126.24,24.2194,26.731,36.6338,67.5258
CMP-001591,ADC,Leakage Current,µA,LOT-01,124.62,4.9878,5.1555,5.2592,5.5933
CMP-001592,Driver IC,Propagation Delay,ns,LOT-13,124.76,17.0787,18.4352,25.5089,34.7843
CMP-001593,Logic IC,Iddq,µA,LOT-11,124.17,10.2701,12.356,20.8926,40.6068
CMP-001594,Memory IC,Standby Current,µA,LOT-17,124.26,24.6876,25.1295,25.4065,25.7084
CMP-001595,ADC,Leakage Current,µA,LOT-20,122.64,5.1064,5.3634,5.5673,5.5919
CMP-001596,Driver IC,Propagation Delay,ns,LOT-06,124.95,18.2088,19.544,24.6695,35.8045
CMP-001597,Logic IC,Iddq,µA,LOT-11,125.4,10.2509,10.3854,10.4003,10.8469
CMP-001598,Memory IC,Standby Current,µA,LOT-01,125.0,24.7335,27.0023,39.7648,70.031
CMP-001599,ADC,Leakage Current,µA,LOT-20,127.38,4.5939,6.02,11.5164,23.4874
CMP-001600,Driver IC,Propagation Delay,ns,LOT-02,121.82,17.1419,17.6082,17.4062,17.8135
CMP-001601,Logic IC,Iddq,µA,LOT-18,126.08,9.9707,10.3652,10.3465,10.7333
CMP-001602,Memory IC,Standby Current,µA,LOT-06,126.09,24.9807,25.157,26.3251,26.3622
CMP-001603,ADC,Leakage Current,µA,LOT-01,126.49,5.0564,5.2347,5.2369,5.416
CMP-001604,Driver IC,Propagation Delay,ns,LOT-19,127.62,18.6302,19.6386,19.4846,19.9018
CMP-001605,Logic IC,Iddq,µA,LOT-01,124.38,10.1892,12.8221,20.0174,30.7059
CMP-001606,Memory IC,Standby Current,µA,LOT-19,123.09,25.1155,25.9474,26.8495,27.1756
CMP-001607,ADC,Leakage Current,µA,LOT-16,127.03,4.9404,5.8516,11.5979,21.5496
CMP-001608,Driver IC,Propagation Delay,ns,LOT-15,127.55,17.6078,18.1815,18.4562,18.5081
CMP-001609,Logic IC,Iddq,µA,LOT-06,123.67,9.8565,9.8607,10.1886,10.5693
CMP-001610,Memory IC,Standby Current,µA,LOT-02,127.01,24.1519,24.3442,25.239,25.5706
CMP-001611,ADC,Leakage Current,µA,LOT-02,126.11,4.7743,4.8079,5.0759,5.2078
CMP-001612,Driver IC,Propagation Delay,ns,LOT-15,124.82,18.0877,20.384,24.1874,34.2061
CMP-001613,Logic IC,Iddq,µA,LOT-16,125.73,9.8278,10.1924,10.7085,10.9447
CMP-001614,Memory IC,Standby Current,µA,LOT-07,127.38,26.4367,26.1805,27.2549,27.1841
CMP-001615,ADC,Leakage Current,µA,LOT-03,124.7,5.1851,6.0872,11.3036,23.8243
CMP-001616,Driver IC,Propagation Delay,ns,LOT-01,126.46,18.1575,24.5615,19.834,21.1026
CMP-001617,Logic IC,Iddq,µA,LOT-20,123.51,9.8997,17.4872,12.1971,14.1086
CMP-001618,Memory IC,Standby Current,µA,LOT-13,126.67,25.3744,25.4043,25.7409,26.6205
CMP-001619,ADC,Leakage Current,µA,LOT-17,124.86,5.2168,15.1713,6.3747,7.0266
CMP-001620,Driver IC,Propagation Delay,ns,LOT-04,124.38,17.6471,17.6911,17.9334,18.028
CMP-001621,Logic IC,Iddq,µA,LOT-11,124.73,9.7669,10.2479,10.3598,10.8032
CMP-001622,Memory IC,Standby Current,µA,LOT-05,124.78,24.7479,25.3054,25.6292,26.0624
CMP-001623,ADC,Leakage Current,µA,LOT-05,128.91,4.913,4.9636,5.2202,5.2972
CMP-001624,Driver IC,Propagation Delay,ns,LOT-03,123.82,18.0946,18.7127,18.6564,19.1888
CMP-001625,Logic IC,Iddq,µA,LOT-17,123.76,10.1516,13.0488,20.5429,39.6683
CMP-001626,Memory IC,Standby Current,µA,LOT-19,126.94,25.3738,28.9571,40.0044,64.9753
CMP-001627,ADC,Leakage Current,µA,LOT-10,126.91,4.6997,4.7695,5.1604,5.1054
CMP-001628,Driver IC,Propagation Delay,ns,LOT-17,126.98,17.4774,19.9186,24.1569,33.7806
CMP-001629,Logic IC,Iddq,µA,LOT-09,125.17,10.1521,12.1167,17.3688,36.1329
CMP-001630,Memory IC,Standby Current,µA,LOT-01,126.51,24.2881,25.735,26.0273,26.1029
CMP-001631,ADC,Leakage Current,µA,LOT-20,126.44,5.3126,6.9587,11.1939,19.2471
CMP-001632,Driver IC,Propagation Delay,ns,LOT-02,123.76,17.4995,25.8624,19.2613,21.9691
CMP-001633,Logic IC,Iddq,µA,LOT-08,125.0,9.8645,10.1024,10.2422,10.632
CMP-001634,Memory IC,Standby Current,µA,LOT-06,124.57,24.5328,29.2897,42.7968,68.9594
CMP-001635,ADC,Leakage Current,µA,LOT-17,125.6,4.7646,12.4608,5.3372,6.7273
CMP-001636,Driver IC,Propagation Delay,ns,LOT-04,124.36,17.8988,24.6417,19.0277,20.5767
CMP-001637,Logic IC,Iddq,µA,LOT-17,126.3,10.105,10.2708,10.7031,10.6979
CMP-001638,Memory IC,Standby Current,µA,LOT-13,124.42,24.8657,25.2643,25.8994,26.3483
CMP-001639,ADC,Leakage Current,µA,LOT-05,123.61,4.8339,5.3666,9.6742,22.8836
CMP-001640,Driver IC,Propagation Delay,ns,LOT-08,123.86,17.2641,17.6132,17.6938,17.8881
CMP-001641,Logic IC,Iddq,µA,LOT-18,126.08,9.7891,9.9565,10.2395,10.5413
CMP-001642,Memory IC,Standby Current,µA,LOT-08,128.24,24.1102,27.2084,38.6264,57.3055
CMP-001643,ADC,Leakage Current,µA,LOT-15,126.36,5.5005,5.6118,5.8651,5.9786
CMP-001644,Driver IC,Propagation Delay,ns,LOT-16,126.61,17.7721,24.2619,18.4337,19.7578
CMP-001645,Logic IC,Iddq,µA,LOT-16,125.9,9.9373,10.2858,10.3676,10.5824
CMP-001646,Memory IC,Standby Current,µA,LOT-19,124.95,25.0265,27.8193,41.5774,62.8428
CMP-001647,ADC,Leakage Current,µA,LOT-06,125.49,4.8489,5.0124,5.1181,5.2353
CMP-001648,Driver IC,Propagation Delay,ns,LOT-14,123.56,18.1768,19.8106,27.8314,45.949
CMP-001649,Logic IC,Iddq,µA,LOT-10,128.2,10.0627,12.0849,21.4297,44.939
CMP-001650,Memory IC,Standby Current,µA,LOT-03,125.64,25.0188,26.9112,38.6173,75.1839
CMP-001651,ADC,Leakage Current,µA,LOT-01,126.5,5.2776,5.4645,5.4295,5.5016
CMP-001652,Driver IC,Propagation Delay,ns,LOT-06,126.61,17.2654,19.2854,24.0688,37.9045
CMP-001653,Logic IC,Iddq,µA,LOT-03,124.45,10.3904,10.6319,10.7351,11.0277
CMP-001654,Memory IC,Standby Current,µA,LOT-11,127.12,25.7119,30.3796,44.0634,67.4049
CMP-001655,ADC,Leakage Current,µA,LOT-02,127.59,4.7243,4.9247,5.0532,5.2093
CMP-001656,Driver IC,Propagation Delay,ns,LOT-17,123.59,17.6549,17.856,18.1786,18.4234
CMP-001657,Logic IC,Iddq,µA,LOT-11,127.72,9.582,21.6783,10.9156,11.3736
CMP-001658,Memory IC,Standby Current,µA,LOT-14,124.7,26.829,27.2266,27.6117,28.219
CMP-001659,ADC,Leakage Current,µA,LOT-12,127.09,5.1691,5.2526,5.4484,5.525
CMP-001660,Driver IC,Propagation Delay,ns,LOT-15,125.09,17.3377,17.3575,17.7269,17.9286
CMP-001661,Logic IC,Iddq,µA,LOT-20,126.24,10.1742,24.2398,11.0519,14.0106
CMP-001662,Memory IC,Standby Current,µA,LOT-06,125.12,24.7844,24.7663,24.9934,25.0604
CMP-001663,ADC,Leakage Current,µA,LOT-04,126.75,5.2786,5.3924,5.6219,5.7035
CMP-001664,Driver IC,Propagation Delay,ns,LOT-03,125.82,18.3058,19.8399,25.356,45.6544
CMP-001665,Logic IC,Iddq,µA,LOT-15,126.16,10.38,10.2336,10.3721,10.9632
CMP-001666,Memory IC,Standby Current,µA,LOT-18,126.56,25.3629,25.8871,26.2478,26.0592
CMP-001667,ADC,Leakage Current,µA,LOT-02,125.09,4.7936,5.1232,5.2158,5.366
CMP-001668,Driver IC,Propagation Delay,ns,LOT-03,125.9,17.6527,18.279,18.6793,18.3921
CMP-001669,Logic IC,Iddq,µA,LOT-14,125.49,10.1594,11.9197,20.4814,39.2061
CMP-001670,Memory IC,Standby Current,µA,LOT-15,126.82,25.9235,26.7069,26.7396,27.7301
CMP-001671,ADC,Leakage Current,µA,LOT-14,124.32,5.2227,12.6537,6.072,6.9518
CMP-001672,Driver IC,Propagation Delay,ns,LOT-02,126.54,17.5337,19.1118,23.5631,34.9221
CMP-001673,Logic IC,Iddq,µA,LOT-20,124.45,9.7922,11.2766,20.6092,45.2273
CMP-001674,Memory IC,Standby Current,µA,LOT-19,126.19,24.8669,28.167,45.4262,70.411
CMP-001675,ADC,Leakage Current,µA,LOT-05,127.47,4.2477,4.441,4.6082,4.7015
CMP-001676,Driver IC,Propagation Delay,ns,LOT-08,123.98,17.745,17.8497,18.2835,18.7167
CMP-001677,Logic IC,Iddq,µA,LOT-13,124.83,10.2848,10.6503,10.608,11.1999
CMP-001678,Memory IC,Standby Current,µA,LOT-16,123.41,24.4769,26.3847,46.6365,71.5693
CMP-001679,ADC,Leakage Current,µA,LOT-04,124.24,5.2826,5.4588,5.6143,5.7113
CMP-001680,Driver IC,Propagation Delay,ns,LOT-11,124.97,18.0218,18.2252,17.9564,18.247
CMP-001681,Logic IC,Iddq,µA,LOT-19,124.17,10.4347,11.7384,18.2271,34.9191
CMP-001682,Memory IC,Standby Current,µA,LOT-19,126.29,25.7046,25.8653,26.193,27.1404
CMP-001683,ADC,Leakage Current,µA,LOT-16,126.06,4.529,5.3882,9.4575,17.787
CMP-001684,Driver IC,Propagation Delay,ns,LOT-08,123.81,17.6815,19.162,26.2037,38.2622
CMP-001685,Logic IC,Iddq,µA,LOT-07,125.95,10.212,12.69,20.7408,33.5732
CMP-001686,Memory IC,Standby Current,µA,LOT-17,125.06,24.8793,25.3999,25.5871,26.0329
CMP-001687,ADC,Leakage Current,µA,LOT-10,126.52,4.8426,5.1246,5.2001,5.3325
CMP-001688,Driver IC,Propagation Delay,ns,LOT-03,122.64,18.6422,19.1537,28.4032,42.2133
CMP-001689,Logic IC,Iddq,µA,LOT-18,125.61,9.9342,11.8276,18.7136,33.4403
CMP-001690,Memory IC,Standby Current,µA,LOT-19,128.29,25.3826,28.899,45.518,84.7253
CMP-001691,ADC,Leakage Current,µA,LOT-16,123.46,4.769,6.0822,10.2979,17.0879
CMP-001692,Driver IC,Propagation Delay,ns,LOT-08,124.32,18.2267,19.8315,24.7294,37.9195
CMP-001693,Logic IC,Iddq,µA,LOT-11,126.83,9.895,11.9178,16.8809,29.7179
CMP-001694,Memory IC,Standby Current,µA,LOT-15,128.4,24.1601,24.6705,25.091,25.2686
CMP-001695,ADC,Leakage Current,µA,LOT-05,126.95,4.693,4.8587,5.0515,5.1866
CMP-001696,Driver IC,Propagation Delay,ns,LOT-01,123.93,18.5983,18.2715,18.377,18.7781
CMP-001697,Logic IC,Iddq,µA,LOT-14,123.83,10.4754,10.5303,11.0994,11.3981
CMP-001698,Memory IC,Standby Current,µA,LOT-02,125.16,24.7305,25.4153,25.7605,26.291
CMP-001699,ADC,Leakage Current,µA,LOT-16,125.94,4.8158,4.9154,5.1016,5.2354
CMP-001700,Driver IC,Propagation Delay,ns,LOT-19,127.29,18.1038,18.8785,18.5048,18.9722
CMP-001701,Logic IC,Iddq,µA,LOT-09,123.84,9.9798,10.2317,10.4669,10.7345
CMP-001702,Memory IC,Standby Current,µA,LOT-06,125.98,24.143,25.4335,35.3987,59.0121
CMP-001703,ADC,Leakage Current,µA,LOT-03,125.1,5.2946,5.5434,5.5272,5.7749
CMP-001704,Driver IC,Propagation Delay,ns,LOT-18,124.82,17.9821,18.3664,18.2667,17.9389
CMP-001705,Logic IC,Iddq,µA,LOT-10,125.53,9.584,10.0426,10.284,10.3549
CMP-001706,Memory IC,Standby Current,µA,LOT-14,125.69,24.6114,40.9463,26.1237,29.3914
CMP-001707,ADC,Leakage Current,µA,LOT-06,125.79,4.858,6.5452,11.3091,20.036
CMP-001708,Driver IC,Propagation Delay,ns,LOT-11,123.74,18.6757,20.7319,25.3037,36.6889
CMP-001709,Logic IC,Iddq,µA,LOT-16,123.78,10.0225,9.8671,10.1608,10.505
CMP-001710,Memory IC,Standby Current,µA,LOT-04,122.4,25.3433,25.7685,26.1888,27.2272
CMP-001711,ADC,Leakage Current,µA,LOT-02,123.74,4.89,5.1129,5.3394,5.3916
CMP-001712,Driver IC,Propagation Delay,ns,LOT-04,127.79,18.3759,18.2036,18.4441,18.9242
CMP-001713,Logic IC,Iddq,µA,LOT-01,124.4,9.955,11.147,21.607,38.9232
CMP-001714,Memory IC,Standby Current,µA,LOT-18,122.05,24.7587,25.1574,25.3048,26.4686
CMP-001715,ADC,Leakage Current,µA,LOT-01,124.26,4.9111,6.002,11.0324,21.37
CMP-001716,Driver IC,Propagation Delay,ns,LOT-15,125.6,18.781,18.3222,18.7117,18.553
CMP-001717,Logic IC,Iddq,µA,LOT-11,125.88,10.2733,18.0982,11.4505,14.0247
CMP-001718,Memory IC,Standby Current,µA,LOT-03,123.79,25.039,29.6807,44.5103,62.7262
CMP-001719,ADC,Leakage Current,µA,LOT-11,127.54,5.1095,5.173,5.4165,5.6346
CMP-001720,Driver IC,Propagation Delay,ns,LOT-06,123.72,17.2766,29.6087,18.7466,19.5688
CMP-001721,Logic IC,Iddq,µA,LOT-18,125.34,10.476,11.1189,20.3991,36.4103
CMP-001722,Memory IC,Standby Current,µA,LOT-03,124.79,25.0915,28.8566,37.5647,68.6192
CMP-001723,ADC,Leakage Current,µA,LOT-01,126.49,5.1824,6.5729,10.1095,21.5583
CMP-001724,Driver IC,Propagation Delay,ns,LOT-12,126.4,17.9983,18.9439,25.1003,33.7242
CMP-001725,Logic IC,Iddq,µA,LOT-09,125.95,9.549,24.578,10.6922,13.9348
CMP-001726,Memory IC,Standby Current,µA,LOT-13,123.89,24.3823,25.8747,37.0978,74.4318
CMP-001727,ADC,Leakage Current,µA,LOT-06,125.5,4.7184,4.8642,5.0635,5.1713
CMP-001728,Driver IC,Propagation Delay,ns,LOT-11,122.89,18.0814,18.1299,18.3778,18.5247
CMP-001729,Logic IC,Iddq,µA,LOT-12,124.7,10.3872,10.3356,10.5354,11.0288
CMP-001730,Memory IC,Standby Current,µA,LOT-07,125.77,25.1601,27.4311,46.329,78.1913
CMP-001731,ADC,Leakage Current,µA,LOT-17,124.61,5.2034,11.5395,5.9761,6.4058
CMP-001732,Driver IC,Propagation Delay,ns,LOT-16,124.93,18.1075,18.5287,18.5052,18.5468
CMP-001733,Logic IC,Iddq,µA,LOT-04,127.24,10.3639,12.9451,21.3983,38.8525
CMP-001734,Memory IC,Standby Current,µA,LOT-07,126.08,25.1146,26.0735,26.8597,26.8914
CMP-001735,ADC,Leakage Current,µA,LOT-08,124.04,4.8554,5.8777,10.7074,18.2626
CMP-001736,Driver IC,Propagation Delay,ns,LOT-05,125.17,17.997,18.2239,18.4579,18.9918
CMP-001737,Logic IC,Iddq,µA,LOT-13,124.57,10.2817,10.2714,10.7934,10.9039
CMP-001738,Memory IC,Standby Current,µA,LOT-19,123.68,25.4048,25.6528,25.3733,26.0198
CMP-001739,ADC,Leakage Current,µA,LOT-13,124.51,5.1331,5.3067,5.5018,5.5796
CMP-001740,Driver IC,Propagation Delay,ns,LOT-08,124.49,17.6806,19.6946,26.2305,36.8187
CMP-001741,Logic IC,Iddq,µA,LOT-04,123.08,9.7665,10.0629,10.3504,10.6036
CMP-001742,Memory IC,Standby Current,µA,LOT-04,125.47,25.2843,30.2528,44.1748,72.9915
CMP-001743,ADC,Leakage Current,µA,LOT-15,121.07,5.1913,5.342,5.4447,5.5882
CMP-001744,Driver IC,Propagation Delay,ns,LOT-02,124.95,17.2193,17.5151,17.6376,18.3861
CMP-001745,Logic IC,Iddq,µA,LOT-06,125.01,9.6457,9.9752,10.0342,10.4256
CMP-001746,Memory IC,Standby Current,µA,LOT-11,125.17,25.1289,47.3003,26.1996,31.4485
CMP-001747,ADC,Leakage Current,µA,LOT-02,123.61,4.8217,4.8662,5.0562,5.124
CMP-001748,Driver IC,Propagation Delay,ns,LOT-11,125.23,18.3383,19.7973,26.7039,40.8331
CMP-001749,Logic IC,Iddq,µA,LOT-10,126.56,9.7433,9.9334,10.1138,10.7203
CMP-001750,Memory IC,Standby Current,µA,LOT-03,126.01,25.3676,25.9169,26.069,27.2347
CMP-001751,ADC,Leakage Current,µA,LOT-07,124.85,5.0235,5.1905,5.4198,5.4505
CMP-001752,Driver IC,Propagation Delay,ns,LOT-15,125.12,17.6597,17.8484,18.1722,18.6162
CMP-001753,Logic IC,Iddq,µA,LOT-07,127.1,9.7015,10.0075,10.1693,10.2429
CMP-001754,Memory IC,Standby Current,µA,LOT-03,125.22,24.2388,24.8057,25.0937,25.9239
CMP-001755,ADC,Leakage Current,µA,LOT-01,126.96,4.8904,4.9785,5.106,5.276
CMP-001756,Driver IC,Propagation Delay,ns,LOT-18,126.0,17.2761,23.4853,17.7521,18.8808
CMP-001757,Logic IC,Iddq,µA,LOT-02,126.64,9.4768,11.3663,21.3071,33.3889
CMP-001758,Memory IC,Standby Current,µA,LOT-10,125.87,24.4457,24.6491,25.0689,25.7039
CMP-001759,ADC,Leakage Current,µA,LOT-14,125.52,5.2187,5.3586,5.4456,5.5469
CMP-001760,Driver IC,Propagation Delay,ns,LOT-16,127.86,18.3719,18.7381,19.0953,19.1557
CMP-001761,Logic IC,Iddq,µA,LOT-12,122.7,10.2364,10.4732,10.7,10.7366
CMP-001762,Memory IC,Standby Current,µA,LOT-17,125.98,24.8441,24.8283,25.7587,25.9002
CMP-001763,ADC,Leakage Current,µA,LOT-11,123.55,5.3914,5.3544,5.4696,5.6991
CMP-001764,Driver IC,Propagation Delay,ns,LOT-15,124.63,18.2545,18.4052,18.3861,19.0712
CMP-001765,Logic IC,Iddq,µA,LOT-06,123.29,9.7737,10.1705,10.4504,10.5799
CMP-001766,Memory IC,Standby Current,µA,LOT-02,125.48,24.4032,27.7057,40.4171,69.4915
CMP-001767,ADC,Leakage Current,µA,LOT-13,123.81,5.1188,6.1904,10.0809,21.2774
CMP-001768,Driver IC,Propagation Delay,ns,LOT-18,126.59,17.7843,17.833,17.644,18.2414
CMP-001769,Logic IC,Iddq,µA,LOT-15,123.05,10.2643,26.8056,10.9027,12.1929
CMP-001770,Memory IC,Standby Current,µA,LOT-01,126.7,24.8041,26.5704,43.9624,79.9878
CMP-001771,ADC,Leakage Current,µA,LOT-11,126.85,5.1385,5.3646,5.4897,5.6282
CMP-001772,Driver IC,Propagation Delay,ns,LOT-20,126.17,17.8773,18.2523,18.2754,18.7382
CMP-001773,Logic IC,Iddq,µA,LOT-11,123.85,10.0367,11.3546,23.7453,45.5419
CMP-001774,Memory IC,Standby Current,µA,LOT-04,122.1,24.8912,25.487,25.6504,25.6327
CMP-001775,ADC,Leakage Current,µA,LOT-09,128.65,5.0057,5.4742,10.5616,21.7222
CMP-001776,Driver IC,Propagation Delay,ns,LOT-01,124.84,18.4273,18.6159,18.4014,19.1625
CMP-001777,Logic IC,Iddq,µA,LOT-17,124.43,10.0086,11.4757,17.9542,38.7801
CMP-001778,Memory IC,Standby Current,µA,LOT-06,128.29,24.668,24.5018,24.9503,25.7385
CMP-001779,ADC,Leakage Current,µA,LOT-11,122.94,5.1575,5.2923,5.581,5.6484
CMP-001780,Driver IC,Propagation Delay,ns,LOT-17,126.69,18.2503,18.2531,18.3386,18.469
CMP-001781,Logic IC,Iddq,µA,LOT-01,126.34,9.7851,11.5413,19.7141,36.5972
CMP-001782,Memory IC,Standby Current,µA,LOT-06,123.52,25.3195,26.0069,26.6041,27.0159
CMP-001783,ADC,Leakage Current,µA,LOT-17,123.97,5.0864,5.2404,5.3318,5.4926
CMP-001784,Driver IC,Propagation Delay,ns,LOT-18,122.85,18.4647,20.0861,25.4383,40.1986
CMP-001785,Logic IC,Iddq,µA,LOT-18,124.12,10.3156,10.1523,10.6799,10.8355
CMP-001786,Memory IC,Standby Current,µA,LOT-09,121.91,24.6984,25.3316,25.2252,26.2221
CMP-001787,ADC,Leakage Current,µA,LOT-10,120.81,5.1249,6.0983,9.3043,19.3529
CMP-001788,Driver IC,Propagation Delay,ns,LOT-03,124.62,18.5213,25.4563,20.2901,21.0331
CMP-001789,Logic IC,Iddq,µA,LOT-13,127.51,10.3349,10.5237,10.9484,11.4285
CMP-001790,Memory IC,Standby Current,µA,LOT-17,126.25,25.3966,28.2287,45.337,82.3307
CMP-001791,ADC,Leakage Current,µA,LOT-13,124.56,4.9272,13.5357,6.2745,6.7871
CMP-001792,Driver IC,Propagation Delay,ns,LOT-03,123.84,18.6964,20.0695,27.4813,45.3878
CMP-001793,Logic IC,Iddq,µA,LOT-07,125.09,10.4488,10.2595,10.9001,11.2233
CMP-001794,Memory IC,Standby Current,µA,LOT-05,124.65,24.9994,27.6116,46.8536,77.4605
CMP-001795,ADC,Leakage Current,µA,LOT-14,128.03,5.4476,7.0114,11.5827,19.4214
CMP-001796,Driver IC,Propagation Delay,ns,LOT-03,127.98,18.1481,18.4767,18.7252,19.067
CMP-001797,Logic IC,Iddq,µA,LOT-15,125.93,9.9991,10.1951,10.2071,10.6345
CMP-001798,Memory IC,Standby Current,µA,LOT-20,124.82,24.8194,28.216,43.3405,74.9118
CMP-001799,ADC,Leakage Current,µA,LOT-15,124.11,5.4279,6.4298,12.3484,20.7582
CMP-001800,Driver IC,Propagation Delay,ns,LOT-13,126.51,17.6607,17.9782,18.4009,18.6628
CMP-001801,Logic IC,Iddq,µA,LOT-11,125.72,10.0188,11.5523,21.1549,40.8519
CMP-001802,Memory IC,Standby Current,µA,LOT-11,124.08,24.426,27.5428,35.3147,51.6258
CMP-001803,ADC,Leakage Current,µA,LOT-08,122.76,4.9609,5.1962,5.3185,5.6779
CMP-001804,Driver IC,Propagation Delay,ns,LOT-10,124.6,16.9844,17.1336,17.1254,17.5941
CMP-001805,Logic IC,Iddq,µA,LOT-09,127.0,9.9737,19.6128,10.7711,13.1765
CMP-001806,Memory IC,Standby Current,µA,LOT-18,126.26,24.5226,24.9442,25.1692,25.8861
CMP-001807,ADC,Leakage Current,µA,LOT-02,125.74,5.0526,5.1512,5.1783,5.4762
CMP-001808,Driver IC,Propagation Delay,ns,LOT-08,125.46,17.7017,17.9165,17.8595,18.0075
CMP-001809,Logic IC,Iddq,µA,LOT-13,126.36,9.9711,11.808,23.0647,38.1836
CMP-001810,Memory IC,Standby Current,µA,LOT-13,125.35,25.2361,25.629,25.2921,25.9484
CMP-001811,ADC,Leakage Current,µA,LOT-20,125.05,5.1357,6.0255,12.0472,26.84
CMP-001812,Driver IC,Propagation Delay,ns,LOT-18,125.36,17.7861,29.7225,18.148,20.7529
CMP-001813,Logic IC,Iddq,µA,LOT-15,125.77,10.3003,10.5504,10.6573,10.8484
CMP-001814,Memory IC,Standby Current,µA,LOT-14,125.77,25.6547,27.9013,47.6426,82.296
CMP-001815,ADC,Leakage Current,µA,LOT-17,123.83,5.0795,5.642,10.9506,22.4228
CMP-001816,Driver IC,Propagation Delay,ns,LOT-04,122.66,17.7068,18.807,28.5378,47.9661
CMP-001817,Logic IC,Iddq,µA,LOT-13,124.35,10.3654,10.6284,10.5701,11.3784
CMP-001818,Memory IC,Standby Current,µA,LOT-08,124.67,24.4132,24.9164,25.3052,25.9352
CMP-001819,ADC,Leakage Current,µA,LOT-04,124.04,5.0624,5.1592,5.2368,5.4728
CMP-001820,Driver IC,Propagation Delay,ns,LOT-20,122.67,18.6715,19.4965,24.5491,44.671
CMP-001821,Logic IC,Iddq,µA,LOT-09,126.5,10.0744,10.7115,10.9353,11.2297
CMP-001822,Memory IC,Standby Current,µA,LOT-08,122.83,24.2883,41.4924,27.961,32.5645
CMP-001823,ADC,Leakage Current,µA,LOT-07,123.73,5.1213,5.3142,5.4666,5.4836
CMP-001824,Driver IC,Propagation Delay,ns,LOT-17,123.11,18.6268,28.6526,19.6616,21.6772
CMP-001825,Logic IC,Iddq,µA,LOT-19,125.01,9.9256,10.012,10.4416,10.6126
CMP-001826,Memory IC,Standby Current,µA,LOT-09,124.32,25.2524,26.8482,43.6785,76.1787
CMP-001827,ADC,Leakage Current,µA,LOT-02,124.34,4.9067,5.6443,9.6016,21.3171
CMP-001828,Driver IC,Propagation Delay,ns,LOT-15,123.49,18.5615,19.3176,27.1119,38.2522
CMP-001829,Logic IC,Iddq,µA,LOT-04,124.91,9.856,10.082,10.2283,10.3608
CMP-001830,Memory IC,Standby Current,µA,LOT-05,125.45,24.942,52.9622,28.8735,34.4031
CMP-001831,ADC,Leakage Current,µA,LOT-03,125.65,5.2904,6.3971,10.0451,18.4153
CMP-001832,Driver IC,Propagation Delay,ns,LOT-03,126.38,18.1308,18.2551,18.621,18.5413
CMP-001833,Logic IC,Iddq,µA,LOT-07,119.93,10.3822,12.4485,22.2045,42.4411
CMP-001834,Memory IC,Standby Current,µA,LOT-10,125.4,24.8485,25.5256,25.5486,26.0901
CMP-001835,ADC,Leakage Current,µA,LOT-04,125.21,5.4064,6.9421,12.3376,19.0417
CMP-001836,Driver IC,Propagation Delay,ns,LOT-09,126.15,18.9031,20.5271,28.0608,39.6801
CMP-001837,Logic IC,Iddq,µA,LOT-05,123.48,9.3464,9.2283,9.5124,9.7904
CMP-001838,Memory IC,Standby Current,µA,LOT-08,125.09,24.9775,28.5203,42.5148,60.8299
CMP-001839,ADC,Leakage Current,µA,LOT-19,126.1,5.2623,5.428,5.4744,5.656
CMP-001840,Driver IC,Propagation Delay,ns,LOT-10,124.47,17.6219,19.6147,25.8747,38.6387
CMP-001841,Logic IC,Iddq,µA,LOT-06,126.62,9.5729,9.6919,10.1327,10.2109
CMP-001842,Memory IC,Standby Current,µA,LOT-05,123.46,24.4342,24.7577,25.6972,26.5621
CMP-001843,ADC,Leakage Current,µA,LOT-17,124.14,5.2448,5.291,5.3603,5.3111
CMP-001844,Driver IC,Propagation Delay,ns,LOT-08,125.71,18.0742,27.386,20.1806,21.0229
CMP-001845,Logic IC,Iddq,µA,LOT-08,127.14,9.8286,11.5728,18.2084,37.7009
CMP-001846,Memory IC,Standby Current,µA,LOT-07,124.97,25.0374,25.7297,26.38,26.9424
CMP-001847,ADC,Leakage Current,µA,LOT-01,125.72,5.0754,5.1932,5.4875,5.6587
CMP-001848,Driver IC,Propagation Delay,ns,LOT-06,125.97,17.9236,18.7338,28.6169,42.7806
CMP-001849,Logic IC,Iddq,µA,LOT-05,124.61,9.3294,9.7379,9.8618,10.1545
CMP-001850,Memory IC,Standby Current,µA,LOT-01,126.33,25.5827,28.6363,37.4342,59.1422
CMP-001851,ADC,Leakage Current,µA,LOT-02,124.49,4.9131,14.4241,5.4543,7.0531
CMP-001852,Driver IC,Propagation Delay,ns,LOT-03,123.58,17.3928,19.0158,25.5828,34.6877
CMP-001853,Logic IC,Iddq,µA,LOT-14,123.6,10.2886,10.2127,10.6509,10.7513
CMP-001854,Memory IC,Standby Current,µA,LOT-20,124.41,25.3328,28.0315,47.4674,71.0178
CMP-001855,ADC,Leakage Current,µA,LOT-09,127.08,4.9415,12.4324,5.6438,6.43
CMP-001856,Driver IC,Propagation Delay,ns,LOT-17,124.86,19.255,20.1674,29.2475,45.2922
CMP-001857,Logic IC,Iddq,µA,LOT-06,124.27,10.0728,11.3368,17.8268,36.8485
CMP-001858,Memory IC,Standby Current,µA,LOT-04,124.47,24.0492,24.4286,24.766,25.7783
CMP-001859,ADC,Leakage Current,µA,LOT-18,124.62,4.9028,4.9859,5.0148,5.2892
CMP-001860,Driver IC,Propagation Delay,ns,LOT-20,125.27,18.0233,18.7826,18.2728,18.9622
CMP-001861,Logic IC,Iddq,µA,LOT-19,126.75,10.3493,10.412,10.9093,10.9858
CMP-001862,Memory IC,Standby Current,µA,LOT-11,124.47,26.5499,26.1516,26.3379,26.5912
CMP-001863,ADC,Leakage Current,µA,LOT-13,122.98,5.295,5.3631,5.6711,5.7555
CMP-001864,Driver IC,Propagation Delay,ns,LOT-01,124.61,18.5272,24.8625,19.0687,21.0091
CMP-001865,Logic IC,Iddq,µA,LOT-18,126.18,9.8889,11.8894,17.3245,33.7621
CMP-001866,Memory IC,Standby Current,µA,LOT-08,124.39,24.0015,28.6914,42.9249,74.2073
CMP-001867,ADC,Leakage Current,µA,LOT-14,127.02,5.3593,11.2336,6.3713,8.0003
CMP-001868,Driver IC,Propagation Delay,ns,LOT-14,125.12,17.5326,25.1114,18.7952,20.734
CMP-001869,Logic IC,Iddq,µA,LOT-20,125.22,9.6897,10.1324,10.4261,10.7135
CMP-001870,Memory IC,Standby Current,µA,LOT-11,123.02,24.744,25.2108,25.0641,25.6425
CMP-001871,ADC,Leakage Current,µA,LOT-01,125.19,5.2833,5.5997,5.778,5.9089
CMP-001872,Driver IC,Propagation Delay,ns,LOT-05,123.13,17.549,18.1368,18.2592,18.2645
CMP-001873,Logic IC,Iddq,µA,LOT-06,124.37,9.4623,9.6484,9.8728,9.9682
CMP-001874,Memory IC,Standby Current,µA,LOT-18,123.74,23.7326,24.2274,25.4261,25.7729
CMP-001875,ADC,Leakage Current,µA,LOT-17,125.58,4.8084,4.9353,5.1769,5.2845
CMP-001876,Driver IC,Propagation Delay,ns,LOT-13,125.58,17.906,31.6955,19.8619,20.2465
CMP-001877,Logic IC,Iddq,µA,LOT-11,121.86,10.1076,10.4308,10.791,10.8773
CMP-001878,Memory IC,Standby Current,µA,LOT-14,124.44,26.2125,29.0398,44.9924,70.1162
CMP-001879,ADC,Leakage Current,µA,LOT-05,124.89,4.7994,4.8501,5.1599,5.288
CMP-001880,Driver IC,Propagation Delay,ns,LOT-16,126.26,18.0731,18.405,18.6972,18.8709
CMP-001881,Logic IC,Iddq,µA,LOT-19,126.36,9.9108,10.2452,10.7148,10.8438
CMP-001882,Memory IC,Standby Current,µA,LOT-08,127.49,25.0778,27.5374,42.8798,63.9807
CMP-001883,ADC,Leakage Current,µA,LOT-04,125.2,4.8997,5.0023,5.229,5.4197
CMP-001884,Driver IC,Propagation Delay,ns,LOT-06,124.8,17.1182,19.283,23.8619,39.1752
CMP-001885,Logic IC,Iddq,µA,LOT-16,124.81,10.2158,10.5249,10.9052,11.0356
CMP-001886,Memory IC,Standby Current,µA,LOT-15,126.68,25.0902,25.7419,25.8732,26.572
CMP-001887,ADC,Leakage Current,µA,LOT-17,123.75,5.2374,6.2429,10.563,23.6844
CMP-001888,Driver IC,Propagation Delay,ns,LOT-19,124.38,17.6406,17.6433,18.2154,17.9812
CMP-001889,Logic IC,Iddq,µA,LOT-13,123.64,10.4205,10.4892,10.7902,11.1412
CMP-001890,Memory IC,Standby Current,µA,LOT-09,124.67,24.2639,24.8926,25.599,25.5634
CMP-001891,ADC,Leakage Current,µA,LOT-15,125.53,5.3116,14.4437,6.0654,8.0477
CMP-001892,Driver IC,Propagation Delay,ns,LOT-15,127.49,17.5425,18.3205,18.482,18.9185
CMP-001893,Logic IC,Iddq,µA,LOT-13,124.06,10.0359,10.9019,21.2148,42.8483
CMP-001894,Memory IC,Standby Current,µA,LOT-18,127.05,24.8812,25.0285,25.7042,26.3405
CMP-001895,ADC,Leakage Current,µA,LOT-08,124.55,4.808,4.9588,5.0935,5.4702
CMP-001896,Driver IC,Propagation Delay,ns,LOT-19,125.03,18.0088,19.527,26.5947,35.6087
CMP-001897,Logic IC,Iddq,µA,LOT-01,125.88,10.0076,12.4351,19.1343,37.4426
CMP-001898,Memory IC,Standby Current,µA,LOT-02,123.47,25.0442,25.1792,26.0396,25.6976
CMP-001899,ADC,Leakage Current,µA,LOT-19,125.64,4.9586,6.084,11.7275,19.1219
CMP-001900,Driver IC,Propagation Delay,ns,LOT-20,124.63,17.5223,17.6119,18.0431,18.4414
CMP-001901,Logic IC,Iddq,µA,LOT-19,125.97,9.9322,10.443,10.712,11.0795
CMP-001902,Memory IC,Standby Current,µA,LOT-19,125.63,24.9582,25.4488,26.3047,26.4651
CMP-001903,ADC,Leakage Current,µA,LOT-13,128.74,5.154,10.2368,6.5432,7.7856
CMP-001904,Driver IC,Propagation Delay,ns,LOT-18,125.75,18.0877,30.4896,18.5467,19.4324
CMP-001905,Logic IC,Iddq,µA,LOT-07,125.61,10.0656,23.9275,10.7138,11.8767
CMP-001906,Memory IC,Standby Current,µA,LOT-03,126.58,25.3209,30.0362,42.9196,61.5551
CMP-001907,ADC,Leakage Current,µA,LOT-15,124.23,5.1386,5.2828,5.4524,5.8073
CMP-001908,Driver IC,Propagation Delay,ns,LOT-01,122.14,17.9264,17.7848,18.1107,18.3227
CMP-001909,Logic IC,Iddq,µA,LOT-05,126.16,9.3431,25.3198,11.6984,13.1397
CMP-001910,Memory IC,Standby Current,µA,LOT-03,125.48,25.7954,28.7569,47.1812,79.4368
CMP-001911,ADC,Leakage Current,µA,LOT-14,125.39,5.2006,5.9981,9.8152,23.9628
CMP-001912,Driver IC,Propagation Delay,ns,LOT-08,125.93,18.5308,18.0383,18.3406,18.8288
CMP-001913,Logic IC,Iddq,µA,LOT-02,124.06,9.7406,11.6663,22.8506,42.6115
CMP-001914,Memory IC,Standby Current,µA,LOT-14,125.98,25.6088,26.0802,27.147,26.8804
CMP-001915,ADC,Leakage Current,µA,LOT-19,125.84,5.26,5.4832,5.6083,5.8271
CMP-001916,Driver IC,Propagation Delay,ns,LOT-20,125.96,18.8626,20.0964,26.3216,37.2889
CMP-001917,Logic IC,Iddq,µA,LOT-11,123.29,10.3465,10.7929,10.8787,11.0462
CMP-001918,Memory IC,Standby Current,µA,LOT-15,126.19,25.4365,24.8074,25.5833,25.7127
CMP-001919,ADC,Leakage Current,µA,LOT-12,124.67,5.2175,12.5993,5.7781,7.0301
CMP-001920,Driver IC,Propagation Delay,ns,LOT-20,123.74,18.592,20.1004,25.6246,36.9689
CMP-001921,Logic IC,Iddq,µA,LOT-06,125.07,9.9483,10.1192,10.7235,10.8164
CMP-001922,Memory IC,Standby Current,µA,LOT-01,125.15,24.148,25.0096,25.0515,25.6583
CMP-001923,ADC,Leakage Current,µA,LOT-01,127.78,4.8064,4.9475,5.0719,5.1177
CMP-001924,Driver IC,Propagation Delay,ns,LOT-20,125.71,17.6345,17.8241,17.9434,18.0511
CMP-001925,Logic IC,Iddq,µA,LOT-15,126.71,10.2156,10.2849,10.7363,11.121
CMP-001926,Memory IC,Standby Current,µA,LOT-10,125.74,24.6654,45.6224,28.236,31.7042
CMP-001927,ADC,Leakage Current,µA,LOT-19,123.31,5.2836,5.335,5.4339,5.6931
CMP-001928,Driver IC,Propagation Delay,ns,LOT-01,122.43,18.4009,18.5248,18.8918,18.5621
CMP-001929,Logic IC,Iddq,µA,LOT-10,126.87,10.0771,10.0504,10.4543,10.6617
CMP-001930,Memory IC,Standby Current,µA,LOT-14,123.86,24.8887,27.4057,37.4685,61.3224
CMP-001931,ADC,Leakage Current,µA,LOT-17,125.25,4.6679,5.6174,9.4875,18.5035
CMP-001932,Driver IC,Propagation Delay,ns,LOT-16,126.49,18.5884,19.6652,28.2198,41.303
CMP-001933,Logic IC,Iddq,µA,LOT-19,123.35,10.9866,22.1224,12.7564,13.2337
CMP-001934,Memory IC,Standby Current,µA,LOT-17,122.59,25.114,28.172,40.8017,69.2515
CMP-001935,ADC,Leakage Current,µA,LOT-02,124.85,4.9244,6.6421,10.1687,17.9163
CMP-001936,Driver IC,Propagation Delay,ns,LOT-20,126.36,17.5371,31.4081,19.6204,21.7331
CMP-001937,Logic IC,Iddq,µA,LOT-17,126.8,9.8724,12.1092,19.3044,36.3139
CMP-001938,Memory IC,Standby Current,µA,LOT-03,125.28,26.2978,26.7144,26.945,26.9495
CMP-001939,ADC,Leakage Current,µA,LOT-12,125.34,4.9769,6.0745,12.9395,22.3684
CMP-001940,Driver IC,Propagation Delay,ns,LOT-20,127.68,18.1264,18.5788,18.8616,18.9875
CMP-001941,Logic IC,Iddq,µA,LOT-20,127.99,9.5913,9.7947,10.3115,10.316
CMP-001942,Memory IC,Standby Current,µA,LOT-11,124.33,24.7816,26.1977,26.5273,26.6815
CMP-001943,ADC,Leakage Current,µA,LOT-03,125.21,5.2396,15.1792,6.2177,8.1014
CMP-001944,Driver IC,Propagation Delay,ns,LOT-06,123.23,16.879,17.3343,17.4469,17.8932
CMP-001945,Logic IC,Iddq,µA,LOT-05,127.59,9.5655,9.654,9.7686,10.1354
CMP-001946,Memory IC,Standby Current,µA,LOT-18,128.4,24.0898,24.5878,24.7718,25.3063
CMP-001947,ADC,Leakage Current,µA,LOT-17,123.3,4.8828,14.8092,6.033,7.9642
CMP-001948,Driver IC,Propagation Delay,ns,LOT-07,124.16,18.6346,18.8937,18.9513,19.416
CMP-001949,Logic IC,Iddq,µA,LOT-13,124.24,10.1658,11.8616,24.2319,42.3382
CMP-001950,Memory IC,Standby Current,µA,LOT-02,127.17,25.1306,28.1203,38.2996,60.1718
CMP-001951,ADC,Leakage Current,µA,LOT-03,125.48,5.3043,5.2281,5.5536,5.7209
CMP-001952,Driver IC,Propagation Delay,ns,LOT-11,123.37,18.3919,17.9369,18.3831,18.5472
CMP-001953,Logic IC,Iddq,µA,LOT-11,126.9,10.257,10.754,11.047,10.9658
CMP-001954,Memory IC,Standby Current,µA,LOT-19,126.61,24.5612,27.4998,35.7079,64.8816
CMP-001955,ADC,Leakage Current,µA,LOT-18,124.94,4.8686,5.0439,5.1435,5.3052
CMP-001956,Driver IC,Propagation Delay,ns,LOT-13,123.76,18.0775,18.1006,18.463,18.7798
CMP-001957,Logic IC,Iddq,µA,LOT-13,126.57,9.6296,9.8799,10.0641,10.5619
CMP-001958,Memory IC,Standby Current,µA,LOT-09,125.44,25.1082,28.9566,43.2607,76.0921
CMP-001959,ADC,Leakage Current,µA,LOT-13,124.67,5.194,14.9388,6.2097,7.3888
CMP-001960,Driver IC,Propagation Delay,ns,LOT-17,123.46,18.104,26.2996,19.7329,20.4228
CMP-001961,Logic IC,Iddq,µA,LOT-04,127.69,10.3884,10.6596,10.896,10.9835
CMP-001962,Memory IC,Standby Current,µA,LOT-06,128.63,25.7822,26.0833,26.3623,26.5863
CMP-001963,ADC,Leakage Current,µA,LOT-15,125.59,5.1475,5.4044,5.5423,5.6865
CMP-001964,Driver IC,Propagation Delay,ns,LOT-18,125.42,17.8566,17.7581,18.622,18.4834
CMP-001965,Logic IC,Iddq,µA,LOT-10,125.41,10.3006,10.4173,10.5336,10.8861
CMP-001966,Memory IC,Standby Current,µA,LOT-16,122.93,24.7274,24.3791,25.7057,25.7868
CMP-001967,ADC,Leakage Current,µA,LOT-01,123.52,5.119,6.7876,9.8611,20.6137
CMP-001968,Driver IC,Propagation Delay,ns,LOT-09,124.71,18.2986,18.4569,18.5003,19.0071
CMP-001969,Logic IC,Iddq,µA,LOT-14,126.9,9.8098,10.3695,10.311,10.4533
CMP-001970,Memory IC,Standby Current,µA,LOT-04,123.96,24.7606,44.4634,27.1933,30.0758
CMP-001971,ADC,Leakage Current,µA,LOT-17,122.5,4.9756,5.1573,5.2643,5.4351
CMP-001972,Driver IC,Propagation Delay,ns,LOT-13,124.0,18.1137,20.4157,27.0093,37.8486
CMP-001973,Logic IC,Iddq,µA,LOT-17,126.57,10.1198,11.813,21.4448,35.9931
CMP-001974,Memory IC,Standby Current,µA,LOT-20,126.59,25.6195,25.8682,26.1178,26.7538
CMP-001975,ADC,Leakage Current,µA,LOT-05,122.74,4.7269,4.9064,5.0161,5.1476
CMP-001976,Driver IC,Propagation Delay,ns,LOT-13,125.04,17.6706,19.0348,25.9092,36.0095
CMP-001977,Logic IC,Iddq,µA,LOT-18,126.37,9.6772,9.7053,10.1862,10.5311
CMP-001978,Memory IC,Standby Current,µA,LOT-16,128.17,24.6635,25.2267,24.9556,25.8056
CMP-001979,ADC,Leakage Current,µA,LOT-13,122.31,5.0305,11.0257,5.5292,6.6334
CMP-001980,Driver IC,Propagation Delay,ns,LOT-04,124.96,18.5363,19.5985,26.6949,45.2043
CMP-001981,Logic IC,Iddq,µA,LOT-06,126.23,9.4389,9.6438,9.7905,10.1956
CMP-001982,Memory IC,Standby Current,µA,LOT-03,124.86,24.2848,24.3401,25.6706,26.0639
CMP-001983,ADC,Leakage Current,µA,LOT-20,124.23,4.8209,5.7783,11.0822,20.3703
CMP-001984,Driver IC,Propagation Delay,ns,LOT-17,124.14,17.3751,17.2751,17.4939,17.9941
CMP-001985,Logic IC,Iddq,µA,LOT-11,124.64,10.0612,10.3335,10.6846,11.0129
CMP-001986,Memory IC,Standby Current,µA,LOT-16,126.75,25.6933,26.0581,25.5472,26.352
CMP-001987,ADC,Leakage Current,µA,LOT-16,126.16,4.9289,6.2026,10.7775,21.3603
CMP-001988,Driver IC,Propagation Delay,ns,LOT-20,123.31,18.6221,18.3038,18.9201,19.2198
CMP-001989,Logic IC,Iddq,µA,LOT-04,128.36,10.7082,10.8957,10.928,11.3868
CMP-001990,Memory IC,Standby Current,µA,LOT-11,124.86,24.6047,24.7273,25.7476,25.6465
CMP-001991,ADC,Leakage Current,µA,LOT-06,125.04,4.8794,5.9017,11.6085,21.1672
CMP-001992,Driver IC,Propagation Delay,ns,LOT-20,126.43,18.1758,20.2908,24.9534,38.524
CMP-001993,Logic IC,Iddq,µA,LOT-13,126.14,9.676,9.8184,9.9321,10.1385
CMP-001994,Memory IC,Standby Current,µA,LOT-20,127.2,26.2349,29.9457,42.8737,73.6575
CMP-001995,ADC,Leakage Current,µA,LOT-02,125.21,4.9713,6.2789,10.4151,20.8407
CMP-001996,Driver IC,Propagation Delay,ns,LOT-09,123.83,18.1233,18.1123,18.5069,18.6242
CMP-001997,Logic IC,Iddq,µA,LOT-14,126.11,10.2021,19.8907,10.8478,13.1731
CMP-001998,Memory IC,Standby Current,µA,LOT-10,123.54,24.5598,27.2976,36.6219,65.3083
CMP-001999,ADC,Leakage Current,µA,LOT-17,125.73,4.8784,5.1142,5.2673,5.4395
CMP-002000,Driver IC,Propagation Delay,ns,LOT-07,124.3,18.2689,18.2837,18.9578,19.2043
CMP-002001,Logic IC,Iddq,µA,LOT-18,125.59,10.0377,10.3865,10.5161,10.8089
CMP-002002,Memory IC,Standby Current,µA,LOT-17,126.83,24.0965,27.9196,39.7178,56.1264
CMP-002003,ADC,Leakage Current,µA,LOT-19,124.35,5.2408,6.126,13.1727,25.1115
CMP-002004,Driver IC,Propagation Delay,ns,LOT-10,127.21,18.0396,20.2641,25.3899,38.4732
CMP-002005,Logic IC,Iddq,µA,LOT-09,122.39,9.5477,9.8271,9.802,10.0145
CMP-002006,Memory IC,Standby Current,µA,LOT-15,124.51,24.725,25.5625,26.3705,26.6646
CMP-002007,ADC,Leakage Current,µA,LOT-08,124.24,5.3018,5.5646,5.7228,5.831
CMP-002008,Driver IC,Propagation Delay,ns,LOT-02,128.28,16.8627,24.8356,18.7369,21.2698
CMP-002009,Logic IC,Iddq,µA,LOT-08,124.58,9.5702,12.1134,17.6772,37.7069
CMP-002010,Memory IC,Standby Current,µA,LOT-19,125.08,25.0247,29.4843,42.0836,60.579
CMP-002011,ADC,Leakage Current,µA,LOT-11,122.28,5.2651,5.5345,5.6912,5.8761
CMP-002012,Driver IC,Propagation Delay,ns,LOT-19,128.5,17.4401,17.7361,18.0204,18.1676
CMP-002013,Logic IC,Iddq,µA,LOT-13,125.59,10.2833,11.1441,22.8365,46.7263
CMP-002014,Memory IC,Standby Current,µA,LOT-12,126.33,24.4408,25.1991,24.9744,26.1818
CMP-002015,ADC,Leakage Current,µA,LOT-09,127.03,5.1066,5.1538,5.2587,5.4375
CMP-002016,Driver IC,Propagation Delay,ns,LOT-07,124.48,18.7225,20.5178,24.8377,38.5459
CMP-002017,Logic IC,Iddq,µA,LOT-06,125.48,9.9067,12.4066,17.8432,31.3103
CMP-002018,Memory IC,Standby Current,µA,LOT-04,123.3,25.0323,27.1678,45.0094,70.3087
CMP-002019,ADC,Leakage Current,µA,LOT-09,123.38,4.9077,5.0153,5.2882,5.582
CMP-002020,Driver IC,Propagation Delay,ns,LOT-13,125.92,17.8343,17.8869,18.1719,18.3246
CMP-002021,Logic IC,Iddq,µA,LOT-18,122.19,9.9601,11.2328,22.2027,42.3691
CMP-002022,Memory IC,Standby Current,µA,LOT-08,123.75,25.4349,25.4791,25.4964,26.1993
CMP-002023,ADC,Leakage Current,µA,LOT-05,125.94,4.4772,11.3474,5.2294,7.2345
CMP-002024,Driver IC,Propagation Delay,ns,LOT-03,123.41,18.2807,19.6943,24.0978,38.1234
CMP-002025,Logic IC,Iddq,µA,LOT-07,127.26,9.7681,10.1547,10.7699,10.591
CMP-002026,Memory IC,Standby Current,µA,LOT-12,125.53,25.8552,25.7673,25.6801,26.2904
CMP-002027,ADC,Leakage Current,µA,LOT-15,123.62,5.0992,6.551,10.6615,19.2919
CMP-002028,Driver IC,Propagation Delay,ns,LOT-04,120.88,18.2546,18.4605,19.3376,19.1299
CMP-002029,Logic IC,Iddq,µA,LOT-19,126.62,10.382,19.1094,11.9476,14.6945
CMP-002030,Memory IC,Standby Current,µA,LOT-16,126.06,25.3234,28.3128,42.7766,66.3972
CMP-002031,ADC,Leakage Current,µA,LOT-15,124.43,5.0538,6.1245,12.0398,22.1872
CMP-002032,Driver IC,Propagation Delay,ns,LOT-18,124.48,17.8765,18.3886,18.4702,19.0283
CMP-002033,Logic IC,Iddq,µA,LOT-20,125.9,10.0207,10.1828,10.7157,10.9636
CMP-002034,Memory IC,Standby Current,µA,LOT-14,123.94,24.8737,25.4381,26.0106,26.0452
CMP-002035,ADC,Leakage Current,µA,LOT-06,124.91,4.543,4.7994,4.9175,4.9908
CMP-002036,Driver IC,Propagation Delay,ns,LOT-11,125.01,17.6998,24.2699,19.7643,20.754
CMP-002037,Logic IC,Iddq,µA,LOT-08,126.41,9.6328,9.6545,10.0352,10.364
CMP-002038,Memory IC,Standby Current,µA,LOT-20,125.44,25.1004,25.5951,26.0175,26.1397
CMP-002039,ADC,Leakage Current,µA,LOT-09,125.74,4.9787,10.3819,6.3012,7.9997
CMP-002040,Driver IC,Propagation Delay,ns,LOT-10,121.53,17.7299,17.8275,18.5105,18.6649
CMP-002041,Logic IC,Iddq,µA,LOT-11,126.54,9.9954,10.5593,10.687,11.0113
CMP-002042,Memory IC,Standby Current,µA,LOT-16,126.22,24.8422,25.0133,25.4079,26.33
CMP-002043,ADC,Leakage Current,µA,LOT-06,126.89,4.6505,4.799,5.0049,5.1894
CMP-002044,Driver IC,Propagation Delay,ns,LOT-06,125.07,17.5619,17.8411,18.0683,18.4352
CMP-002045,Logic IC,Iddq,µA,LOT-04,125.32,9.8583,10.4427,10.7467,11.0484
CMP-002046,Memory IC,Standby Current,µA,LOT-17,123.93,23.4503,26.2806,44.2978,82.7777
CMP-002047,ADC,Leakage Current,µA,LOT-14,126.49,5.2214,6.676,10.6947,21.2255
CMP-002048,Driver IC,Propagation Delay,ns,LOT-14,124.93,17.6834,17.7613,18.3101,18.8594
CMP-002049,Logic IC,Iddq,µA,LOT-12,125.03,10.4312,11.5355,22.2735,46.0291
CMP-002050,Memory IC,Standby Current,µA,LOT-19,125.3,25.0484,25.2576,25.6229,26.5625
CMP-002051,ADC,Leakage Current,µA,LOT-03,124.78,4.9799,5.0789,5.1737,5.3815
CMP-002052,Driver IC,Propagation Delay,ns,LOT-06,124.64,18.1565,18.4466,18.5978,18.8941
CMP-002053,Logic IC,Iddq,µA,LOT-12,125.52,9.5949,9.9247,10.1829,10.5533
CMP-002054,Memory IC,Standby Current,µA,LOT-12,126.45,25.0223,24.5513,25.4067,25.2672
CMP-002055,ADC,Leakage Current,µA,LOT-19,124.64,5.3039,5.3749,5.5245,5.7219
CMP-002056,Driver IC,Propagation Delay,ns,LOT-05,123.99,17.6549,17.6727,17.5355,18.1734
CMP-002057,Logic IC,Iddq,µA,LOT-16,123.81,9.4644,10.2907,16.9805,31.1379
CMP-002058,Memory IC,Standby Current,µA,LOT-08,126.46,24.5321,24.8278,25.3458,25.8536
CMP-002059,ADC,Leakage Current,µA,LOT-02,126.61,4.7357,6.2096,12.0146,20.8959
CMP-002060,Driver IC,Propagation Delay,ns,LOT-07,125.27,19.1459,18.8938,19.4422,19.3878
CMP-002061,Logic IC,Iddq,µA,LOT-03,128.59,10.107,10.3196,10.8025,10.9822
CMP-002062,Memory IC,Standby Current,µA,LOT-20,127.28,24.8324,25.0527,25.6812,26.0919
CMP-002063,ADC,Leakage Current,µA,LOT-11,124.99,5.2303,5.3472,5.2794,5.4414
CMP-002064,Driver IC,Propagation Delay,ns,LOT-17,123.83,18.4966,30.128,20.2766,21.677
CMP-002065,Logic IC,Iddq,µA,LOT-03,124.36,10.2528,11.3032,19.8597,33.8847
CMP-002066,Memory IC,Standby Current,µA,LOT-10,123.55,24.4327,28.9542,42.3236,60.8102
CMP-002067,ADC,Leakage Current,µA,LOT-04,125.33,5.0065,6.2487,13.0076,23.5143
CMP-002068,Driver IC,Propagation Delay,ns,LOT-03,126.1,18.4101,18.8354,18.8602,19.2164
CMP-002069,Logic IC,Iddq,µA,LOT-19,126.4,10.1991,10.4253,10.5208,10.5003
CMP-002070,Memory IC,Standby Current,µA,LOT-16,125.26,24.9479,29.9432,38.5372,62.286
CMP-002071,ADC,Leakage Current,µA,LOT-20,124.62,4.8556,5.0545,5.2764,5.4518
CMP-002072,Driver IC,Propagation Delay,ns,LOT-16,126.34,17.8656,18.8868,28.4593,41.0933
CMP-002073,Logic IC,Iddq,µA,LOT-16,122.97,9.8476,10.5044,10.7261,10.9421
CMP-002074,Memory IC,Standby Current,µA,LOT-17,126.03,24.3389,25.3677,25.4842,25.5286
CMP-002075,ADC,Leakage Current,µA,LOT-20,124.37,5.0183,5.2477,5.2489,5.3196
CMP-002076,Driver IC,Propagation Delay,ns,LOT-13,124.4,17.2216,17.5747,17.9888,17.7899
CMP-002077,Logic IC,Iddq,µA,LOT-05,125.56,9.4142,9.6366,9.9969,10.0468
CMP-002078,Memory IC,Standby Current,µA,LOT-01,125.48,25.1959,25.4117,25.5685,26.3611
CMP-002079,ADC,Leakage Current,µA,LOT-03,125.99,5.1608,6.3854,10.0832,18.1383
CMP-002080,Driver IC,Propagation Delay,ns,LOT-16,126.13,18.1003,18.3852,18.1193,18.6059
CMP-002081,Logic IC,Iddq,µA,LOT-06,125.23,9.8347,11.9131,17.4637,31.9131
CMP-002082,Memory IC,Standby Current,µA,LOT-12,122.4,25.6014,25.4514,25.6875,26.4063
CMP-002083,ADC,Leakage Current,µA,LOT-19,125.81,4.9402,5.185,5.3204,5.4404
CMP-002084,Driver IC,Propagation Delay,ns,LOT-18,125.98,17.2455,17.5691,18.077,17.879
CMP-002085,Logic IC,Iddq,µA,LOT-02,124.57,10.1672,11.4827,21.8074,38.742
CMP-002086,Memory IC,Standby Current,µA,LOT-02,127.61,25.2228,25.5526,25.5149,26.4108
CMP-002087,ADC,Leakage Current,µA,LOT-18,124.56,4.7402,4.8735,5.035,5.1555
CMP-002088,Driver IC,Propagation Delay,ns,LOT-02,127.42,18.2865,18.9043,18.9354,18.9122
CMP-002089,Logic IC,Iddq,µA,LOT-08,124.98,10.1749,11.7852,21.0327,42.0685
CMP-002090,Memory IC,Standby Current,µA,LOT-13,123.08,24.8954,24.7657,24.8429,25.4557
CMP-002091,ADC,Leakage Current,µA,LOT-18,123.62,4.974,5.4675,11.3074,21.4057
CMP-002092,Driver IC,Propagation Delay,ns,LOT-15,125.99,18.5403,20.3596,28.1307,38.1684
CMP-002093,Logic IC,Iddq,µA,LOT-08,123.53,10.1957,11.1373,20.4344,36.303
CMP-002094,Memory IC,Standby Current,µA,LOT-02,125.46,24.8871,28.478,39.9603,67.5638
CMP-002095,ADC,Leakage Current,µA,LOT-19,125.36,5.2776,5.3287,5.5692,5.732
CMP-002096,Driver IC,Propagation Delay,ns,LOT-02,125.16,17.6967,19.5822,26.282,40.8701
CMP-002097,Logic IC,Iddq,µA,LOT-01,127.51,10.4194,12.0116,23.8233,38.2296
CMP-002098,Memory IC,Standby Current,µA,LOT-17,124.19,25.1421,24.6833,25.2406,26.0829
CMP-002099,ADC,Leakage Current,µA,LOT-06,125.69,4.8528,5.0403,5.2171,5.3371
CMP-002100,Driver IC,Propagation Delay,ns,LOT-18,125.71,17.3067,17.9744,17.6419,18.0357
CMP-002101,Logic IC,Iddq,µA,LOT-04,125.98,10.1485,11.2676,17.61,42.7484
CMP-002102,Memory IC,Standby Current,µA,LOT-10,126.75,25.2114,26.1546,37.6798,68.4693
CMP-002103,ADC,Leakage Current,µA,LOT-20,127.33,4.8359,6.1155,10.572,21.8883
CMP-002104,Driver IC,Propagation Delay,ns,LOT-15,125.72,18.4383,18.7328,18.582,19.0541
CMP-002105,Logic IC,Iddq,µA,LOT-20,122.63,10.3082,12.0564,19.8805,31.9309
CMP-002106,Memory IC,Standby Current,µA,LOT-16,122.05,24.9785,27.9911,42.2117,81.645
CMP-002107,ADC,Leakage Current,µA,LOT-03,125.13,4.9331,5.0627,5.1224,5.3642
CMP-002108,Driver IC,Propagation Delay,ns,LOT-13,126.53,17.6172,17.6649,17.8918,18.1021
CMP-002109,Logic IC,Iddq,µA,LOT-02,125.15,9.6773,25.1802,11.3718,12.8766
CMP-002110,Memory IC,Standby Current,µA,LOT-06,124.93,25.3274,29.4534,41.4003,69.2642
CMP-002111,ADC,Leakage Current,µA,LOT-17,123.62,4.8722,5.6985,9.9598,21.9733
CMP-002112,Driver IC,Propagation Delay,ns,LOT-08,124.99,17.7979,17.7487,18.0388,18.0726
CMP-002113,Logic IC,Iddq,µA,LOT-04,125.33,9.9382,11.8269,18.0397,37.1277
CMP-002114,Memory IC,Standby Current,µA,LOT-17,124.43,25.5661,25.6925,26.078,26.7103
CMP-002115,ADC,Leakage Current,µA,LOT-15,125.07,5.0636,5.2428,5.2405,5.5425
CMP-002116,Driver IC,Propagation Delay,ns,LOT-16,128.63,17.5593,17.5712,18.1709,18.2987
CMP-002117,Logic IC,Iddq,µA,LOT-08,125.08,9.882,10.363,10.4953,11.0614
CMP-002118,Memory IC,Standby Current,µA,LOT-01,124.76,24.9151,24.7899,25.3626,25.9124
CMP-002119,ADC,Leakage Current,µA,LOT-06,122.78,4.5404,4.7422,4.8156,4.9073
CMP-002120,Driver IC,Propagation Delay,ns,LOT-09,124.98,18.3787,18.6776,25.609,40.5305
CMP-002121,Logic IC,Iddq,µA,LOT-20,124.2,9.9901,11.9257,20.5301,40.4747
CMP-002122,Memory IC,Standby Current,µA,LOT-09,126.61,25.4512,25.4581,26.7117,26.6934
CMP-002123,ADC,Leakage Current,µA,LOT-18,126.94,4.8339,4.8916,5.1068,5.2054
CMP-002124,Driver IC,Propagation Delay,ns,LOT-11,124.64,18.1194,18.6248,18.3637,18.7916
CMP-002125,Logic IC,Iddq,µA,LOT-18,128.19,10.4132,10.4141,10.9597,11.0737
CMP-002126,Memory IC,Standby Current,µA,LOT-06,124.86,24.396,25.5451,26.2914,25.8857
CMP-002127,ADC,Leakage Current,µA,LOT-13,122.66,4.9522,5.2086,5.3598,5.5801
CMP-002128,Driver IC,Propagation Delay,ns,LOT-05,125.26,17.247,17.3617,18.0731,18.0153
CMP-002129,Logic IC,Iddq,µA,LOT-06,122.81,9.6349,9.7391,10.1801,10.2944
CMP-002130,Memory IC,Standby Current,µA,LOT-14,126.15,24.3333,29.3416,40.5868,67.215
CMP-002131,ADC,Leakage Current,µA,LOT-18,128.22,5.0556,6.0004,11.101,18.2265
CMP-002132,Driver IC,Propagation Delay,ns,LOT-11,125.08,18.2888,18.634,18.6487,18.8615
CMP-002133,Logic IC,Iddq,µA,LOT-03,126.45,10.5706,12.4861,18.8216,35.3346
CMP-002134,Memory IC,Standby Current,µA,LOT-01,124.44,24.3747,26.6968,45.3024,78.8525
CMP-002135,ADC,Leakage Current,µA,LOT-04,127.56,4.9929,6.2421,11.074,19.8714
CMP-002136,Driver IC,Propagation Delay,ns,LOT-04,125.64,18.3676,18.7851,18.9301,19.0862
CMP-002137,Logic IC,Iddq,µA,LOT-02,124.95,9.9313,10.2136,10.3522,10.6404
CMP-002138,Memory IC,Standby Current,µA,LOT-01,122.71,24.8588,25.2685,25.7962,25.8403
CMP-002139,ADC,Leakage Current,µA,LOT-13,122.88,5.2554,9.8416,5.8932,7.1006
CMP-002140,Driver IC,Propagation Delay,ns,LOT-07,124.2,18.0803,20.5079,25.611,40.22
CMP-002141,Logic IC,Iddq,µA,LOT-01,122.83,10.2395,10.4203,10.6431,11.2436
CMP-002142,Memory IC,Standby Current,µA,LOT-10,125.13,24.2775,25.4334,24.9915,25.9512
CMP-002143,ADC,Leakage Current,µA,LOT-11,123.43,5.3275,6.1488,12.0661,22.5944
CMP-002144,Driver IC,Propagation Delay,ns,LOT-05,122.88,17.9224,24.2869,19.6093,20.5624
CMP-002145,Logic IC,Iddq,µA,LOT-03,127.98,10.27,10.5354,10.6927,11.0288
CMP-002146,Memory IC,Standby Current,µA,LOT-16,126.89,24.7534,25.4533,25.6925,26.5417
CMP-002147,ADC,Leakage Current,µA,LOT-09,124.44,5.1542,5.2466,5.5436,5.5486
CMP-002148,Driver IC,Propagation Delay,ns,LOT-12,122.55,17.5312,18.94,24.555,39.8763
CMP-002149,Logic IC,Iddq,µA,LOT-15,124.05,9.8934,10.2285,10.3815,10.6444
CMP-002150,Memory IC,Standby Current,µA,LOT-08,125.29,24.9341,25.2096,26.033,26.0895
CMP-002151,ADC,Leakage Current,µA,LOT-01,124.59,4.9165,5.0211,5.1632,5.324
CMP-002152,Driver IC,Propagation Delay,ns,LOT-18,128.05,17.9862,18.3064,18.6444,19.1312
CMP-002153,Logic IC,Iddq,µA,LOT-05,125.71,9.4465,17.172,11.5116,14.2853
CMP-002154,Memory IC,Standby Current,µA,LOT-08,124.65,24.2387,25.1477,25.7128,26.0895
CMP-002155,ADC,Leakage Current,µA,LOT-20,126.21,4.9832,10.3458,5.5097,6.9537
CMP-002156,Driver IC,Propagation Delay,ns,LOT-13,123.64,17.5917,18.1603,18.1603,18.2487
CMP-002157,Logic IC,Iddq,µA,LOT-11,125.11,10.0889,26.1978,11.4735,14.002
CMP-002158,Memory IC,Standby Current,µA,LOT-08,126.7,24.6502,29.1864,38.9605,64.7401
CMP-002159,ADC,Leakage Current,µA,LOT-20,124.59,5.1445,5.3906,5.5041,5.6872
CMP-002160,Driver IC,Propagation Delay,ns,LOT-16,126.07,18.522,18.4425,18.5741,18.7545
CMP-002161,Logic IC,Iddq,µA,LOT-12,125.18,9.8388,10.0711,10.5555,10.7859
CMP-002162,Memory IC,Standby Current,µA,LOT-09,125.78,24.8016,27.3913,37.3129,58.8861
CMP-002163,ADC,Leakage Current,µA,LOT-01,125.74,4.9848,5.1084,4.9852,5.3648
CMP-002164,Driver IC,Propagation Delay,ns,LOT-14,126.17,17.9306,17.9198,17.8554,18.5106
CMP-002165,Logic IC,Iddq,µA,LOT-12,128.59,10.6119,12.221,17.7455,35.1882
CMP-002166,Memory IC,Standby Current,µA,LOT-11,124.85,23.5826,24.1302,24.3511,25.0054
CMP-002167,ADC,Leakage Current,µA,LOT-07,125.22,5.0836,5.1837,5.2807,5.4447
CMP-002168,Driver IC,Propagation Delay,ns,LOT-18,125.0,17.2326,19.3319,24.6104,37.2313
CMP-002169,Logic IC,Iddq,µA,LOT-04,125.51,10.5442,24.27,11.663,13.1912
CMP-002170,Memory IC,Standby Current,µA,LOT-01,124.03,25.9749,28.9838,39.6724,59.8508
CMP-002171,ADC,Leakage Current,µA,LOT-02,122.89,4.9353,5.0082,5.1721,5.2857
CMP-002172,Driver IC,Propagation Delay,ns,LOT-05,124.25,17.9458,18.8959,26.7538,39.6589
CMP-002173,Logic IC,Iddq,µA,LOT-06,126.34,9.5688,9.9241,10.1948,10.4576
CMP-002174,Memory IC,Standby Current,µA,LOT-20,123.5,24.6104,25.3063,25.4568,25.844
CMP-002175,ADC,Leakage Current,µA,LOT-10,122.29,4.9193,5.0563,5.1902,5.4421
CMP-002176,Driver IC,Propagation Delay,ns,LOT-13,125.45,17.9813,29.5566,19.1415,21.4574
CMP-002177,Logic IC,Iddq,µA,LOT-09,126.36,9.8347,10.2273,10.1969,10.4926
CMP-002178,Memory IC,Standby Current,µA,LOT-17,125.31,25.8883,27.3369,40.1694,76.7971
CMP-002179,ADC,Leakage Current,µA,LOT-16,124.69,4.7764,5.3702,9.2713,17.9873
CMP-002180,Driver IC,Propagation Delay,ns,LOT-09,126.46,18.4445,18.1329,18.8634,18.9379
CMP-002181,Logic IC,Iddq,µA,LOT-04,125.43,10.4785,10.7577,11.131,11.1231
CMP-002182,Memory IC,Standby Current,µA,LOT-06,121.77,24.9818,26.9586,42.7058,65.3954
CMP-002183,ADC,Leakage Current,µA,LOT-04,122.95,5.1734,5.2216,5.3503,5.5112
CMP-002184,Driver IC,Propagation Delay,ns,LOT-12,121.67,18.4916,18.3806,18.8834,18.7184
CMP-002185,Logic IC,Iddq,µA,LOT-07,123.52,9.9838,10.3385,10.6124,10.9425
CMP-002186,Memory IC,Standby Current,µA,LOT-01,123.51,24.688,28.3036,39.5892,60.6145
CMP-002187,ADC,Leakage Current,µA,LOT-12,125.78,5.3737,5.6618,5.8609,6.0509
CMP-002188,Driver IC,Propagation Delay,ns,LOT-17,124.45,17.2637,17.4766,17.4522,17.9399
CMP-002189,Logic IC,Iddq,µA,LOT-12,123.1,9.7873,10.126,10.3923,10.5558
CMP-002190,Memory IC,Standby Current,µA,LOT-14,124.72,25.0237,25.945,25.7404,26.7166
CMP-002191,ADC,Leakage Current,µA,LOT-13,123.16,5.3852,13.0194,6.5298,7.6023
CMP-002192,Driver IC,Propagation Delay,ns,LOT-08,123.17,17.3387,18.5937,25.5636,37.3413
CMP-002193,Logic IC,Iddq,µA,LOT-14,125.95,10.2047,10.4693,10.7559,10.9191
CMP-002194,Memory IC,Standby Current,µA,LOT-03,122.83,25.609,25.9752,26.8555,26.8739
CMP-002195,ADC,Leakage Current,µA,LOT-20,125.86,4.9063,5.0091,5.1436,5.1852
CMP-002196,Driver IC,Propagation Delay,ns,LOT-14,122.83,18.9188,18.8097,18.7518,19.0808
CMP-002197,Logic IC,Iddq,µA,LOT-02,126.43,9.6901,10.1062,10.2479,10.5439
CMP-002198,Memory IC,Standby Current,µA,LOT-19,125.76,25.5392,25.8752,26.3954,26.1574
CMP-002199,ADC,Leakage Current,µA,LOT-13,123.34,5.0116,5.2309,5.2929,5.5388
CMP-002200,Driver IC,Propagation Delay,ns,LOT-03,125.54,18.0948,19.9203,27.5349,42.2905
CMP-002201,Logic IC,Iddq,µA,LOT-14,123.38,10.7199,10.9972,11.5063,11.6787
CMP-002202,Memory IC,Standby Current,µA,LOT-01,122.89,24.3614,28.4166,43.6487,66.7864
CMP-002203,ADC,Leakage Current,µA,LOT-14,128.02,5.1629,6.4233,11.734,22.5839
CMP-002204,Driver IC,Propagation Delay,ns,LOT-01,126.35,17.2858,18.0084,18.0318,18.0757
CMP-002205,Logic IC,Iddq,µA,LOT-02,125.72,10.0189,10.2889,10.692,10.8351
CMP-002206,Memory IC,Standby Current,µA,LOT-02,125.58,24.7384,49.6796,27.882,29.4786
CMP-002207,ADC,Leakage Current,µA,LOT-03,127.08,5.2171,5.3324,5.4509,5.6598
CMP-002208,Driver IC,Propagation Delay,ns,LOT-11,125.61,18.6142,20.3136,27.5,37.5961
CMP-002209,Logic IC,Iddq,µA,LOT-02,124.25,9.8051,12.1899,17.9129,32.2248
CMP-002210,Memory IC,Standby Current,µA,LOT-19,123.93,25.9696,29.2421,46.6731,71.4202
CMP-002211,ADC,Leakage Current,µA,LOT-02,125.93,4.7777,4.8524,5.0046,5.1472
CMP-002212,Driver IC,Propagation Delay,ns,LOT-04,125.2,18.991,19.3316,19.2993,19.8378
CMP-002213,Logic IC,Iddq,µA,LOT-20,125.41,9.9832,10.2489,10.7128,10.7623
CMP-002214,Memory IC,Standby Current,µA,LOT-20,123.88,25.0178,28.3068,40.9394,72.4689
CMP-002215,ADC,Leakage Current,µA,LOT-14,123.4,5.2378,6.5039,10.1137,16.702
CMP-002216,Driver IC,Propagation Delay,ns,LOT-11,124.05,18.5678,18.9311,19.0556,19.0125
CMP-002217,Logic IC,Iddq,µA,LOT-02,125.77,9.9466,12.731,20.4425,31.6291
CMP-002218,Memory IC,Standby Current,µA,LOT-07,124.06,25.6409,25.476,25.717,26.2493
CMP-002219,ADC,Leakage Current,µA,LOT-12,125.84,5.0712,5.9218,13.2023,22.8006
CMP-002220,Driver IC,Propagation Delay,ns,LOT-17,124.44,18.4514,19.0338,18.7077,18.9756
CMP-002221,Logic IC,Iddq,µA,LOT-19,126.0,9.8686,10.1411,10.4527,10.6036
CMP-002222,Memory IC,Standby Current,µA,LOT-02,122.1,25.32,27.2267,42.3357,75.863
CMP-002223,ADC,Leakage Current,µA,LOT-20,123.56,4.7531,13.246,6.1315,7.525
CMP-002224,Driver IC,Propagation Delay,ns,LOT-20,124.74,18.2209,19.6744,27.115,38.0719
CMP-002225,Logic IC,Iddq,µA,LOT-06,126.6,9.1055,9.4367,9.7579,9.9785
CMP-002226,Memory IC,Standby Current,µA,LOT-04,125.99,25.7579,48.2833,27.9077,33.9277
CMP-002227,ADC,Leakage Current,µA,LOT-11,124.57,5.2009,5.3294,5.5898,5.8091
CMP-002228,Driver IC,Propagation Delay,ns,LOT-12,125.82,17.7868,18.3151,18.6414,18.8282
CMP-002229,Logic IC,Iddq,µA,LOT-07,122.54,9.8466,10.3298,10.4103,10.8121
CMP-002230,Memory IC,Standby Current,µA,LOT-08,125.14,24.5102,28.2232,39.5708,55.9995
CMP-002231,ADC,Leakage Current,µA,LOT-15,124.6,4.8242,4.9779,5.1092,5.3074
CMP-002232,Driver IC,Propagation Delay,ns,LOT-11,126.47,18.3608,18.3392,18.6896,18.827
CMP-002233,Logic IC,Iddq,µA,LOT-15,123.03,10.5523,12.1589,18.9462,37.5382
CMP-002234,Memory IC,Standby Current,µA,LOT-10,126.04,24.2729,24.7016,25.4355,26.226
CMP-002235,ADC,Leakage Current,µA,LOT-13,121.7,5.3577,10.5333,5.6596,6.9646
CMP-002236,Driver IC,Propagation Delay,ns,LOT-17,124.88,18.6512,18.7306,18.9285,19.0592
CMP-002237,Logic IC,Iddq,µA,LOT-13,124.05,9.6933,9.9346,10.2635,10.3953
CMP-002238,Memory IC,Standby Current,µA,LOT-06,126.55,24.4142,48.139,25.9169,28.2449
CMP-002239,ADC,Leakage Current,µA,LOT-11,125.02,5.3635,6.1289,11.1332,23.1008
CMP-002240,Driver IC,Propagation Delay,ns,LOT-10,125.09,18.0989,18.4319,18.5777,19.086
CMP-002241,Logic IC,Iddq,µA,LOT-06,126.7,9.5772,9.6727,10.0985,10.3017
CMP-002242,Memory IC,Standby Current,µA,LOT-12,126.72,26.1533,26.4948,27.1638,27.9856
CMP-002243,ADC,Leakage Current,µA,LOT-05,123.15,4.5487,5.61,11.0605,22.7611
CMP-002244,Driver IC,Propagation Delay,ns,LOT-10,122.97,17.32,18.4666,26.1657,35.032
CMP-002245,Logic IC,Iddq,µA,LOT-12,123.45,9.8973,11.5842,19.2827,39.3724
CMP-002246,Memory IC,Standby Current,µA,LOT-10,125.5,24.7985,25.095,25.6461,26.0709
CMP-002247,ADC,Leakage Current,µA,LOT-19,124.61,5.0653,6.16,13.6251,23.661
CMP-002248,Driver IC,Propagation Delay,ns,LOT-07,125.04,17.7347,17.7167,18.5303,18.5003
CMP-002249,Logic IC,Iddq,µA,LOT-01,126.46,10.4792,10.7486,11.0087,11.3502
CMP-002250,Memory IC,Standby Current,µA,LOT-07,125.96,25.391,27.5536,40.5366,74.9701
CMP-002251,ADC,Leakage Current,µA,LOT-04,124.92,5.2464,5.4665,5.6977,5.6492
CMP-002252,Driver IC,Propagation Delay,ns,LOT-02,124.86,17.9651,29.7743,19.2226,20.0798
CMP-002253,Logic IC,Iddq,µA,LOT-12,125.66,10.642,12.3533,21.1354,31.7309
CMP-002254,Memory IC,Standby Current,µA,LOT-01,124.52,25.1275,28.6476,37.4412,58.6544
CMP-002255,ADC,Leakage Current,µA,LOT-12,127.45,5.115,5.9296,10.8214,25.2424
CMP-002256,Driver IC,Propagation Delay,ns,LOT-03,124.27,18.2189,18.5955,18.2248,18.554
CMP-002257,Logic IC,Iddq,µA,LOT-01,127.61,10.0715,10.8362,21.9096,35.5767
CMP-002258,Memory IC,Standby Current,µA,LOT-07,124.72,25.6844,26.7707,26.8463,27.2034
CMP-002259,ADC,Leakage Current,µA,LOT-17,122.95,5.0669,5.2403,5.36,5.5697
CMP-002260,Driver IC,Propagation Delay,ns,LOT-01,124.34,18.7191,18.44,18.3449,18.7849
CMP-002261,Logic IC,Iddq,µA,LOT-14,125.05,9.9749,10.0259,10.4954,10.5339
CMP-002262,Memory IC,Standby Current,µA,LOT-20,124.3,25.6658,30.3304,44.0409,63.4175
CMP-002263,ADC,Leakage Current,µA,LOT-08,124.34,4.9435,5.045,5.1186,5.3557
CMP-002264,Driver IC,Propagation Delay,ns,LOT-03,122.89,18.2289,18.6783,18.4094,18.7782
CMP-002265,Logic IC,Iddq,µA,LOT-09,121.38,10.1548,10.8673,18.1135,42.201
CMP-002266,Memory IC,Standby Current,µA,LOT-09,128.22,25.4762,26.6155,42.6817,80.4569
CMP-002267,ADC,Leakage Current,µA,LOT-14,125.18,5.0533,5.2708,5.4996,5.5564
CMP-002268,Driver IC,Propagation Delay,ns,LOT-08,123.76,17.6159,17.6633,18.0039,18.0578
CMP-002269,Logic IC,Iddq,µA,LOT-03,125.66,10.2456,10.6422,10.8887,11.3761
CMP-002270,Memory IC,Standby Current,µA,LOT-19,125.84,24.6193,25.3557,25.3232,25.3324
CMP-002271,ADC,Leakage Current,µA,LOT-09,123.05,5.1496,6.5357,10.9664,22.8162
CMP-002272,Driver IC,Propagation Delay,ns,LOT-05,123.47,17.2862,24.5083,17.875,19.5134
CMP-002273,Logic IC,Iddq,µA,LOT-14,125.59,10.6267,10.8177,11.2063,11.4251
CMP-002274,Memory IC,Standby Current,µA,LOT-05,128.35,24.167,24.6176,24.9866,25.1777
CMP-002275,ADC,Leakage Current,µA,LOT-05,125.64,4.5398,4.6311,4.7719,4.8727
CMP-002276,Driver IC,Propagation Delay,ns,LOT-14,124.35,18.9893,19.3509,19.5824,19.6653
CMP-002277,Logic IC,Iddq,µA,LOT-05,124.09,9.6968,9.7322,10.3903,10.6192
CMP-002278,Memory IC,Standby Current,µA,LOT-14,124.49,25.6867,28.6357,41.1023,70.759
CMP-002279,ADC,Leakage Current,µA,LOT-02,128.52,4.8471,4.9816,5.1832,5.305
CMP-002280,Driver IC,Propagation Delay,ns,LOT-20,124.47,18.5205,18.6543,18.7728,18.8095
CMP-002281,Logic IC,Iddq,µA,LOT-10,123.54,10.1286,10.4729,10.8701,10.9996
CMP-002282,Memory IC,Standby Current,µA,LOT-10,125.04,24.702,27.9143,40.546,57.9781
CMP-002283,ADC,Leakage Current,µA,LOT-12,126.33,5.2621,5.4301,5.6977,5.8062
CMP-002284,Driver IC,Propagation Delay,ns,LOT-08,126.7,17.6644,19.7016,24.8438,35.9089
CMP-002285,Logic IC,Iddq,µA,LOT-07,124.81,9.5923,10.8512,22.0479,42.2557
CMP-002286,Memory IC,Standby Current,µA,LOT-02,125.36,26.061,28.9601,43.3187,76.6869
CMP-002287,ADC,Leakage Current,µA,LOT-13,125.48,5.1098,5.1965,5.3303,5.6643
CMP-002288,Driver IC,Propagation Delay,ns,LOT-19,127.03,18.2227,17.9399,18.1741,18.4686
CMP-002289,Logic IC,Iddq,µA,LOT-15,124.68,10.1324,11.2267,21.8643,45.1993
CMP-002290,Memory IC,Standby Current,µA,LOT-20,123.42,24.8675,25.4803,25.6962,26.2729
CMP-002291,ADC,Leakage Current,µA,LOT-04,125.39,5.4256,5.5561,5.6811,5.7109
CMP-002292,Driver IC,Propagation Delay,ns,LOT-03,123.8,18.6585,19.5044,19.4464,19.2539
CMP-002293,Logic IC,Iddq,µA,LOT-14,126.09,9.7955,10.4636,10.3613,10.445
CMP-002294,Memory IC,Standby Current,µA,LOT-02,125.06,23.9986,50.5351,27.8025,28.8276
CMP-002295,ADC,Leakage Current,µA,LOT-11,123.72,5.255,6.2998,12.6181,25.9355
CMP-002296,Driver IC,Propagation Delay,ns,LOT-18,128.19,17.9593,18.9562,26.3591,40.0033
CMP-002297,Logic IC,Iddq,µA,LOT-18,125.0,9.5062,9.7298,10.1442,10.0863
CMP-002298,Memory IC,Standby Current,µA,LOT-19,124.7,25.801,29.0044,42.756,73.612
CMP-002299,ADC,Leakage Current,µA,LOT-20,124.37,4.6541,4.7287,4.8605,5.1169
CMP-002300,Driver IC,Propagation Delay,ns,LOT-20,124.35,17.8376,19.1827,26.0914,39.4622
CMP-002301,Logic IC,Iddq,µA,LOT-11,123.9,10.485,10.6355,11.0321,10.8983
CMP-002302,Memory IC,Standby Current,µA,LOT-02,126.17,24.4608,25.0868,25.9095,25.7826
CMP-002303,ADC,Leakage Current,µA,LOT-20,122.33,4.9325,5.07,5.0949,5.3185
CMP-002304,Driver IC,Propagation Delay,ns,LOT-10,124.86,17.992,17.6081,18.1277,18.478
CMP-002305,Logic IC,Iddq,µA,LOT-13,121.49,9.8351,10.076,10.3803,10.7112
CMP-002306,Memory IC,Standby Current,µA,LOT-08,124.38,24.2042,27.2913,40.8773,62.4898
CMP-002307,ADC,Leakage Current,µA,LOT-15,124.75,4.9627,5.2315,5.4407,5.6451
CMP-002308,Driver IC,Propagation Delay,ns,LOT-07,123.87,18.5389,18.5817,18.8119,18.6129
CMP-002309,Logic IC,Iddq,µA,LOT-08,122.56,10.1721,10.4665,10.8329,10.9046
CMP-002310,Memory IC,Standby Current,µA,LOT-14,125.24,25.8466,40.251,27.4669,31.385
CMP-002311,ADC,Leakage Current,µA,LOT-14,124.8,5.2952,5.4419,5.8009,5.7333
CMP-002312,Driver IC,Propagation Delay,ns,LOT-09,125.24,18.574,20.4974,28.5618,36.2807
CMP-002313,Logic IC,Iddq,µA,LOT-02,125.43,9.7879,10.3284,10.5643,10.5509
CMP-002314,Memory IC,Standby Current,µA,LOT-17,125.66,25.7158,28.9681,41.5675,62.3761
CMP-002315,ADC,Leakage Current,µA,LOT-09,126.88,5.2582,5.2631,5.4333,5.6887
CMP-002316,Driver IC,Propagation Delay,ns,LOT-08,124.89,17.8725,19.4693,24.6998,37.21
CMP-002317,Logic IC,Iddq,µA,LOT-02,124.96,9.5895,11.1149,17.5776,28.0873
CMP-002318,Memory IC,Standby Current,µA,LOT-16,125.28,24.7621,24.5722,25.8602,26.2201
CMP-002319,ADC,Leakage Current,µA,LOT-03,123.69,4.8302,4.9751,5.0944,5.1798
CMP-002320,Driver IC,Propagation Delay,ns,LOT-08,124.63,17.7912,19.1073,24.579,36.7021
CMP-002321,Logic IC,Iddq,µA,LOT-04,125.27,10.2503,11.8203,24.3121,47.2689
CMP-002322,Memory IC,Standby Current,µA,LOT-03,124.6,24.8949,25.5795,25.8541,26.1251
CMP-002323,ADC,Leakage Current,µA,LOT-17,122.18,4.8984,15.1361,5.5948,7.3429
CMP-002324,Driver IC,Propagation Delay,ns,LOT-06,124.81,18.283,20.7288,25.0849,40.3101
CMP-002325,Logic IC,Iddq,µA,LOT-01,126.37,9.8855,10.1474,10.4583,10.5036
CMP-002326,Memory IC,Standby Current,µA,LOT-19,125.53,24.4596,25.0923,25.5585,26.071
CMP-002327,ADC,Leakage Current,µA,LOT-04,126.72,4.7765,4.962,5.228,5.3971
CMP-002328,Driver IC,Propagation Delay,ns,LOT-17,126.78,18.0057,19.2561,27.3855,40.9192
CMP-002329,Logic IC,Iddq,µA,LOT-10,123.3,9.6553,9.9934,10.2598,10.267
CMP-002330,Memory IC,Standby Current,µA,LOT-14,125.1,25.4904,26.7188,43.9664,80.0815
CMP-002331,ADC,Leakage Current,µA,LOT-04,122.78,5.148,5.407,5.4106,5.7034
CMP-002332,Driver IC,Propagation Delay,ns,LOT-14,126.69,18.1598,18.434,18.6043,18.5551
CMP-002333,Logic IC,Iddq,µA,LOT-04,124.81,9.9536,11.5501,18.4532,29.1634
CMP-002334,Memory IC,Standby Current,µA,LOT-13,125.22,25.6452,28.3868,38.7088,61.0718
CMP-002335,ADC,Leakage Current,µA,LOT-13,125.71,5.1307,6.6851,11.1618,22.0989
CMP-002336,Driver IC,Propagation Delay,ns,LOT-19,126.24,17.2214,17.4045,17.6516,17.9158
CMP-002337,Logic IC,Iddq,µA,LOT-15,123.09,10.202,10.3797,10.6774,10.9258
CMP-002338,Memory IC,Standby Current,µA,LOT-13,126.65,25.4133,41.782,27.9087,30.0145
CMP-002339,ADC,Leakage Current,µA,LOT-09,123.99,4.9769,6.2678,10.7601,20.5231
CMP-002340,Driver IC,Propagation Delay,ns,LOT-13,125.81,18.2968,18.3014,18.5832,18.8077
CMP-002341,Logic IC,Iddq,µA,LOT-05,123.47,9.5307,12.4635,21.5864,35.9848
CMP-002342,Memory IC,Standby Current,µA,LOT-12,128.04,24.4619,27.4153,42.2556,61.77
CMP-002343,ADC,Leakage Current,µA,LOT-15,126.11,5.1049,14.5425,5.8524,7.4668
CMP-002344,Driver IC,Propagation Delay,ns,LOT-05,125.89,17.5421,19.344,26.699,37.2453
CMP-002345,Logic IC,Iddq,µA,LOT-17,124.71,9.9186,10.2362,10.5295,10.8632
CMP-002346,Memory IC,Standby Current,µA,LOT-01,124.98,25.4205,37.7053,26.2302,31.7623
CMP-002347,ADC,Leakage Current,µA,LOT-13,125.36,4.8992,5.0786,5.2581,5.4686
CMP-002348,Driver IC,Propagation Delay,ns,LOT-18,124.69,17.737,18.707,18.5309,18.8335
CMP-002349,Logic IC,Iddq,µA,LOT-17,125.61,10.1618,12.0571,19.3033,43.9341
CMP-002350,Memory IC,Standby Current,µA,LOT-01,127.3,24.79,25.3895,26.0205,26.801
CMP-002351,ADC,Leakage Current,µA,LOT-01,126.25,4.7198,4.9692,5.2042,5.3269
CMP-002352,Driver IC,Propagation Delay,ns,LOT-03,125.84,17.4618,18.0413,18.1185,18.199
CMP-002353,Logic IC,Iddq,µA,LOT-18,122.99,10.0235,10.5674,10.9966,11.0775
CMP-002354,Memory IC,Standby Current,µA,LOT-19,123.92,24.9627,29.6635,40.4842,62.4838
CMP-002355,ADC,Leakage Current,µA,LOT-08,125.23,4.9974,11.0821,5.4326,6.5673
CMP-002356,Driver IC,Propagation Delay,ns,LOT-05,127.06,16.9234,17.397,17.6786,17.7298
CMP-002357,Logic IC,Iddq,µA,LOT-01,122.46,9.9736,10.3013,10.4691,10.7424
CMP-002358,Memory IC,Standby Current,µA,LOT-13,126.18,25.4608,25.7058,26.5941,26.8326
CMP-002359,ADC,Leakage Current,µA,LOT-14,124.74,5.2498,5.5028,5.6643,5.8279
CMP-002360,Driver IC,Propagation Delay,ns,LOT-19,122.25,18.2276,18.3207,18.8338,18.9239
CMP-002361,Logic IC,Iddq,µA,LOT-01,124.1,9.6392,10.1658,10.5409,10.7426
CMP-002362,Memory IC,Standby Current,µA,LOT-03,127.79,25.2642,26.1517,26.088,26.5632
CMP-002363,ADC,Leakage Current,µA,LOT-05,123.49,4.4374,4.5549,4.7015,4.7291
CMP-002364,Driver IC,Propagation Delay,ns,LOT-10,124.69,17.7561,18.4234,18.3332,18.8074
CMP-002365,Logic IC,Iddq,µA,LOT-11,125.29,9.894,10.0352,10.26,10.625
CMP-002366,Memory IC,Standby Current,µA,LOT-18,124.69,25.4246,25.9383,26.0501,26.2122
CMP-002367,ADC,Leakage Current,µA,LOT-10,123.74,4.8311,6.5573,12.354,22.8093
CMP-002368,Driver IC,Propagation Delay,ns,LOT-09,125.46,18.8679,20.4843,24.7783,38.8296
CMP-002369,Logic IC,Iddq,µA,LOT-16,126.05,9.6642,10.0497,10.5269,10.757
CMP-002370,Memory IC,Standby Current,µA,LOT-16,127.16,24.905,27.9591,47.2106,86.1921
CMP-002371,ADC,Leakage Current,µA,LOT-17,125.38,5.0879,5.1784,5.345,5.4327
CMP-002372,Driver IC,Propagation Delay,ns,LOT-09,124.83,17.622,20.0745,27.1649,39.6263
CMP-002373,Logic IC,Iddq,µA,LOT-03,127.95,10.1187,25.6507,11.3154,11.8025
CMP-002374,Memory IC,Standby Current,µA,LOT-02,126.29,25.4664,25.0348,26.313,25.9234
CMP-002375,ADC,Leakage Current,µA,LOT-03,126.19,5.1961,5.3724,5.5236,5.6763
CMP-002376,Driver IC,Propagation Delay,ns,LOT-10,124.23,17.6924,24.2614,18.2097,19.4504
CMP-002377,Logic IC,Iddq,µA,LOT-07,125.12,10.0996,18.3724,10.8288,13.7519
CMP-002378,Memory IC,Standby Current,µA,LOT-10,123.83,26.0899,28.595,41.1987,63.4895
CMP-002379,ADC,Leakage Current,µA,LOT-01,126.42,5.115,13.9297,6.1195,7.0999
CMP-002380,Driver IC,Propagation Delay,ns,LOT-12,125.03,18.558,30.7752,20.4218,22.5479
CMP-002381,Logic IC,Iddq,µA,LOT-04,125.46,10.7229,10.8716,11.1011,11.2311
CMP-002382,Memory IC,Standby Current,µA,LOT-07,126.87,24.679,25.4411,24.8468,25.9587
CMP-002383,ADC,Leakage Current,µA,LOT-02,125.5,4.6118,4.7954,5.0366,5.0977
CMP-002384,Driver IC,Propagation Delay,ns,LOT-05,125.02,17.7932,17.8981,18.4599,18.8907
CMP-002385,Logic IC,Iddq,µA,LOT-09,125.46,10.0214,10.2641,10.3658,10.8806
CMP-002386,Memory IC,Standby Current,µA,LOT-04,124.7,25.0649,42.1615,26.4252,27.7781
CMP-002387,ADC,Leakage Current,µA,LOT-15,122.01,4.9349,5.204,5.4073,5.4977
CMP-002388,Driver IC,Propagation Delay,ns,LOT-01,125.76,17.7153,18.3815,18.2899,18.6069
CMP-002389,Logic IC,Iddq,µA,LOT-01,124.52,10.2814,10.7509,10.9343,11.4952
CMP-002390,Memory IC,Standby Current,µA,LOT-09,126.53,25.3346,26.9316,38.5297,60.2283
CMP-002391,ADC,Leakage Current,µA,LOT-12,125.76,5.0739,6.1653,9.9253,16.2868
CMP-002392,Driver IC,Propagation Delay,ns,LOT-02,126.11,17.9781,18.1818,17.8507,18.2813
CMP-002393,Logic IC,Iddq,µA,LOT-09,125.7,9.9261,10.2828,10.7284,11.1051
CMP-002394,Memory IC,Standby Current,µA,LOT-09,122.62,24.516,25.2305,25.4647,25.8755
CMP-002395,ADC,Leakage Current,µA,LOT-09,124.36,4.9689,5.0783,5.2373,5.4286
CMP-002396,Driver IC,Propagation Delay,ns,LOT-06,122.93,18.0948,19.0084,26.4679,37.658
CMP-002397,Logic IC,Iddq,µA,LOT-02,126.43,9.5963,11.0756,20.3998,34.8173
CMP-002398,Memory IC,Standby Current,µA,LOT-11,124.33,24.9019,27.3036,45.0857,72.5365
CMP-002399,ADC,Leakage Current,µA,LOT-05,123.77,4.7078,4.8725,4.9666,5.1783
CMP-002400,Driver IC,Propagation Delay,ns,LOT-10,122.22,17.8489,19.148,25.5267,33.5382
CMP-002401,Logic IC,Iddq,µA,LOT-14,123.8,10.0845,10.2576,10.4309,10.6397
CMP-002402,Memory IC,Standby Current,µA,LOT-04,125.46,24.3274,24.7402,24.9834,25.2362
CMP-002403,ADC,Leakage Current,µA,LOT-12,123.5,5.06,5.2308,5.401,5.4899
CMP-002404,Driver IC,Propagation Delay,ns,LOT-16,125.78,17.2815,18.6527,27.3209,44.4622
CMP-002405,Logic IC,Iddq,µA,LOT-03,121.41,10.2567,10.626,10.7678,10.9852
CMP-002406,Memory IC,Standby Current,µA,LOT-02,124.74,24.2013,24.7604,25.9178,25.9363
CMP-002407,ADC,Leakage Current,µA,LOT-02,122.32,4.8623,4.9064,5.0853,5.4106
CMP-002408,Driver IC,Propagation Delay,ns,LOT-18,124.67,18.0207,18.4459,18.5424,19.065
CMP-002409,Logic IC,Iddq,µA,LOT-12,124.75,9.7844,12.4239,18.8014,37.2296
CMP-002410,Memory IC,Standby Current,µA,LOT-05,125.59,25.0532,25.5589,25.9337,25.8817
CMP-002411,ADC,Leakage Current,µA,LOT-06,125.12,4.4377,5.4559,8.7602,15.4322
CMP-002412,Driver IC,Propagation Delay,ns,LOT-11,124.93,18.2402,18.6736,18.741,18.8432
CMP-002413,Logic IC,Iddq,µA,LOT-13,125.27,10.2505,18.1408,11.3575,12.8712
CMP-002414,Memory IC,Standby Current,µA,LOT-19,123.29,24.1371,24.7407,25.1718,25.5181
CMP-002415,ADC,Leakage Current,µA,LOT-09,124.8,5.0959,5.6286,13.1202,26.1017
CMP-002416,Driver IC,Propagation Delay,ns,LOT-18,125.44,17.5308,18.8625,24.5684,42.668
CMP-002417,Logic IC,Iddq,µA,LOT-02,125.81,9.864,10.9384,22.4581,41.156
CMP-002418,Memory IC,Standby Current,µA,LOT-14,126.14,26.1258,28.025,42.0864,77.4887
CMP-002419,ADC,Leakage Current,µA,LOT-09,125.2,4.9324,5.1064,5.2548,5.2885
CMP-002420,Driver IC,Propagation Delay,ns,LOT-13,124.06,17.7515,19.8839,26.1723,37.4405
CMP-002421,Logic IC,Iddq,µA,LOT-15,123.35,10.0898,10.1775,10.6175,10.8335
CMP-002422,Memory IC,Standby Current,µA,LOT-07,125.04,25.0031,25.0881,25.2327,26.0071
CMP-002423,ADC,Leakage Current,µA,LOT-09,124.78,4.9302,6.1346,10.8944,22.6827
CMP-002424,Driver IC,Propagation Delay,ns,LOT-08,127.68,18.0056,28.5772,19.889,21.9968
CMP-002425,Logic IC,Iddq,µA,LOT-01,123.28,9.604,10.0781,10.0096,10.4525
CMP-002426,Memory IC,Standby Current,µA,LOT-05,122.89,25.6272,44.5729,27.3433,29.2238
CMP-002427,ADC,Leakage Current,µA,LOT-17,124.45,5.3111,5.473,5.6027,5.8309
CMP-002428,Driver IC,Propagation Delay,ns,LOT-03,126.03,17.8778,19.052,26.3767,43.788
CMP-002429,Logic IC,Iddq,µA,LOT-18,128.1,10.06,11.7546,18.922,33.3396
CMP-002430,Memory IC,Standby Current,µA,LOT-03,125.04,25.8259,26.393,27.0957,27.4783
CMP-002431,ADC,Leakage Current,µA,LOT-03,124.95,5.3898,5.5284,5.6559,5.8524
CMP-002432,Driver IC,Propagation Delay,ns,LOT-04,126.05,18.1169,18.5403,18.9643,18.8509
CMP-002433,Logic IC,Iddq,µA,LOT-07,123.51,9.8674,10.2127,10.2765,10.4149
CMP-002434,Memory IC,Standby Current,µA,LOT-20,125.12,25.1818,28.7698,38.5638,69.804
CMP-002435,ADC,Leakage Current,µA,LOT-20,125.07,5.0235,5.0388,5.2967,5.3774
CMP-002436,Driver IC,Propagation Delay,ns,LOT-16,124.95,16.8021,17.3376,17.6493,17.8189
CMP-002437,Logic IC,Iddq,µA,LOT-14,127.05,9.8947,23.706,11.0554,12.5933
CMP-002438,Memory IC,Standby Current,µA,LOT-07,124.08,24.4199,25.5109,26.2753,26.5575
CMP-002439,ADC,Leakage Current,µA,LOT-16,125.43,4.8666,4.932,5.16,5.4122
CMP-002440,Driver IC,Propagation Delay,ns,LOT-15,124.06,18.6302,18.277,18.4375,18.2816
CMP-002441,Logic IC,Iddq,µA,LOT-07,124.55,9.8737,10.1699,10.5398,10.6813
CMP-002442,Memory IC,Standby Current,µA,LOT-02,125.93,25.9593,26.0436,26.7456,27.139
CMP-002443,ADC,Leakage Current,µA,LOT-04,127.34,5.0805,5.2617,5.3763,5.4534
CMP-002444,Driver IC,Propagation Delay,ns,LOT-17,126.92,18.0439,18.3559,18.6465,18.8662
CMP-002445,Logic IC,Iddq,µA,LOT-05,127.09,10.1853,10.0324,10.3949,10.8702
CMP-002446,Memory IC,Standby Current,µA,LOT-12,127.76,25.3585,27.9588,42.0302,73.2728
CMP-002447,ADC,Leakage Current,µA,LOT-11,125.23,5.0643,5.0955,5.2237,5.4195
CMP-002448,Driver IC,Propagation Delay,ns,LOT-06,126.44,17.5587,18.0678,18.4593,18.6207
CMP-002449,Logic IC,Iddq,µA,LOT-10,124.97,9.6782,10.1658,10.4637,10.4353
CMP-002450,Memory IC,Standby Current,µA,LOT-12,124.35,25.9175,26.4043,26.5302,27.2179
CMP-002451,ADC,Leakage Current,µA,LOT-11,125.14,4.9555,5.1675,5.3117,5.2014
CMP-002452,Driver IC,Propagation Delay,ns,LOT-08,124.68,18.1563,30.1621,18.6626,21.4271
CMP-002453,Logic IC,Iddq,µA,LOT-03,125.24,10.3763,10.6511,10.8666,11.1605
CMP-002454,Memory IC,Standby Current,µA,LOT-04,125.31,25.9685,25.9026,26.1926,26.5295
CMP-002455,ADC,Leakage Current,µA,LOT-11,121.73,5.3782,6.1106,12.363,23.4297
CMP-002456,Driver IC,Propagation Delay,ns,LOT-13,123.31,18.0186,19.7098,26.9889,42.6842
CMP-002457,Logic IC,Iddq,µA,LOT-07,126.86,10.3091,10.6014,10.8488,11.1482
CMP-002458,Memory IC,Standby Current,µA,LOT-04,126.69,24.9065,25.2713,25.9306,25.7609
CMP-002459,ADC,Leakage Current,µA,LOT-05,124.98,4.6521,4.9195,5.0009,5.2606
CMP-002460,Driver IC,Propagation Delay,ns,LOT-10,124.66,17.4972,18.824,26.7604,41.6931
CMP-002461,Logic IC,Iddq,µA,LOT-15,124.47,10.6561,10.8374,10.9362,11.1353
CMP-002462,Memory IC,Standby Current,µA,LOT-20,125.04,24.6655,25.7884,25.5557,25.9886
CMP-002463,ADC,Leakage Current,µA,LOT-17,122.54,5.276,6.1031,10.8168,19.2632
CMP-002464,Driver IC,Propagation Delay,ns,LOT-10,124.4,18.1456,17.9075,18.2685,18.1199
CMP-002465,Logic IC,Iddq,µA,LOT-19,128.2,10.4717,12.0411,18.4835,28.2768
CMP-002466,Memory IC,Standby Current,µA,LOT-15,126.99,25.666,26.2187,26.1871,27.4483
CMP-002467,ADC,Leakage Current,µA,LOT-09,126.94,4.7844,12.4379,6.2594,8.1656
CMP-002468,Driver IC,Propagation Delay,ns,LOT-15,124.39,18.2856,19.0292,27.4857,43.4377
CMP-002469,Logic IC,Iddq,µA,LOT-01,126.58,10.3553,10.5454,10.7149,10.8259
CMP-002470,Memory IC,Standby Current,µA,LOT-02,123.74,25.5497,25.2493,26.431,26.5621
CMP-002471,ADC,Leakage Current,µA,LOT-16,125.67,4.839,6.3724,10.2994,19.1355
CMP-002472,Driver IC,Propagation Delay,ns,LOT-11,125.09,18.8096,31.51,20.3383,23.5631
CMP-002473,Logic IC,Iddq,µA,LOT-02,124.02,9.8496,12.4377,21.3082,38.8783
CMP-002474,Memory IC,Standby Current,µA,LOT-19,124.29,25.0475,26.7943,42.9033,76.4665
CMP-002475,ADC,Leakage Current,µA,LOT-07,125.39,5.1368,10.4058,6.185,6.5503
CMP-002476,Driver IC,Propagation Delay,ns,LOT-19,125.15,18.9061,20.4696,26.0187,38.6518
CMP-002477,Logic IC,Iddq,µA,LOT-03,126.44,10.1547,19.5277,12.3282,15.2374
CMP-002478,Memory IC,Standby Current,µA,LOT-01,123.09,25.1026,25.2998,26.271,26.5238
CMP-002479,ADC,Leakage Current,µA,LOT-14,124.49,5.3548,6.2882,10.5929,25.5491
CMP-002480,Driver IC,Propagation Delay,ns,LOT-11,122.58,18.0253,20.5017,25.3919,36.486
CMP-002481,Logic IC,Iddq,µA,LOT-08,124.28,9.9789,10.5852,10.6323,10.5078
CMP-002482,Memory IC,Standby Current,µA,LOT-16,122.37,24.6939,25.4717,25.3517,25.3223
CMP-002483,ADC,Leakage Current,µA,LOT-03,126.05,5.2071,6.1395,10.9946,22.4109
CMP-002484,Driver IC,Propagation Delay,ns,LOT-12,121.99,17.6597,18.5476,18.198,18.4879
CMP-002485,Logic IC,Iddq,µA,LOT-09,124.29,10.3607,11.0636,19.1322,34.5001
CMP-002486,Memory IC,Standby Current,µA,LOT-15,124.63,24.6509,24.6725,25.6991,25.6564
CMP-002487,ADC,Leakage Current,µA,LOT-20,125.06,4.907,5.2059,5.3954,5.5803
CMP-002488,Driver IC,Propagation Delay,ns,LOT-18,126.36,18.7447,18.28,18.9726,18.9774
CMP-002489,Logic IC,Iddq,µA,LOT-19,124.47,10.4124,11.7699,21.8571,35.0003
CMP-002490,Memory IC,Standby Current,µA,LOT-05,123.78,24.9016,25.6219,26.1481,26.4008
CMP-002491,ADC,Leakage Current,µA,LOT-17,126.15,5.1089,5.6572,9.9159,24.0876
CMP-002492,Driver IC,Propagation Delay,ns,LOT-01,125.77,17.4965,17.9465,18.2613,18.2917
CMP-002493,Logic IC,Iddq,µA,LOT-08,126.11,9.708,9.8148,10.0734,10.4283
CMP-002494,Memory IC,Standby Current,µA,LOT-05,123.31,25.3236,28.9158,43.9745,74.2294
CMP-002495,ADC,Leakage Current,µA,LOT-07,125.93,4.8486,5.4127,12.4527,27.1102
CMP-002496,Driver IC,Propagation Delay,ns,LOT-06,123.84,17.5537,18.2945,18.1443,18.5079
CMP-002497,Logic IC,Iddq,µA,LOT-02,126.59,9.8168,10.2032,10.5123,10.604
CMP-002498,Memory IC,Standby Current,µA,LOT-14,124.71,25.5329,25.8716,26.5039,27.1583
CMP-002499,ADC,Leakage Current,µA,LOT-04,125.35,4.9704,5.1906,5.2898,5.3192
CMP-002500,Driver IC,Propagation Delay,ns,LOT-07,125.29,18.7863,18.6654,19.3634,19.5403
CMP-002501,Logic IC,Iddq,µA,LOT-10,124.73,9.8019,12.3623,22.2516,33.0679
CMP-002502,Memory IC,Standby Current,µA,LOT-07,126.9,24.6945,27.5202,46.9553,76.0675
CMP-002503,ADC,Leakage Current,µA,LOT-03,123.72,5.1924,5.8202,12.5619,20.1016
CMP-002504,Driver IC,Propagation Delay,ns,LOT-17,122.8,18.3031,18.5758,18.8652,18.9747
CMP-002505,Logic IC,Iddq,µA,LOT-14,123.3,10.4059,13.1697,23.2162,33.8266
CMP-002506,Memory IC,Standby Current,µA,LOT-15,125.48,25.0415,25.7214,26.1909,26.3822
CMP-002507,ADC,Leakage Current,µA,LOT-18,126.07,4.9193,5.0439,4.955,5.2957
CMP-002508,Driver IC,Propagation Delay,ns,LOT-03,127.55,17.8787,19.3226,26.8134,38.765
CMP-002509,Logic IC,Iddq,µA,LOT-08,125.6,10.0972,10.5116,10.8219,10.8516
CMP-002510,Memory IC,Standby Current,µA,LOT-05,123.64,24.4533,24.5892,24.5019,24.4763
CMP-002511,ADC,Leakage Current,µA,LOT-12,121.7,5.2424,5.3924,5.5374,5.7118
CMP-002512,Driver IC,Propagation Delay,ns,LOT-04,125.72,17.7928,18.1361,18.4025,18.6224
CMP-002513,Logic IC,Iddq,µA,LOT-20,123.11,9.8557,10.0467,10.284,10.4245
CMP-002514,Memory IC,Standby Current,µA,LOT-03,125.05,23.9287,28.223,36.6687,53.329
CMP-002515,ADC,Leakage Current,µA,LOT-07,124.4,5.0683,5.1268,5.4404,5.4887
CMP-002516,Driver IC,Propagation Delay,ns,LOT-08,123.86,18.1809,18.8223,18.9608,18.7712
CMP-002517,Logic IC,Iddq,µA,LOT-13,124.9,10.0638,11.7253,22.3782,42.5073
CMP-002518,Memory IC,Standby Current,µA,LOT-15,125.18,24.7252,25.3307,25.4794,26.3836
CMP-002519,ADC,Leakage Current,µA,LOT-07,124.24,5.2753,5.2543,5.4299,5.6013
CMP-002520,Driver IC,Propagation Delay,ns,LOT-16,124.92,17.3467,29.7561,17.6863,20.2542
CMP-002521,Logic IC,Iddq,µA,LOT-12,124.36,10.6132,12.0078,21.7093,40.2081
CMP-002522,Memory IC,Standby Current,µA,LOT-04,124.33,25.9891,26.384,26.4694,27.1664
CMP-002523,ADC,Leakage Current,µA,LOT-09,124.98,5.1766,6.9403,12.7458,21.648
CMP-002524,Driver IC,Propagation Delay,ns,LOT-03,126.58,18.4152,20.133,27.4176,36.5767
CMP-002525,Logic IC,Iddq,µA,LOT-15,125.76,10.1247,12.4189,22.0831,34.6878
CMP-002526,Memory IC,Standby Current,µA,LOT-17,122.46,25.3957,29.5084,42.3104,63.6684
CMP-002527,ADC,Leakage Current,µA,LOT-07,123.89,5.1036,5.0899,5.417,5.5058
CMP-002528,Driver IC,Propagation Delay,ns,LOT-08,127.02,18.0694,18.1765,18.4925,18.6814
CMP-002529,Logic IC,Iddq,µA,LOT-14,125.03,10.4049,10.7098,10.8425,11.0966
CMP-002530,Memory IC,Standby Current,µA,LOT-16,125.48,24.8897,43.0788,27.1366,29.0062
CMP-002531,ADC,Leakage Current,µA,LOT-16,128.26,4.9538,6.2029,11.2649,21.8116
CMP-002532,Driver IC,Propagation Delay,ns,LOT-14,125.86,17.8853,18.484,18.4929,18.4433
CMP-002533,Logic IC,Iddq,µA,LOT-10,124.88,9.7805,10.1893,10.404,10.609
CMP-002534,Memory IC,Standby Current,µA,LOT-13,124.95,24.4987,28.9754,44.5106,65.9042
CMP-002535,ADC,Leakage Current,µA,LOT-19,124.7,4.9566,5.0879,5.2451,5.3207
CMP-002536,Driver IC,Propagation Delay,ns,LOT-08,123.2,18.5422,19.7409,25.1279,38.5536
CMP-002537,Logic IC,Iddq,µA,LOT-19,129.16,9.8476,10.2413,10.4995,10.9705
CMP-002538,Memory IC,Standby Current,µA,LOT-05,124.53,24.2476,24.2763,24.9066,25.3241
CMP-002539,ADC,Leakage Current,µA,LOT-16,122.38,4.4967,10.0623,5.0044,6.8958
CMP-002540,Driver IC,Propagation Delay,ns,LOT-13,124.85,18.1492,19.6977,28.4865,41.25
CMP-002541,Logic IC,Iddq,µA,LOT-04,123.46,9.9445,12.4138,21.3225,34.6014
CMP-002542,Memory IC,Standby Current,µA,LOT-17,126.47,26.2566,26.1205,26.7069,27.0186
CMP-002543,ADC,Leakage Current,µA,LOT-04,124.28,5.2437,5.3792,5.6608,5.702
CMP-002544,Driver IC,Propagation Delay,ns,LOT-11,124.09,17.1856,18.5828,26.1945,44.3946
CMP-002545,Logic IC,Iddq,µA,LOT-14,123.21,9.9609,10.49,10.5811,10.9661
CMP-002546,Memory IC,Standby Current,µA,LOT-02,128.81,25.136,25.5972,26.0189,26.3332
CMP-002547,ADC,Leakage Current,µA,LOT-10,126.71,4.7189,5.5769,10.403,21.3483
CMP-002548,Driver IC,Propagation Delay,ns,LOT-19,122.46,18.1914,28.5342,19.8438,20.807
CMP-002549,Logic IC,Iddq,µA,LOT-20,125.22,9.8888,10.1062,10.4557,10.4516
CMP-002550,Memory IC,Standby Current,µA,LOT-18,123.9,24.2465,28.2545,40.9384,57.5454
CMP-002551,ADC,Leakage Current,µA,LOT-02,123.58,4.7354,4.7736,5.0375,5.3101
CMP-002552,Driver IC,Propagation Delay,ns,LOT-02,126.3,17.8256,18.1011,18.1201,18.6034
CMP-002553,Logic IC,Iddq,µA,LOT-06,125.6,9.9247,12.6512,20.5606,40.4051
CMP-002554,Memory IC,Standby Current,µA,LOT-09,125.08,26.3044,42.9186,27.671,30.0234
CMP-002555,ADC,Leakage Current,µA,LOT-03,124.68,5.3636,5.3199,5.5666,5.562
CMP-002556,Driver IC,Propagation Delay,ns,LOT-19,126.07,17.9373,18.1418,18.4168,18.3814
CMP-002557,Logic IC,Iddq,µA,LOT-16,124.98,9.802,10.0134,10.418,10.4631
CMP-002558,Memory IC,Standby Current,µA,LOT-01,123.5,24.4448,27.8681,36.7306,62.7792
CMP-002559,ADC,Leakage Current,µA,LOT-07,126.0,5.0049,6.13,10.7341,22.0607
CMP-002560,Driver IC,Propagation Delay,ns,LOT-12,123.82,17.826,19.7503,25.7667,34.959
CMP-002561,Logic IC,Iddq,µA,LOT-12,123.12,10.0567,21.6517,11.5718,14.2491
CMP-002562,Memory IC,Standby Current,µA,LOT-12,126.92,24.6243,49.6825,29.0566,31.8276
CMP-002563,ADC,Leakage Current,µA,LOT-18,125.04,4.6482,6.3436,11.5412,18.8443
CMP-002564,Driver IC,Propagation Delay,ns,LOT-04,122.13,16.851,19.2499,25.5039,40.983
CMP-002565,Logic IC,Iddq,µA,LOT-17,128.15,9.8891,9.9734,10.2796,10.8497
CMP-002566,Memory IC,Standby Current,µA,LOT-20,122.59,25.0382,52.8346,26.9687,31.0942
CMP-002567,ADC,Leakage Current,µA,LOT-18,126.7,4.75,4.8965,5.0226,5.2265
CMP-002568,Driver IC,Propagation Delay,ns,LOT-02,123.35,16.8507,16.951,17.131,17.4605
CMP-002569,Logic IC,Iddq,µA,LOT-20,123.82,9.9065,10.0706,9.9064,10.1709
CMP-002570,Memory IC,Standby Current,µA,LOT-10,124.35,24.854,28.3504,40.4705,70.6443
CMP-002571,ADC,Leakage Current,µA,LOT-01,122.47,5.419,6.525,12.4896,19.0523
CMP-002572,Driver IC,Propagation Delay,ns,LOT-11,123.81,18.7447,19.4204,25.6688,43.2965
CMP-002573,Logic IC,Iddq,µA,LOT-02,124.99,9.2506,9.4759,9.4874,9.9043
CMP-002574,Memory IC,Standby Current,µA,LOT-11,128.36,25.0274,25.5091,25.5466,27.1314
CMP-002575,ADC,Leakage Current,µA,LOT-15,125.13,5.2509,5.252,5.4006,5.6244
CMP-002576,Driver IC,Propagation Delay,ns,LOT-19,126.67,19.037,19.8569,20.0274,20.124
CMP-002577,Logic IC,Iddq,µA,LOT-13,125.37,10.1207,12.6765,21.6314,36.1424
CMP-002578,Memory IC,Standby Current,µA,LOT-10,125.31,24.6289,25.4485,25.5523,26.1848
CMP-002579,ADC,Leakage Current,µA,LOT-19,124.65,4.812,6.5527,9.5602,21.4857
CMP-002580,Driver IC,Propagation Delay,ns,LOT-08,125.68,17.9562,18.0642,18.3641,18.9082
CMP-002581,Logic IC,Iddq,µA,LOT-07,123.47,9.5858,9.7576,9.8411,10.2539
CMP-002582,Memory IC,Standby Current,µA,LOT-02,126.27,25.2592,25.5908,25.9619,26.4572
CMP-002583,ADC,Leakage Current,µA,LOT-10,123.96,4.6883,4.8299,5.0604,5.2148
CMP-002584,Driver IC,Propagation Delay,ns,LOT-01,127.06,16.975,19.1291,25.2251,34.3271
CMP-002585,Logic IC,Iddq,µA,LOT-05,124.39,9.932,11.8172,21.6936,41.1491
CMP-002586,Memory IC,Standby Current,µA,LOT-12,123.47,26.3083,26.5323,27.4347,27.5683
CMP-002587,ADC,Leakage Current,µA,LOT-18,124.86,4.9393,5.0562,5.2241,5.4523
CMP-002588,Driver IC,Propagation Delay,ns,LOT-01,125.27,18.1868,18.48,18.8619,18.7229
CMP-002589,Logic IC,Iddq,µA,LOT-09,121.99,10.2566,12.4715,22.2754,33.947
CMP-002590,Memory IC,Standby Current,µA,LOT-07,123.73,25.3161,25.6933,25.6071,26.1896
CMP-002591,ADC,Leakage Current,µA,LOT-14,126.11,5.3051,6.5004,10.8293,17.8763
CMP-002592,Driver IC,Propagation Delay,ns,LOT-18,126.09,17.9588,17.7625,17.7306,18.617
CMP-002593,Logic IC,Iddq,µA,LOT-01,123.8,10.2101,10.3813,10.5818,11.0649
CMP-002594,Memory IC,Standby Current,µA,LOT-15,125.83,25.4222,27.3976,46.3644,75.89
CMP-002595,ADC,Leakage Current,µA,LOT-18,125.4,4.7083,4.6985,4.9896,5.2291
CMP-002596,Driver IC,Propagation Delay,ns,LOT-13,124.83,18.0693,19.6552,26.772,42.4198
CMP-002597,Logic IC,Iddq,µA,LOT-10,125.26,9.5382,12.1366,20.7932,36.9366
CMP-002598,Memory IC,Standby Current,µA,LOT-15,126.73,24.1098,25.0286,24.8928,25.7439
CMP-002599,ADC,Leakage Current,µA,LOT-16,127.09,4.9509,11.817,5.7114,6.3363
CMP-002600,Driver IC,Propagation Delay,ns,LOT-12,123.35,18.1849,18.0996,18.6503,19.0028
CMP-002601,Logic IC,Iddq,µA,LOT-03,123.03,9.9697,11.0798,22.8636,45.2554
CMP-002602,Memory IC,Standby Current,µA,LOT-20,124.67,24.9855,26.1197,26.5967,26.9707
CMP-002603,ADC,Leakage Current,µA,LOT-15,122.91,5.292,5.5775,5.704,5.8151
CMP-002604,Driver IC,Propagation Delay,ns,LOT-05,125.38,16.9322,17.3389,17.5464,17.6526
CMP-002605,Logic IC,Iddq,µA,LOT-01,123.64,10.1473,10.5007,10.6515,10.9239
CMP-002606,Memory IC,Standby Current,µA,LOT-06,121.81,24.6448,25.2283,25.2441,25.9934
CMP-002607,ADC,Leakage Current,µA,LOT-17,126.34,4.8012,9.6544,5.3989,6.2223
CMP-002608,Driver IC,Propagation Delay,ns,LOT-20,126.13,17.7538,19.2987,27.0288,40.8103
CMP-002609,Logic IC,Iddq,µA,LOT-18,120.56,9.9394,13.0549,22.2182,34.9781
CMP-002610,Memory IC,Standby Current,µA,LOT-11,125.78,24.8689,25.8265,25.9211,26.0653
CMP-002611,ADC,Leakage Current,µA,LOT-18,126.14,5.0275,5.2002,5.2901,5.5602
CMP-002612,Driver IC,Propagation Delay,ns,LOT-18,125.8,17.4686,17.9554,17.9746,18.4223
CMP-002613,Logic IC,Iddq,µA,LOT-01,125.06,10.1678,10.2586,10.4298,10.6773
CMP-002614,Memory IC,Standby Current,µA,LOT-04,125.89,25.6901,29.3331,43.9986,66.0824
CMP-002615,ADC,Leakage Current,µA,LOT-15,127.17,4.9657,5.1677,5.2707,5.5223
CMP-002616,Driver IC,Propagation Delay,ns,LOT-06,123.68,18.0073,19.8652,27.4737,37.7425
CMP-002617,Logic IC,Iddq,µA,LOT-20,126.27,10.0833,10.2204,10.8556,11.0001
CMP-002618,Memory IC,Standby Current,µA,LOT-13,121.54,24.9206,25.397,26.0213,26.27
CMP-002619,ADC,Leakage Current,µA,LOT-20,124.74,5.2525,5.5871,5.6199,5.592
CMP-002620,Driver IC,Propagation Delay,ns,LOT-17,123.14,17.6246,18.1788,18.3218,18.7617
CMP-002621,Logic IC,Iddq,µA,LOT-16,123.36,10.1443,12.7057,20.1076,39.3902
CMP-002622,Memory IC,Standby Current,µA,LOT-01,124.64,24.3174,47.5058,27.7152,32.6412
CMP-002623,ADC,Leakage Current,µA,LOT-16,124.16,4.8083,4.9873,5.113,5.3774
CMP-002624,Driver IC,Propagation Delay,ns,LOT-17,126.12,17.777,18.4057,18.2772,18.9694
CMP-002625,Logic IC,Iddq,µA,LOT-18,124.62,9.9773,10.0047,10.3979,10.7553
CMP-002626,Memory IC,Standby Current,µA,LOT-12,128.84,25.5241,26.4049,26.241,26.14
CMP-002627,ADC,Leakage Current,µA,LOT-16,124.55,4.883,6.5891,11.4708,20.4796
CMP-002628,Driver IC,Propagation Delay,ns,LOT-07,125.21,18.1148,24.0166,18.4128,20.6679
CMP-002629,Logic IC,Iddq,µA,LOT-06,126.05,9.6007,9.927,10.055,10.4024
CMP-002630,Memory IC,Standby Current,µA,LOT-14,122.96,24.6334,44.1116,26.3932,29.2323
CMP-002631,ADC,Leakage Current,µA,LOT-20,125.77,4.8439,6.3416,11.9331,21.1427
CMP-002632,Driver IC,Propagation Delay,ns,LOT-20,122.51,18.1249,20.0193,25.5738,36.8414
CMP-002633,Logic IC,Iddq,µA,LOT-11,126.73,10.1929,19.6283,10.8659,12.5885
CMP-002634,Memory IC,Standby Current,µA,LOT-11,125.66,25.0127,25.066,26.245,26.447
CMP-002635,ADC,Leakage Current,µA,LOT-07,126.54,5.0282,6.6709,11.843,20.3641
CMP-002636,Driver IC,Propagation Delay,ns,LOT-10,124.8,17.8465,17.7877,18.2071,18.3367
CMP-002637,Logic IC,Iddq,µA,LOT-14,124.67,10.4344,10.5766,10.8449,11.3127
CMP-002638,Memory IC,Standby Current,µA,LOT-14,123.34,24.9796,24.749,25.6346,25.834
CMP-002639,ADC,Leakage Current,µA,LOT-12,122.54,5.0031,5.3027,5.5296,5.562
CMP-002640,Driver IC,Propagation Delay,ns,LOT-19,123.25,18.322,18.5229,18.579,18.6544
CMP-002641,Logic IC,Iddq,µA,LOT-02,126.17,10.0558,10.3925,10.6355,10.8844
CMP-002642,Memory IC,Standby Current,µA,LOT-09,124.07,25.414,25.3045,25.6866,26.2508
CMP-002643,ADC,Leakage Current,µA,LOT-18,128.39,4.8354,14.0946,5.5127,5.9907
CMP-002644,Driver IC,Propagation Delay,ns,LOT-09,124.93,18.228,18.1679,17.824,18.6649
CMP-002645,Logic IC,Iddq,µA,LOT-12,125.6,9.9409,10.1303,10.5263,10.8325
CMP-002646,Memory IC,Standby Current,µA,LOT-19,126.07,24.1566,38.7125,24.9555,27.554
CMP-002647,ADC,Leakage Current,µA,LOT-17,125.08,4.9578,5.249,5.327,5.5483
CMP-002648,Driver IC,Propagation Delay,ns,LOT-04,127.2,18.184,18.3838,18.6523,18.9207
CMP-002649,Logic IC,Iddq,µA,LOT-10,125.78,10.0072,12.1916,20.6392,37.4447
CMP-002650,Memory IC,Standby Current,µA,LOT-05,124.49,25.3727,25.3347,25.6448,26.0797
CMP-002651,ADC,Leakage Current,µA,LOT-01,125.51,4.9375,5.0972,5.2332,5.2219
CMP-002652,Driver IC,Propagation Delay,ns,LOT-20,127.39,18.5111,18.7295,18.8129,19.2577
CMP-002653,Logic IC,Iddq,µA,LOT-02,125.17,9.5231,9.8191,10.0651,10.5004
CMP-002654,Memory IC,Standby Current,µA,LOT-07,125.36,24.784,25.0408,25.496,26.0769
CMP-002655,ADC,Leakage Current,µA,LOT-07,127.4,4.9506,5.7544,10.9276,23.7397
CMP-002656,Driver IC,Propagation Delay,ns,LOT-04,122.8,18.3152,19.634,24.2674,35.1673
CMP-002657,Logic IC,Iddq,µA,LOT-05,126.68,9.6168,9.8008,10.1885,10.7351
CMP-002658,Memory IC,Standby Current,µA,LOT-10,127.22,25.0871,27.4275,46.6297,78.2823
CMP-002659,ADC,Leakage Current,µA,LOT-03,124.22,5.307,5.5088,5.5206,5.5998
CMP-002660,Driver IC,Propagation Delay,ns,LOT-13,127.57,17.959,19.546,26.4782,36.1839
CMP-002661,Logic IC,Iddq,µA,LOT-04,123.75,10.0919,10.331,10.4564,10.7612
CMP-002662,Memory IC,Standby Current,µA,LOT-15,125.63,24.8337,27.6907,45.7575,79.9964
CMP-002663,ADC,Leakage Current,µA,LOT-09,126.71,4.7755,4.9558,5.1389,5.1053
CMP-002664,Driver IC,Propagation Delay,ns,LOT-02,123.09,18.6845,26.2802,19.8227,21.4419
CMP-002665,Logic IC,Iddq,µA,LOT-11,124.28,9.9796,24.5472,11.5427,14.5508
CMP-002666,Memory IC,Standby Current,µA,LOT-20,123.09,24.8454,28.4319,38.5597,56.9624
CMP-002667,ADC,Leakage Current,µA,LOT-11,127.12,5.1998,5.3976,5.619,5.7161
CMP-002668,Driver IC,Propagation Delay,ns,LOT-06,125.68,17.544,17.7203,18.0321,18.8409
CMP-002669,Logic IC,Iddq,µA,LOT-01,125.31,10.5315,10.8101,11.0607,11.2415
CMP-002670,Memory IC,Standby Current,µA,LOT-16,128.18,25.4667,25.9082,26.478,26.4086
CMP-002671,ADC,Leakage Current,µA,LOT-01,123.25,5.0056,5.879,10.6721,21.8385
CMP-002672,Driver IC,Propagation Delay,ns,LOT-13,126.43,18.1378,18.4801,18.1348,18.48
CMP-002673,Logic IC,Iddq,µA,LOT-09,125.3,9.7999,10.0898,10.3408,10.7572
CMP-002674,Memory IC,Standby Current,µA,LOT-01,123.23,24.5194,26.7235,46.3385,73.0848
CMP-002675,ADC,Leakage Current,µA,LOT-02,123.5,4.7231,6.1641,11.1675,22.9059
CMP-002676,Driver IC,Propagation Delay,ns,LOT-19,124.01,18.6141,18.5376,18.89,18.8977
CMP-002677,Logic IC,Iddq,µA,LOT-07,124.76,9.9015,10.7361,22.2472,42.5015
CMP-002678,Memory IC,Standby Current,µA,LOT-09,123.13,24.1045,28.1958,39.7158,70.2063
CMP-002679,ADC,Leakage Current,µA,LOT-04,126.3,5.2685,5.5145,5.4803,5.6593
CMP-002680,Driver IC,Propagation Delay,ns,LOT-10,127.07,17.8019,17.7721,17.9492,17.6954
CMP-002681,Logic IC,Iddq,µA,LOT-03,126.48,9.9775,10.3906,10.8307,10.9864
CMP-002682,Memory IC,Standby Current,µA,LOT-11,125.57,24.4673,27.5776,40.1687,68.5838
CMP-002683,ADC,Leakage Current,µA,LOT-07,123.39,5.0356,6.4758,10.3151,20.46
CMP-002684,Driver IC,Propagation Delay,ns,LOT-19,127.41,18.2724,18.2594,18.5061,18.7159
CMP-002685,Logic IC,Iddq,µA,LOT-01,123.86,9.824,10.8,17.0466,39.1813
CMP-002686,Memory IC,Standby Current,µA,LOT-09,123.04,24.4933,26.8269,38.74,73.7835
CMP-002687,ADC,Leakage Current,µA,LOT-01,123.33,4.7862,4.9516,4.9913,5.1339
CMP-002688,Driver IC,Propagation Delay,ns,LOT-09,123.71,17.287,17.5087,17.8664,17.993
CMP-002689,Logic IC,Iddq,µA,LOT-07,121.58,9.5434,9.89,10.0794,10.27
CMP-002690,Memory IC,Standby Current,µA,LOT-07,124.15,24.864,28.1896,38.383,64.0293
CMP-002691,ADC,Leakage Current,µA,LOT-03,125.38,5.1245,5.3469,5.5083,5.4875
CMP-002692,Driver IC,Propagation Delay,ns,LOT-16,123.67,17.2234,17.8037,18.0196,17.9638
CMP-002693,Logic IC,Iddq,µA,LOT-09,127.59,10.0401,10.5169,10.8563,10.833
CMP-002694,Memory IC,Standby Current,µA,LOT-06,124.53,24.9522,25.216,25.2218,26.1297
CMP-002695,ADC,Leakage Current,µA,LOT-10,126.94,4.6714,6.1381,10.9722,21.2587
CMP-002696,Driver IC,Propagation Delay,ns,LOT-17,124.34,18.0575,19.4179,27.1983,42.2804
CMP-002697,Logic IC,Iddq,µA,LOT-02,123.27,9.776,10.6917,21.3347,39.3536
CMP-002698,Memory IC,Standby Current,µA,LOT-09,124.53,24.6107,25.4624,26.12,26.3915
CMP-002699,ADC,Leakage Current,µA,LOT-05,123.21,4.4027,4.6041,4.7127,4.8254
CMP-002700,Driver IC,Propagation Delay,ns,LOT-10,125.71,17.7772,17.9396,18.367,18.2208
CMP-002701,Logic IC,Iddq,µA,LOT-05,126.42,9.8004,23.5549,11.7146,15.0594
CMP-002702,Memory IC,Standby Current,µA,LOT-08,125.16,25.241,26.0239,26.1307,27.086
CMP-002703,ADC,Leakage Current,µA,LOT-04,125.65,4.8509,5.0915,5.1539,5.4112
CMP-002704,Driver IC,Propagation Delay,ns,LOT-01,126.06,18.225,18.6414,18.7072,19.1158
CMP-002705,Logic IC,Iddq,µA,LOT-08,123.06,9.8252,11.9636,17.2686,28.004
CMP-002706,Memory IC,Standby Current,µA,LOT-19,126.24,24.7679,25.0197,25.5437,25.8869
CMP-002707,ADC,Leakage Current,µA,LOT-02,127.71,4.886,5.0386,5.2222,5.3707
CMP-002708,Driver IC,Propagation Delay,ns,LOT-06,125.04,17.7528,17.9944,18.0686,18.5275
CMP-002709,Logic IC,Iddq,µA,LOT-20,127.74,9.5752,11.0941,16.3928,26.8871
CMP-002710,Memory IC,Standby Current,µA,LOT-16,123.01,24.1976,25.1617,25.7575,25.8564
CMP-002711,ADC,Leakage Current,µA,LOT-13,125.13,5.0835,5.236,5.3599,5.5463
CMP-002712,Driver IC,Propagation Delay,ns,LOT-10,124.65,18.002,18.0856,18.5295,18.7963
CMP-002713,Logic IC,Iddq,µA,LOT-04,123.87,9.8479,10.3664,10.7367,10.9585
CMP-002714,Memory IC,Standby Current,µA,LOT-16,125.9,24.7335,24.9557,25.3054,25.4789
CMP-002715,ADC,Leakage Current,µA,LOT-09,126.08,5.0343,5.0634,5.227,5.4294
CMP-002716,Driver IC,Propagation Delay,ns,LOT-13,125.43,17.6344,20.2084,24.3296,32.5355
CMP-002717,Logic IC,Iddq,µA,LOT-13,123.2,10.1064,12.0744,22.8634,45.5193
CMP-002718,Memory IC,Standby Current,µA,LOT-14,124.44,25.343,45.6137,28.3469,29.8729
CMP-002719,ADC,Leakage Current,µA,LOT-03,125.78,5.2213,5.3621,5.4554,5.6362
CMP-002720,Driver IC,Propagation Delay,ns,LOT-14,127.51,17.5366,18.1709,17.846,18.7037
CMP-002721,Logic IC,Iddq,µA,LOT-15,123.79,9.866,10.233,10.2598,10.5948
CMP-002722,Memory IC,Standby Current,µA,LOT-04,121.66,24.4936,27.8793,36.0979,67.5636
CMP-002723,ADC,Leakage Current,µA,LOT-20,124.27,5.0988,5.4206,9.9543,20.4702
CMP-002724,Driver IC,Propagation Delay,ns,LOT-01,123.48,18.444,31.5199,18.8579,21.1162
CMP-002725,Logic IC,Iddq,µA,LOT-11,125.35,10.3374,10.3962,10.6801,11.0122
CMP-002726,Memory IC,Standby Current,µA,LOT-16,125.62,24.6348,25.5048,26.0226,26.5072
CMP-002727,ADC,Leakage Current,µA,LOT-10,126.93,4.8292,6.5245,11.8068,18.4552
CMP-002728,Driver IC,Propagation Delay,ns,LOT-15,125.43,18.0255,20.0195,29.5081,45.9715
CMP-002729,Logic IC,Iddq,µA,LOT-14,127.66,10.2792,10.4334,10.3919,10.6478
CMP-002730,Memory IC,Standby Current,µA,LOT-05,123.11,24.7284,24.6115,24.8948,25.4996
CMP-002731,ADC,Leakage Current,µA,LOT-15,125.66,5.0494,5.4476,5.5429,5.609
CMP-002732,Driver IC,Propagation Delay,ns,LOT-13,125.65,18.0285,18.0591,18.5973,19.0344
CMP-002733,Logic IC,Iddq,µA,LOT-09,124.02,9.6352,10.435,19.6319,33.6358
CMP-002734,Memory IC,Standby Current,µA,LOT-04,124.23,25.2537,26.0167,25.8457,26.522
CMP-002735,ADC,Leakage Current,µA,LOT-09,124.1,4.8205,4.9798,4.9816,5.2234
CMP-002736,Driver IC,Propagation Delay,ns,LOT-06,126.14,17.5679,17.8349,17.7113,18.3136
CMP-002737,Logic IC,Iddq,µA,LOT-11,126.03,10.5105,12.54,18.0759,36.0474
CMP-002738,Memory IC,Standby Current,µA,LOT-13,125.05,25.4802,51.8032,28.0083,33.8895
CMP-002739,ADC,Leakage Current,µA,LOT-17,125.79,5.088,6.1212,9.7099,16.6277
CMP-002740,Driver IC,Propagation Delay,ns,LOT-13,122.59,18.4244,18.9793,19.0325,19.4422
CMP-002741,Logic IC,Iddq,µA,LOT-06,128.39,9.5605,11.2631,18.6837,40.9184
CMP-002742,Memory IC,Standby Current,µA,LOT-10,127.2,24.457,29.0196,39.2327,71.1355
CMP-002743,ADC,Leakage Current,µA,LOT-12,122.15,5.081,5.3048,5.5701,5.586
CMP-002744,Driver IC,Propagation Delay,ns,LOT-02,126.24,18.0788,19.9436,26.5856,36.8012
CMP-002745,Logic IC,Iddq,µA,LOT-09,126.29,10.0989,10.3267,10.5942,10.842
CMP-002746,Memory IC,Standby Current,µA,LOT-02,124.79,24.543,36.8869,26.8703,28.9127
CMP-002747,ADC,Leakage Current,µA,LOT-18,127.17,4.59,5.7061,13.009,22.1892
CMP-002748,Driver IC,Propagation Delay,ns,LOT-15,123.88,17.5588,18.2205,18.3732,18.5607
CMP-002749,Logic IC,Iddq,µA,LOT-02,124.55,9.7842,9.8751,10.1261,10.4506
CMP-002750,Memory IC,Standby Current,µA,LOT-09,127.71,24.6118,25.0817,25.211,25.9616
CMP-002751,ADC,Leakage Current,µA,LOT-10,126.63,4.7659,6.0907,11.7428,22.0692
CMP-002752,Driver IC,Propagation Delay,ns,LOT-15,125.9,18.6026,20.7996,27.2591,37.1667
CMP-002753,Logic IC,Iddq,µA,LOT-13,122.7,9.666,20.5655,11.1003,14.3604
CMP-002754,Memory IC,Standby Current,µA,LOT-08,126.68,25.5314,47.9855,29.2465,34.0906
CMP-002755,ADC,Leakage Current,µA,LOT-03,123.63,5.0852,6.8378,12.4565,23.4383
CMP-002756,Driver IC,Propagation Delay,ns,LOT-04,124.88,18.4206,20.1341,27.2848,42.1704
CMP-002757,Logic IC,Iddq,µA,LOT-12,125.45,10.3289,25.1595,12.5099,16.1988
CMP-002758,Memory IC,Standby Current,µA,LOT-10,124.93,25.1305,25.5805,26.1108,26.5069
CMP-002759,ADC,Leakage Current,µA,LOT-11,124.1,5.0347,5.285,5.2502,5.3901
CMP-002760,Driver IC,Propagation Delay,ns,LOT-11,124.43,18.367,18.3809,18.4088,18.7959
CMP-002761,Logic IC,Iddq,µA,LOT-04,122.35,10.4699,10.2445,10.6583,10.8307
CMP-002762,Memory IC,Standby Current,µA,LOT-14,126.98,26.0473,28.6828,46.7038,83.5776
CMP-002763,ADC,Leakage Current,µA,LOT-03,125.8,4.9379,6.3466,12.2639,22.4098
CMP-002764,Driver IC,Propagation Delay,ns,LOT-09,124.77,18.293,19.4612,26.5943,38.3281
CMP-002765,Logic IC,Iddq,µA,LOT-07,124.2,10.0483,10.3561,10.5464,10.7968
CMP-002766,Memory IC,Standby Current,µA,LOT-08,124.93,24.2674,26.6776,42.1245,75.2356
CMP-002767,ADC,Leakage Current,µA,LOT-19,125.92,5.2272,5.5514,5.496,5.5967
CMP-002768,Driver IC,Propagation Delay,ns,LOT-18,125.57,17.5897,19.6345,27.797,44.3648
CMP-002769,Logic IC,Iddq,µA,LOT-19,126.39,10.1323,12.1631,21.534,34.9847
CMP-002770,Memory IC,Standby Current,µA,LOT-01,123.18,26.1088,26.2532,26.3498,26.7364
CMP-002771,ADC,Leakage Current,µA,LOT-18,121.95,4.5871,5.7196,13.1354,20.7212
CMP-002772,Driver IC,Propagation Delay,ns,LOT-04,126.63,18.2239,19.3974,25.3312,41.4541
CMP-002773,Logic IC,Iddq,µA,LOT-20,126.43,9.9607,12.9327,18.7452,35.6556
CMP-002774,Memory IC,Standby Current,µA,LOT-18,124.07,24.0347,26.7874,40.8168,58.969
CMP-002775,ADC,Leakage Current,µA,LOT-09,126.27,5.014,5.2445,5.1789,5.3708
CMP-002776,Driver IC,Propagation Delay,ns,LOT-17,123.51,18.2975,18.3932,18.7223,18.6724
CMP-002777,Logic IC,Iddq,µA,LOT-14,125.09,9.857,9.9096,9.955,10.4434
CMP-002778,Memory IC,Standby Current,µA,LOT-09,124.61,24.3512,24.9437,25.6081,26.5035
CMP-002779,ADC,Leakage Current,µA,LOT-12,125.35,5.0564,5.8171,9.8582,19.3457
CMP-002780,Driver IC,Propagation Delay,ns,LOT-10,124.3,17.5883,28.7486,19.3825,21.77
CMP-002781,Logic IC,Iddq,µA,LOT-02,122.6,9.8841,10.2949,10.4608,10.5898
CMP-002782,Memory IC,Standby Current,µA,LOT-15,124.52,24.7474,24.7981,25.8738,26.0708
CMP-002783,ADC,Leakage Current,µA,LOT-10,123.59,4.9089,5.1287,5.1768,5.3602
CMP-002784,Driver IC,Propagation Delay,ns,LOT-05,123.68,17.6913,27.8657,19.1715,20.5179
CMP-002785,Logic IC,Iddq,µA,LOT-14,124.55,9.8582,10.3675,10.4471,10.9556
CMP-002786,Memory IC,Standby Current,µA,LOT-14,125.51,25.1928,25.8799,25.8721,26.5913
CMP-002787,ADC,Leakage Current,µA,LOT-16,124.0,5.093,5.0711,5.2284,5.4006
CMP-002788,Driver IC,Propagation Delay,ns,LOT-13,126.59,18.8,18.8139,19.0819,19.3768
CMP-002789,Logic IC,Iddq,µA,LOT-03,126.08,10.2168,12.8125,18.3976,31.4172
CMP-002790,Memory IC,Standby Current,µA,LOT-02,124.32,25.1088,25.6604,26.2559,26.7346
CMP-002791,ADC,Leakage Current,µA,LOT-07,126.89,5.2219,5.8675,11.0931,21.5671
CMP-002792,Driver IC,Propagation Delay,ns,LOT-16,122.99,16.8742,18.7634,25.2976,36.7468
CMP-002793,Logic IC,Iddq,µA,LOT-12,127.06,9.7454,9.8935,10.1211,10.4701
CMP-002794,Memory IC,Standby Current,µA,LOT-06,122.35,24.9692,25.1941,25.8072,26.6087
CMP-002795,ADC,Leakage Current,µA,LOT-11,123.98,5.4241,6.576,11.1766,21.1746
CMP-002796,Driver IC,Propagation Delay,ns,LOT-18,124.56,17.1476,17.6084,17.5691,17.8349
CMP-002797,Logic IC,Iddq,µA,LOT-08,124.73,10.0201,10.2576,10.1752,10.2774
CMP-002798,Memory IC,Standby Current,µA,LOT-01,122.98,25.2303,25.6653,25.5465,26.0922
CMP-002799,ADC,Leakage Current,µA,LOT-10,124.86,4.8271,5.4421,12.631,25.3959
CMP-002800,Driver IC,Propagation Delay,ns,LOT-20,126.87,18.2085,18.0388,18.2438,19.0577
CMP-002801,Logic IC,Iddq,µA,LOT-15,125.85,10.4638,10.7393,10.8597,11.304
CMP-002802,Memory IC,Standby Current,µA,LOT-14,125.3,24.1939,29.0703,38.5931,56.858
CMP-002803,ADC,Leakage Current,µA,LOT-20,123.57,4.8626,4.9872,5.1521,5.2538
CMP-002804,Driver IC,Propagation Delay,ns,LOT-04,124.28,18.2928,20.5697,26.6572,41.6583
CMP-002805,Logic IC,Iddq,µA,LOT-06,127.37,9.4335,9.8179,9.8559,10.1925
CMP-002806,Memory IC,Standby Current,µA,LOT-02,125.16,24.9897,25.4963,25.7378,26.141
CMP-002807,ADC,Leakage Current,µA,LOT-09,124.68,4.9886,5.1033,5.3176,5.4811
CMP-002808,Driver IC,Propagation Delay,ns,LOT-08,125.29,17.5849,17.6849,17.9753,18.3063
CMP-002809,Logic IC,Iddq,µA,LOT-20,125.5,10.6151,10.8009,10.9504,11.3151
CMP-002810,Memory IC,Standby Current,µA,LOT-01,124.94,25.9956,25.698,26.1557,26.0621
CMP-002811,ADC,Leakage Current,µA,LOT-15,125.45,4.9979,5.2071,5.282,5.2471
CMP-002812,Driver IC,Propagation Delay,ns,LOT-09,122.46,18.492,20.0495,24.3799,36.652
CMP-002813,Logic IC,Iddq,µA,LOT-01,127.03,9.8383,23.5408,10.9428,14.4963
CMP-002814,Memory IC,Standby Current,µA,LOT-20,124.76,25.1117,44.6382,27.1756,31.3717
CMP-002815,ADC,Leakage Current,µA,LOT-16,122.77,5.0334,5.111,5.1278,5.3832
CMP-002816,Driver IC,Propagation Delay,ns,LOT-02,125.22,17.9032,25.6108,18.7254,20.4955
CMP-002817,Logic IC,Iddq,µA,LOT-20,124.39,10.3961,11.3427,17.502,30.6307
CMP-002818,Memory IC,Standby Current,µA,LOT-01,123.77,24.7461,25.946,39.261,63.0976
CMP-002819,ADC,Leakage Current,µA,LOT-12,123.88,5.2435,5.3047,5.5274,5.6661
CMP-002820,Driver IC,Propagation Delay,ns,LOT-04,123.53,18.3318,18.7712,18.7711,19.3373
CMP-002821,Logic IC,Iddq,µA,LOT-12,127.17,9.5208,26.8331,10.3415,12.964
CMP-002822,Memory IC,Standby Current,µA,LOT-19,124.56,25.6945,51.8145,29.444,34.8581
CMP-002823,ADC,Leakage Current,µA,LOT-11,127.22,5.3992,6.5459,11.7075,20.9395
CMP-002824,Driver IC,Propagation Delay,ns,LOT-10,126.19,17.7503,17.876,18.3112,18.458
CMP-002825,Logic IC,Iddq,µA,LOT-02,125.55,9.444,9.9658,10.0551,10.4153
CMP-002826,Memory IC,Standby Current,µA,LOT-12,126.19,25.5113,25.6117,26.3711,26.7893
CMP-002827,ADC,Leakage Current,µA,LOT-06,126.53,4.6964,4.8391,5.0439,5.0896
CMP-002828,Driver IC,Propagation Delay,ns,LOT-07,124.47,18.2403,18.7677,18.7305,18.7519
CMP-002829,Logic IC,Iddq,µA,LOT-01,124.53,10.3603,12.367,18.4963,36.7443
CMP-002830,Memory IC,Standby Current,µA,LOT-04,123.27,24.5115,29.1243,42.5463,67.9461
CMP-002831,ADC,Leakage Current,µA,LOT-18,125.52,4.5958,4.84,4.8481,4.9259
CMP-002832,Driver IC,Propagation Delay,ns,LOT-14,125.6,18.2805,17.7846,18.1731,18.9401
CMP-002833,Logic IC,Iddq,µA,LOT-11,125.36,9.8368,10.1777,10.335,10.6112
CMP-002834,Memory IC,Standby Current,µA,LOT-12,123.65,25.4192,39.4058,27.7497,29.3539
CMP-002835,ADC,Leakage Current,µA,LOT-10,123.43,4.6903,4.7955,5.0842,5.3784
CMP-002836,Driver IC,Propagation Delay,ns,LOT-16,126.29,17.0198,18.5161,24.4064,39.5584
CMP-002837,Logic IC,Iddq,µA,LOT-18,123.82,9.9557,10.7296,18.1211,32.0398
CMP-002838,Memory IC,Standby Current,µA,LOT-14,124.05,25.1959,30.1525,39.2641,63.5166
CMP-002839,ADC,Leakage Current,µA,LOT-16,122.3,4.7467,4.7984,5.0472,5.1979
CMP-002840,Driver IC,Propagation Delay,ns,LOT-15,124.54,17.8069,18.2246,18.6502,18.7901
CMP-002841,Logic IC,Iddq,µA,LOT-09,123.65,10.1384,10.4096,10.5712,10.8906
CMP-002842,Memory IC,Standby Current,µA,LOT-02,124.38,23.786,48.2009,26.5253,31.215
CMP-002843,ADC,Leakage Current,µA,LOT-18,126.24,4.6037,5.4448,10.4647,19.3112
CMP-002844,Driver IC,Propagation Delay,ns,LOT-17,124.56,18.2529,18.836,19.0202,19.0502
CMP-002845,Logic IC,Iddq,µA,LOT-05,125.15,9.5217,11.9936,20.4538,31.309
CMP-002846,Memory IC,Standby Current,µA,LOT-09,126.3,25.2243,51.2246,26.8976,31.7181
CMP-002847,ADC,Leakage Current,µA,LOT-01,123.21,5.1506,5.4274,5.4859,5.6719
CMP-002848,Driver IC,Propagation Delay,ns,LOT-19,122.97,18.1151,18.3374,18.1867,18.3049
CMP-002849,Logic IC,Iddq,µA,LOT-08,126.06,10.2476,10.5303,10.7427,10.8443
CMP-002850,Memory IC,Standby Current,µA,LOT-17,126.11,24.001,24.3017,25.1439,25.1608
CMP-002851,ADC,Leakage Current,µA,LOT-16,126.2,4.9908,6.3612,10.831,18.1627
CMP-002852,Driver IC,Propagation Delay,ns,LOT-17,124.27,18.9738,20.1393,26.8963,41.9737
CMP-002853,Logic IC,Iddq,µA,LOT-01,123.46,9.8061,9.8449,10.2333,10.3165
CMP-002854,Memory IC,Standby Current,µA,LOT-13,124.45,25.0508,27.2505,41.8714,74.7671
CMP-002855,ADC,Leakage Current,µA,LOT-19,125.7,5.0805,5.1756,5.3127,5.4631
CMP-002856,Driver IC,Propagation Delay,ns,LOT-04,123.77,17.7929,18.4389,18.4342,18.4399
CMP-002857,Logic IC,Iddq,µA,LOT-10,127.36,9.7948,21.7553,11.0324,14.1157
CMP-002858,Memory IC,Standby Current,µA,LOT-15,126.41,25.2539,25.5168,26.1528,26.5605
CMP-002859,ADC,Leakage Current,µA,LOT-06,125.25,4.7587,6.3449,11.5589,18.8513
CMP-002860,Driver IC,Propagation Delay,ns,LOT-18,128.94,17.5163,17.8066,17.7182,17.9436
CMP-002861,Logic IC,Iddq,µA,LOT-11,126.61,10.5827,10.7192,10.9202,11.2895
CMP-002862,Memory IC,Standby Current,µA,LOT-17,125.14,25.2586,25.6547,25.4134,25.4529
CMP-002863,ADC,Leakage Current,µA,LOT-10,126.19,4.7995,4.9313,4.875,5.0626
CMP-002864,Driver IC,Propagation Delay,ns,LOT-13,124.54,17.936,25.8347,19.9036,22.4344
CMP-002865,Logic IC,Iddq,µA,LOT-16,124.83,9.5579,11.3248,19.4424,39.3057
CMP-002866,Memory IC,Standby Current,µA,LOT-05,124.07,24.5216,42.3585,25.6529,29.6367
CMP-002867,ADC,Leakage Current,µA,LOT-05,123.82,4.8266,5.4197,12.5676,24.768
CMP-002868,Driver IC,Propagation Delay,ns,LOT-19,126.26,18.5066,20.5184,25.2594,34.3467
CMP-002869,Logic IC,Iddq,µA,LOT-15,122.39,10.5686,10.8132,11.2187,11.2101
CMP-002870,Memory IC,Standby Current,µA,LOT-01,123.79,24.1918,27.3419,39.3136,62.1658
CMP-002871,ADC,Leakage Current,µA,LOT-17,125.05,5.2407,6.5192,13.7173,25.8908
CMP-002872,Driver IC,Propagation Delay,ns,LOT-01,125.65,18.7319,18.9111,18.8558,19.5272
CMP-002873,Logic IC,Iddq,µA,LOT-02,127.47,9.4684,9.7052,9.9852,10.247
CMP-002874,Memory IC,Standby Current,µA,LOT-19,125.57,24.9306,25.3807,25.7582,26.1067
CMP-002875,ADC,Leakage Current,µA,LOT-10,122.47,4.8111,4.9069,4.9842,5.0831
CMP-002876,Driver IC,Propagation Delay,ns,LOT-12,126.55,18.1103,18.251,18.7492,18.9455
CMP-002877,Logic IC,Iddq,µA,LOT-09,124.08,10.095,10.1888,10.1654,10.641
CMP-002878,Memory IC,Standby Current,µA,LOT-02,125.83,25.6121,29.1612,40.4828,57.9366
CMP-002879,ADC,Leakage Current,µA,LOT-15,125.16,5.2107,5.4606,5.4899,5.7222
CMP-002880,Driver IC,Propagation Delay,ns,LOT-06,121.82,17.6792,18.0868,18.4522,18.5506
CMP-002881,Logic IC,Iddq,µA,LOT-17,123.8,10.4992,10.9504,11.2714,11.3435
CMP-002882,Memory IC,Standby Current,µA,LOT-19,127.1,25.8882,27.136,43.478,68.4278
CMP-002883,ADC,Leakage Current,µA,LOT-11,124.99,5.2583,5.3343,5.4771,5.4933
CMP-002884,Driver IC,Propagation Delay,ns,LOT-05,126.31,18.1424,18.3598,18.7275,19.086
CMP-002885,Logic IC,Iddq,µA,LOT-14,124.88,9.9284,10.1851,10.5665,10.832
CMP-002886,Memory IC,Standby Current,µA,LOT-09,122.96,25.4339,25.9995,26.3299,26.482
CMP-002887,ADC,Leakage Current,µA,LOT-16,126.71,5.2348,14.1319,5.9336,7.2277
CMP-002888,Driver IC,Propagation Delay,ns,LOT-13,125.04,17.5703,17.2769,17.6747,18.0258
CMP-002889,Logic IC,Iddq,µA,LOT-13,126.61,9.8798,11.5442,20.838,40.7084
CMP-002890,Memory IC,Standby Current,µA,LOT-14,122.7,25.0069,25.5429,25.5872,25.8553
CMP-002891,ADC,Leakage Current,µA,LOT-11,123.4,5.074,5.2513,5.3894,5.6604
CMP-002892,Driver IC,Propagation Delay,ns,LOT-03,122.82,18.8935,18.7216,19.2237,19.8838
CMP-002893,Logic IC,Iddq,µA,LOT-15,122.68,9.9938,10.3677,10.8664,10.7901
CMP-002894,Memory IC,Standby Current,µA,LOT-14,125.11,25.5093,25.9507,26.2804,26.6214
CMP-002895,ADC,Leakage Current,µA,LOT-01,123.97,4.9612,5.7424,12.3154,26.5245
CMP-002896,Driver IC,Propagation Delay,ns,LOT-05,127.93,17.7427,18.0283,18.2755,18.2554
CMP-002897,Logic IC,Iddq,µA,LOT-01,125.31,9.6598,17.6579,12.1473,14.7451
CMP-002898,Memory IC,Standby Current,µA,LOT-08,128.92,25.9127,28.7141,42.5299,68.3506
CMP-002899,ADC,Leakage Current,µA,LOT-19,124.58,5.0256,6.2173,9.8616,18.8556
CMP-002900,Driver IC,Propagation Delay,ns,LOT-11,127.4,18.0443,19.9626,29.0056,41.2781
CMP-002901,Logic IC,Iddq,µA,LOT-09,124.79,10.4733,10.8554,10.9606,11.3316
CMP-002902,Memory IC,Standby Current,µA,LOT-14,126.92,25.5364,28.8546,39.4016,63.0961
CMP-002903,ADC,Leakage Current,µA,LOT-20,126.45,5.0818,5.1892,5.2853,5.5577
CMP-002904,Driver IC,Propagation Delay,ns,LOT-15,124.58,17.5238,18.2456,17.9802,18.4333
CMP-002905,Logic IC,Iddq,µA,LOT-03,125.31,10.0184,12.7877,21.4704,40.3735
CMP-002906,Memory IC,Standby Current,µA,LOT-18,124.73,25.1647,28.0808,38.726,64.758
CMP-002907,ADC,Leakage Current,µA,LOT-09,124.7,5.0655,11.765,5.3371,6.7362
CMP-002908,Driver IC,Propagation Delay,ns,LOT-14,123.93,17.2948,17.8233,17.9095,18.0008
CMP-002909,Logic IC,Iddq,µA,LOT-12,129.58,10.2942,10.4805,11.0376,11.2253
CMP-002910,Memory IC,Standby Current,µA,LOT-19,124.65,26.9185,26.3929,27.3122,27.1263
CMP-002911,ADC,Leakage Current,µA,LOT-13,124.25,4.9274,12.3213,6.4305,8.0909
CMP-002912,Driver IC,Propagation Delay,ns,LOT-06,126.65,17.9084,19.265,26.414,38.7666
CMP-002913,Logic IC,Iddq,µA,LOT-11,124.33,10.1109,10.687,10.8143,11.2231
CMP-002914,Memory IC,Standby Current,µA,LOT-14,121.73,24.4224,27.4438,37.7319,56.8005
CMP-002915,ADC,Leakage Current,µA,LOT-10,127.76,4.8874,6.0088,12.2422,26.626
CMP-002916,Driver IC,Propagation Delay,ns,LOT-04,126.85,18.378,19.2345,19.5393,19.4618
CMP-002917,Logic IC,Iddq,µA,LOT-15,125.63,10.4756,10.8916,11.0533,11.3663
CMP-002918,Memory IC,Standby Current,µA,LOT-12,125.87,24.9733,24.9154,25.5741,26.3018
CMP-002919,ADC,Leakage Current,µA,LOT-09,125.39,4.8742,5.0174,5.1095,5.3272
CMP-002920,Driver IC,Propagation Delay,ns,LOT-05,123.74,17.759,24.315,19.1232,20.5053
CMP-002921,Logic IC,Iddq,µA,LOT-19,124.95,10.184,11.615,23.6327,48.4868
CMP-002922,Memory IC,Standby Current,µA,LOT-06,126.01,24.888,27.9822,40.0868,65.3816
CMP-002923,ADC,Leakage Current,µA,LOT-18,123.64,4.734,5.5641,10.7708,22.3256
CMP-002924,Driver IC,Propagation Delay,ns,LOT-20,126.71,17.3353,17.7243,17.7516,18.1038
CMP-002925,Logic IC,Iddq,µA,LOT-08,126.81,9.6481,10.1859,10.366,10.7298
CMP-002926,Memory IC,Standby Current,µA,LOT-13,125.75,25.0039,25.3949,26.0681,26.5618
CMP-002927,ADC,Leakage Current,µA,LOT-16,126.52,5.0052,5.0776,5.4264,5.409
CMP-002928,Driver IC,Propagation Delay,ns,LOT-10,125.38,17.478,17.5967,18.0598,18.1589
CMP-002929,Logic IC,Iddq,µA,LOT-04,125.63,9.8219,10.285,10.3799,10.563
CMP-002930,Memory IC,Standby Current,µA,LOT-13,126.71,25.1534,25.6128,25.6158,26.6689
CMP-002931,ADC,Leakage Current,µA,LOT-07,124.75,4.9432,5.1111,5.2642,5.3504
CMP-002932,Driver IC,Propagation Delay,ns,LOT-16,127.32,17.1773,30.5021,18.2941,19.3291
CMP-002933,Logic IC,Iddq,µA,LOT-04,120.87,10.448,10.7697,11.019,11.4132
CMP-002934,Memory IC,Standby Current,µA,LOT-05,126.34,24.8487,28.0943,40.7947,64.8314
CMP-002935,ADC,Leakage Current,µA,LOT-07,125.37,4.9247,6.1913,10.9183,24.9728
CMP-002936,Driver IC,Propagation Delay,ns,LOT-03,124.2,17.5917,18.4852,23.7287,40.0768
CMP-002937,Logic IC,Iddq,µA,LOT-09,124.96,10.2464,10.3368,10.7975,10.7515
CMP-002938,Memory IC,Standby Current,µA,LOT-05,124.92,24.0309,24.6536,24.6936,24.9341
CMP-002939,ADC,Leakage Current,µA,LOT-17,126.19,4.879,4.9894,5.0011,5.3017
CMP-002940,Driver IC,Propagation Delay,ns,LOT-18,124.24,17.7823,19.0772,27.0928,36.5304
CMP-002941,Logic IC,Iddq,µA,LOT-16,123.41,9.8577,12.4553,20.0381,35.1129
CMP-002942,Memory IC,Standby Current,µA,LOT-15,125.83,23.7966,24.7429,25.4447,24.8732
CMP-002943,ADC,Leakage Current,µA,LOT-02,125.78,4.8749,6.1378,9.4048,18.7341
CMP-002944,Driver IC,Propagation Delay,ns,LOT-16,126.57,17.4216,17.595,18.1559,18.4299
CMP-002945,Logic IC,Iddq,µA,LOT-17,123.18,10.3882,11.6808,18.7582,35.1917
CMP-002946,Memory IC,Standby Current,µA,LOT-15,123.41,25.3561,41.4871,26.5596,29.4313
CMP-002947,ADC,Leakage Current,µA,LOT-08,127.89,5.0226,6.5251,12.1721,23.8933
CMP-002948,Driver IC,Propagation Delay,ns,LOT-13,126.86,17.1533,19.2797,26.3844,37.7355
CMP-002949,Logic IC,Iddq,µA,LOT-05,125.57,9.729,10.7433,19.0607,40.7007
CMP-002950,Memory IC,Standby Current,µA,LOT-19,126.13,24.0318,24.2689,25.0328,25.679
CMP-002951,ADC,Leakage Current,µA,LOT-01,127.08,4.9963,5.0866,5.3181,5.4053
CMP-002952,Driver IC,Propagation Delay,ns,LOT-20,124.77,17.3805,17.3905,17.5429,17.6596
CMP-002953,Logic IC,Iddq,µA,LOT-08,124.1,10.1412,10.5948,10.9581,11.0584
CMP-002954,Memory IC,Standby Current,µA,LOT-06,123.37,24.8791,28.7641,37.8918,69.3638
CMP-002955,ADC,Leakage Current,µA,LOT-03,127.9,5.136,10.5842,5.4809,7.0794
CMP-002956,Driver IC,Propagation Delay,ns,LOT-02,125.62,18.361,18.5109,18.6157,18.932
CMP-002957,Logic IC,Iddq,µA,LOT-07,124.23,10.1653,10.4771,10.8653,11.1425
CMP-002958,Memory IC,Standby Current,µA,LOT-18,125.4,25.2106,25.6351,26.0892,25.9656
CMP-002959,ADC,Leakage Current,µA,LOT-08,126.27,4.9848,9.4547,5.8075,6.2521
CMP-002960,Driver IC,Propagation Delay,ns,LOT-15,125.74,17.7572,18.1813,18.5205,18.5659
CMP-002961,Logic IC,Iddq,µA,LOT-03,125.39,10.6385,18.4333,12.4823,13.7589
CMP-002962,Memory IC,Standby Current,µA,LOT-17,126.72,25.9486,25.9729,27.0097,26.9201
CMP-002963,ADC,Leakage Current,µA,LOT-02,123.57,4.7778,4.7954,4.9481,5.1625
CMP-002964,Driver IC,Propagation Delay,ns,LOT-04,127.01,17.4724,18.8789,24.6737,35.6862
CMP-002965,Logic IC,Iddq,µA,LOT-09,122.86,9.8724,11.6373,19.1125,31.7011
CMP-002966,Memory IC,Standby Current,µA,LOT-16,121.97,24.0562,25.3381,44.0778,64.9376
CMP-002967,ADC,Leakage Current,µA,LOT-18,126.5,4.8017,4.8845,4.9429,5.0185
CMP-002968,Driver IC,Propagation Delay,ns,LOT-01,124.15,17.8614,18.0236,17.9234,17.7533
CMP-002969,Logic IC,Iddq,µA,LOT-09,122.51,10.2418,10.5902,10.8069,11.1755
CMP-002970,Memory IC,Standby Current,µA,LOT-05,123.0,24.3243,25.058,25.2491,26.1357
CMP-002971,ADC,Leakage Current,µA,LOT-03,123.22,5.1809,5.4219,5.5321,5.799
CMP-002972,Driver IC,Propagation Delay,ns,LOT-06,124.98,18.6189,18.504,18.9294,18.7991
CMP-002973,Logic IC,Iddq,µA,LOT-04,124.75,10.0071,10.401,10.5892,10.9676
CMP-002974,Memory IC,Standby Current,µA,LOT-06,125.35,24.5263,27.836,43.9281,71.0095
CMP-002975,ADC,Leakage Current,µA,LOT-02,124.61,4.9699,5.1091,5.2117,5.2529
CMP-002976,Driver IC,Propagation Delay,ns,LOT-14,123.75,17.9614,17.6943,18.1245,18.126
CMP-002977,Logic IC,Iddq,µA,LOT-05,126.83,9.6252,9.6668,9.9815,10.07
CMP-002978,Memory IC,Standby Current,µA,LOT-13,125.83,25.8789,30.6447,44.3603,73.5721
CMP-002979,ADC,Leakage Current,µA,LOT-05,125.57,4.5494,6.0241,10.1438,17.4841
CMP-002980,Driver IC,Propagation Delay,ns,LOT-14,123.42,17.9904,19.3912,26.1159,41.0038
CMP-002981,Logic IC,Iddq,µA,LOT-03,122.3,10.2269,25.0032,12.1086,15.2882
CMP-002982,Memory IC,Standby Current,µA,LOT-17,125.29,26.1455,26.4913,27.207,26.8105
CMP-002983,ADC,Leakage Current,µA,LOT-04,125.49,5.3318,6.7359,11.5548,20.7412
CMP-002984,Driver IC,Propagation Delay,ns,LOT-19,123.52,17.9628,19.0077,27.5905,40.5748
CMP-002985,Logic IC,Iddq,µA,LOT-03,121.57,10.822,10.9978,11.1199,11.1908
CMP-002986,Memory IC,Standby Current,µA,LOT-17,122.65,24.4433,24.5264,25.4241,25.7645
CMP-002987,ADC,Leakage Current,µA,LOT-12,125.19,5.2179,5.4306,5.6297,5.7487
CMP-002988,Driver IC,Propagation Delay,ns,LOT-11,127.09,17.61,19.9501,27.2076,36.9216
CMP-002989,Logic IC,Iddq,µA,LOT-10,124.46,10.1744,10.4077,10.6907,10.8123
CMP-002990,Memory IC,Standby Current,µA,LOT-10,124.45,24.5633,24.7854,25.6439,25.6855
CMP-002991,ADC,Leakage Current,µA,LOT-11,124.31,5.32,6.1977,13.4087,24.2849
CMP-002992,Driver IC,Propagation Delay,ns,LOT-15,125.07,17.8635,19.5797,25.5861,35.7334
CMP-002993,Logic IC,Iddq,µA,LOT-15,126.67,10.6538,13.3123,22.9288,41.6063
CMP-002994,Memory IC,Standby Current,µA,LOT-14,124.96,24.4699,24.2535,25.0276,24.9922
CMP-002995,ADC,Leakage Current,µA,LOT-08,124.22,5.1739,5.2718,5.4054,5.6201
CMP-002996,Driver IC,Propagation Delay,ns,LOT-20,126.83,17.953,18.8404,25.9166,40.8292
CMP-002997,Logic IC,Iddq,µA,LOT-20,123.64,10.5034,10.4686,11.1485,11.2561
CMP-002998,Memory IC,Standby Current,µA,LOT-13,124.83,24.97,28.9205,39.1694,66.4986
CMP-002999,ADC,Leakage Current,µA,LOT-20,125.6,5.0398,5.2538,5.2126,5.3788
CMP-003000,Driver IC,Propagation Delay,ns,LOT-19,124.37,18.3291,19.5644,24.5137,34.3125
CMP-003001,Logic IC,Iddq,µA,LOT-19,124.51,10.0556,11.5887,20.758,34.126
CMP-003002,Memory IC,Standby Current,µA,LOT-20,125.99,24.917,28.0157,40.2375,60.5983
CMP-003003,ADC,Leakage Current,µA,LOT-04,127.2,5.4204,6.5008,12.3137,20.347
CMP-003004,Driver IC,Propagation Delay,ns,LOT-02,126.83,17.7754,17.8486,18.5346,18.8155
CMP-003005,Logic IC,Iddq,µA,LOT-07,126.75,9.8811,10.1103,10.5214,10.6924
CMP-003006,Memory IC,Standby Current,µA,LOT-03,125.89,24.6884,25.2967,25.0327,25.8211
CMP-003007,ADC,Leakage Current,µA,LOT-09,124.89,4.9422,5.0789,5.2619,5.3284
CMP-003008,Driver IC,Propagation Delay,ns,LOT-19,124.94,18.2515,18.5683,18.701,18.792
CMP-003009,Logic IC,Iddq,µA,LOT-02,125.02,9.4262,11.4599,17.1992,36.3959
CMP-003010,Memory IC,Standby Current,µA,LOT-12,125.75,25.3104,48.8398,26.5262,28.8635
CMP-003011,ADC,Leakage Current,µA,LOT-06,126.07,4.3161,4.3883,4.4887,4.668
CMP-003012,Driver IC,Propagation Delay,ns,LOT-13,126.0,18.4299,19.9335,26.0221,34.3683
CMP-003013,Logic IC,Iddq,µA,LOT-08,123.61,9.9719,11.5307,21.3947,35.2546
CMP-003014,Memory IC,Standby Current,µA,LOT-06,124.56,24.7388,24.8005,24.7231,25.6717
CMP-003015,ADC,Leakage Current,µA,LOT-19,124.24,5.1677,10.8811,6.5944,7.5277
CMP-003016,Driver IC,Propagation Delay,ns,LOT-05,125.17,17.7356,19.2123,24.3647,39.84
CMP-003017,Logic IC,Iddq,µA,LOT-11,121.48,10.3086,10.494,10.8759,11.0921
CMP-003018,Memory IC,Standby Current,µA,LOT-14,127.9,25.4632,25.7483,26.18,26.8326
CMP-003019,ADC,Leakage Current,µA,LOT-19,125.43,5.3438,6.0761,13.5041,22.0775
CMP-003020,Driver IC,Propagation Delay,ns,LOT-14,124.22,18.2714,17.9539,18.4511,18.7163
CMP-003021,Logic IC,Iddq,µA,LOT-03,125.62,10.1768,10.4752,10.6808,11.0583
CMP-003022,Memory IC,Standby Current,µA,LOT-01,125.08,25.9469,26.2307,26.8512,27.0402
CMP-003023,ADC,Leakage Current,µA,LOT-08,123.98,5.0587,5.1058,5.3226,5.432
CMP-003024,Driver IC,Propagation Delay,ns,LOT-15,123.24,18.2371,18.0417,18.385,18.5381
CMP-003025,Logic IC,Iddq,µA,LOT-08,126.18,10.1218,10.4974,10.4937,11.0184
CMP-003026,Memory IC,Standby Current,µA,LOT-06,125.1,24.9321,25.0851,25.5865,25.7233
CMP-003027,ADC,Leakage Current,µA,LOT-14,125.61,5.0923,6.7373,10.177,19.3356
CMP-003028,Driver IC,Propagation Delay,ns,LOT-13,123.6,18.2018,18.3939,18.4525,18.8112
CMP-003029,Logic IC,Iddq,µA,LOT-01,123.8,10.4201,11.0681,11.2369,11.3206
CMP-003030,Memory IC,Standby Current,µA,LOT-14,125.01,25.2415,25.661,25.8498,26.1806
CMP-003031,ADC,Leakage Current,µA,LOT-17,123.12,4.9006,10.5435,6.3077,6.9097
CMP-003032,Driver IC,Propagation Delay,ns,LOT-17,122.16,18.1687,19.926,24.4172,39.1562
CMP-003033,Logic IC,Iddq,µA,LOT-05,126.9,9.6853,9.97,10.1522,10.28
CMP-003034,Memory IC,Standby Current,µA,LOT-08,122.87,25.4198,26.2727,26.569,27.1939
CMP-003035,ADC,Leakage Current,µA,LOT-02,125.8,4.1397,5.8418,9.4091,17.3909
CMP-003036,Driver IC,Propagation Delay,ns,LOT-17,124.52,17.6997,18.5638,25.8235,44.7717
CMP-003037,Logic IC,Iddq,µA,LOT-14,127.03,10.1081,11.828,20.0751,36.9493
CMP-003038,Memory IC,Standby Current,µA,LOT-12,124.21,25.1542,25.7505,26.3704,26.61
CMP-003039,ADC,Leakage Current,µA,LOT-08,122.62,5.1249,5.2571,5.39,5.5285
CMP-003040,Driver IC,Propagation Delay,ns,LOT-02,123.68,18.1495,19.8295,26.6151,35.1014
CMP-003041,Logic IC,Iddq,µA,LOT-02,127.06,9.8081,10.0143,10.2129,10.3304
CMP-003042,Memory IC,Standby Current,µA,LOT-15,125.87,24.251,24.239,24.8076,25.1155
CMP-003043,ADC,Leakage Current,µA,LOT-01,124.97,5.1122,5.1174,5.2539,5.4635
CMP-003044,Driver IC,Propagation Delay,ns,LOT-03,126.18,18.7949,19.9811,25.3585,40.0464
CMP-003045,Logic IC,Iddq,µA,LOT-01,126.63,10.2586,25.5361,12.1635,15.2911
CMP-003046,Memory IC,Standby Current,µA,LOT-18,123.25,24.4596,51.901,25.9269,29.6781
CMP-003047,ADC,Leakage Current,µA,LOT-19,125.25,4.9933,5.5901,9.875,17.9821
CMP-003048,Driver IC,Propagation Delay,ns,LOT-17,121.46,18.1928,18.0765,18.1901,18.5009
CMP-003049,Logic IC,Iddq,µA,LOT-04,125.24,9.9138,12.6501,18.4462,38.2106
CMP-003050,Memory IC,Standby Current,µA,LOT-01,124.82,24.8944,24.9798,25.8285,26.2539
CMP-003051,ADC,Leakage Current,µA,LOT-09,126.0,5.3014,13.6736,6.355,6.9632
CMP-003052,Driver IC,Propagation Delay,ns,LOT-18,123.46,18.3848,18.4218,18.87,18.8186
CMP-003053,Logic IC,Iddq,µA,LOT-08,127.32,9.8148,9.9287,10.131,10.4009
CMP-003054,Memory IC,Standby Current,µA,LOT-16,123.81,24.6472,27.3285,38.633,78.254
CMP-003055,ADC,Leakage Current,µA,LOT-17,124.3,4.9461,5.1026,5.1654,5.4352
CMP-003056,Driver IC,Propagation Delay,ns,LOT-07,127.15,18.6752,20.5231,24.9324,36.1004
CMP-003057,Logic IC,Iddq,µA,LOT-20,124.76,10.1174,11.6017,19.1758,40.317
CMP-003058,Memory IC,Standby Current,µA,LOT-13,124.72,25.2271,28.1445,46.1325,68.4133
CMP-003059,ADC,Leakage Current,µA,LOT-16,126.4,5.1084,6.2552,11.2624,19.3034
CMP-003060,Driver IC,Propagation Delay,ns,LOT-09,127.81,18.3312,21.2607,26.8386,42.0347
CMP-003061,Logic IC,Iddq,µA,LOT-17,121.68,9.9521,10.2552,10.5206,10.59
CMP-003062,Memory IC,Standby Current,µA,LOT-07,125.78,25.5055,49.2043,26.4838,30.7284
CMP-003063,ADC,Leakage Current,µA,LOT-06,124.51,4.5657,4.691,4.8261,5.0452
CMP-003064,Driver IC,Propagation Delay,ns,LOT-01,122.81,18.0905,19.8123,26.9193,36.0302
CMP-003065,Logic IC,Iddq,µA,LOT-02,126.03,10.0898,10.1084,10.6058,10.6152
CMP-003066,Memory IC,Standby Current,µA,LOT-15,124.97,25.2893,28.6264,39.198,58.3979
CMP-003067,ADC,Leakage Current,µA,LOT-03,122.21,5.2498,5.2392,5.5676,5.7885
CMP-003068,Driver IC,Propagation Delay,ns,LOT-10,123.68,17.5444,19.0771,25.5423,40.0162
CMP-003069,Logic IC,Iddq,µA,LOT-17,128.47,9.4762,10.8446,21.2533,44.7058
CMP-003070,Memory IC,Standby Current,µA,LOT-09,125.1,25.6957,28.3463,47.5458,71.8256
CMP-003071,ADC,Leakage Current,µA,LOT-10,124.6,4.7786,5.8498,13.0918,25.3669
CMP-003072,Driver IC,Propagation Delay,ns,LOT-12,124.96,18.4914,18.9873,18.83,19.0592
CMP-003073,Logic IC,Iddq,µA,LOT-16,123.51,9.6739,10.1089,10.1303,10.6627
CMP-003074,Memory IC,Standby Current,µA,LOT-01,126.41,25.2038,28.6374,38.9286,62.2267
CMP-003075,ADC,Leakage Current,µA,LOT-12,126.66,5.242,5.4662,5.5339,5.7445
CMP-003076,Driver IC,Propagation Delay,ns,LOT-07,123.83,17.363,17.3428,17.9743,17.9788
CMP-003077,Logic IC,Iddq,µA,LOT-14,127.97,9.786,12.269,20.9244,35.8606
CMP-003078,Memory IC,Standby Current,µA,LOT-10,126.43,24.6737,25.176,25.287,25.79
CMP-003079,ADC,Leakage Current,µA,LOT-04,126.47,5.0588,6.1859,10.8157,23.2979
CMP-003080,Driver IC,Propagation Delay,ns,LOT-01,123.19,17.4749,19.8049,24.2975,33.6436
CMP-003081,Logic IC,Iddq,µA,LOT-19,127.29,10.4656,10.4532,10.7687,10.8742
CMP-003082,Memory IC,Standby Current,µA,LOT-18,125.45,24.9755,49.9938,27.2742,28.9406
CMP-003083,ADC,Leakage Current,µA,LOT-06,125.49,4.6945,5.5399,10.2043,17.6859
CMP-003084,Driver IC,Propagation Delay,ns,LOT-05,129.1,17.112,18.637,26.3919,45.4137
CMP-003085,Logic IC,Iddq,µA,LOT-19,124.26,10.3671,12.8051,19.0898,31.07
CMP-003086,Memory IC,Standby Current,µA,LOT-18,122.53,25.0837,52.9614,26.4444,29.814
CMP-003087,ADC,Leakage Current,µA,LOT-04,125.14,5.1533,6.8854,12.1864,23.1205
CMP-003088,Driver IC,Propagation Delay,ns,LOT-05,127.74,17.4018,19.0414,24.4122,35.4963
CMP-003089,Logic IC,Iddq,µA,LOT-14,123.98,10.6568,10.6636,10.9215,11.2266
CMP-003090,Memory IC,Standby Current,µA,LOT-18,125.2,24.1184,24.8724,25.2526,25.7181
CMP-003091,ADC,Leakage Current,µA,LOT-08,125.86,4.9809,14.4604,5.8124,6.4701
CMP-003092,Driver IC,Propagation Delay,ns,LOT-01,125.64,16.6687,17.0658,17.5717,18.0089
CMP-003093,Logic IC,Iddq,µA,LOT-06,125.75,9.0484,9.0574,9.3571,9.6722
CMP-003094,Memory IC,Standby Current,µA,LOT-01,121.78,25.1361,26.0325,26.4818,26.4737
CMP-003095,ADC,Leakage Current,µA,LOT-10,123.78,4.849,12.0294,6.1941,8.1554
CMP-003096,Driver IC,Propagation Delay,ns,LOT-16,125.23,17.3346,17.5646,17.8128,18.1284
CMP-003097,Logic IC,Iddq,µA,LOT-03,123.97,10.1101,10.5343,10.7603,11.0746
CMP-003098,Memory IC,Standby Current,µA,LOT-08,124.2,24.0668,24.3532,24.959,25.0313
CMP-003099,ADC,Leakage Current,µA,LOT-16,125.01,4.8146,4.8378,5.063,5.2692
CMP-003100,Driver IC,Propagation Delay,ns,LOT-04,125.82,17.88,18.2363,18.5119,18.6336
CMP-003101,Logic IC,Iddq,µA,LOT-03,124.87,10.0947,10.358,10.3324,10.7737
CMP-003102,Memory IC,Standby Current,µA,LOT-15,125.71,25.0483,25.0824,25.6097,26.3976
CMP-003103,ADC,Leakage Current,µA,LOT-04,125.79,5.1047,5.4326,5.4382,5.5625
CMP-003104,Driver IC,Propagation Delay,ns,LOT-18,126.05,17.9593,17.9149,18.3659,18.6426
CMP-003105,Logic IC,Iddq,µA,LOT-14,124.58,10.2592,10.432,10.5721,10.8747
CMP-003106,Memory IC,Standby Current,µA,LOT-18,127.15,25.4811,25.5355,25.8765,27.0166
CMP-003107,ADC,Leakage Current,µA,LOT-03,123.8,5.3505,5.3914,5.6953,5.7968
CMP-003108,Driver IC,Propagation Delay,ns,LOT-04,124.39,18.2947,18.3446,18.6519,18.9094
CMP-003109,Logic IC,Iddq,µA,LOT-16,125.52,9.9404,9.8764,10.2123,10.2251
CMP-003110,Memory IC,Standby Current,µA,LOT-14,125.08,25.7667,26.5261,26.4274,27.5275
CMP-003111,ADC,Leakage Current,µA,LOT-11,126.4,5.3166,5.5752,5.8296,5.9151
CMP-003112,Driver IC,Propagation Delay,ns,LOT-18,125.58,17.043,17.841,17.4908,18.2889
CMP-003113,Logic IC,Iddq,µA,LOT-04,126.57,10.5923,11.3673,22.5196,43.5408
CMP-003114,Memory IC,Standby Current,µA,LOT-13,123.92,24.9948,26.3081,26.3375,26.7205
CMP-003115,ADC,Leakage Current,µA,LOT-15,123.67,5.3306,5.4658,5.4658,5.8517
CMP-003116,Driver IC,Propagation Delay,ns,LOT-06,127.31,17.5688,17.9487,18.2054,18.2041
CMP-003117,Logic IC,Iddq,µA,LOT-09,124.92,9.9413,10.1091,10.3939,10.5799
CMP-003118,Memory IC,Standby Current,µA,LOT-05,124.22,24.6533,25.1127,25.84,25.8684
CMP-003119,ADC,Leakage Current,µA,LOT-13,126.7,4.8941,5.5368,11.2482,23.9267
CMP-003120,Driver IC,Propagation Delay,ns,LOT-09,125.57,18.1344,18.2209,18.2606,18.2246
CMP-003121,Logic IC,Iddq,µA,LOT-02,127.78,9.5459,21.0287,11.5658,15.0079
CMP-003122,Memory IC,Standby Current,µA,LOT-03,124.77,25.5,26.7312,27.3032,27.1638
CMP-003123,ADC,Leakage Current,µA,LOT-16,125.28,4.8866,5.9692,11.5357,24.1131
CMP-003124,Driver IC,Propagation Delay,ns,LOT-20,124.87,17.7079,23.8216,18.4849,20.515
CMP-003125,Logic IC,Iddq,µA,LOT-04,124.22,10.3445,10.9255,11.0957,11.4507
CMP-003126,Memory IC,Standby Current,µA,LOT-09,123.58,24.8232,25.3484,25.2378,25.8835
CMP-003127,ADC,Leakage Current,µA,LOT-09,125.48,4.9916,5.1991,5.444,5.678
CMP-003128,Driver IC,Propagation Delay,ns,LOT-01,124.21,18.3326,19.2281,27.076,42.7792
CMP-003129,Logic IC,Iddq,µA,LOT-03,123.88,10.0861,10.3525,10.671,10.9524
CMP-003130,Memory IC,Standby Current,µA,LOT-07,125.19,25.0567,25.1803,25.6523,26.0499
CMP-003131,ADC,Leakage Current,µA,LOT-11,125.98,5.3671,5.4919,5.6143,5.8424
CMP-003132,Driver IC,Propagation Delay,ns,LOT-06,125.69,17.6251,30.1192,18.0009,20.1336
CMP-003133,Logic IC,Iddq,µA,LOT-01,125.76,9.5629,9.6665,9.9624,10.2895
CMP-003134,Memory IC,Standby Current,µA,LOT-14,124.2,24.9807,27.6217,39.4789,67.8536
CMP-003135,ADC,Leakage Current,µA,LOT-19,125.1,5.0783,5.2364,5.3632,5.4733
CMP-003136,Driver IC,Propagation Delay,ns,LOT-11,127.77,18.4609,19.205,19.0226,19.3626
CMP-003137,Logic IC,Iddq,µA,LOT-04,123.61,10.4126,10.5959,10.8292,10.9732
CMP-003138,Memory IC,Standby Current,µA,LOT-06,126.71,25.6268,26.0645,26.7992,27.3738
CMP-003139,ADC,Leakage Current,µA,LOT-19,127.48,4.9335,5.0844,5.3281,5.5613
CMP-003140,Driver IC,Propagation Delay,ns,LOT-11,124.84,17.9029,18.4151,18.3986,18.6114
CMP-003141,Logic IC,Iddq,µA,LOT-12,125.81,10.9633,10.9702,11.3168,11.6162
CMP-003142,Memory IC,Standby Current,µA,LOT-05,126.9,25.3617,26.0082,26.855,27.0397
CMP-003143,ADC,Leakage Current,µA,LOT-14,121.77,5.2731,5.2976,5.5069,5.6463
CMP-003144,Driver IC,Propagation Delay,ns,LOT-18,123.9,18.3511,20.2892,27.4233,35.3661
CMP-003145,Logic IC,Iddq,µA,LOT-17,122.81,9.9031,10.1548,10.3274,10.7697
CMP-003146,Memory IC,Standby Current,µA,LOT-04,122.13,25.3504,25.9382,26.4586,26.5111
CMP-003147,ADC,Leakage Current,µA,LOT-13,123.96,5.1305,5.3278,5.4445,5.5507
CMP-003148,Driver IC,Propagation Delay,ns,LOT-11,124.74,18.435,18.7045,18.7709,19.0774
CMP-003149,Logic IC,Iddq,µA,LOT-02,126.44,9.5503,12.1938,21.9925,38.5475
CMP-003150,Memory IC,Standby Current,µA,LOT-19,123.7,24.9245,25.2121,25.2886,25.5253
CMP-003151,ADC,Leakage Current,µA,LOT-05,125.33,4.3617,4.6198,4.588,4.8087
CMP-003152,Driver IC,Propagation Delay,ns,LOT-02,127.34,17.6439,18.6177,27.6962,42.3049
CMP-003153,Logic IC,Iddq,µA,LOT-17,126.31,10.1909,10.2684,10.8788,11.0037
CMP-003154,Memory IC,Standby Current,µA,LOT-20,125.39,25.9318,26.3754,26.1927,26.874
CMP-003155,ADC,Leakage Current,µA,LOT-17,122.72,5.2615,5.4443,5.4871,5.7717
CMP-003156,Driver IC,Propagation Delay,ns,LOT-02,123.3,17.1328,17.7021,17.7886,18.0731
CMP-003157,Logic IC,Iddq,µA,LOT-11,126.54,10.3492,11.8659,22.8851,47.7092
CMP-003158,Memory IC,Standby Current,µA,LOT-09,122.47,24.5932,25.7114,25.3552,25.797
CMP-003159,ADC,Leakage Current,µA,LOT-19,126.22,5.1076,5.951,11.2057,25.6081
CMP-003160,Driver IC,Propagation Delay,ns,LOT-19,125.7,18.4193,19.3218,27.7324,41.2836
CMP-003161,Logic IC,Iddq,µA,LOT-05,125.12,9.7352,9.9616,10.152,10.3853
CMP-003162,Memory IC,Standby Current,µA,LOT-15,127.93,25.3017,26.6774,44.3777,82.1093
CMP-003163,ADC,Leakage Current,µA,LOT-10,127.76,4.9469,5.0417,5.1013,5.2667
CMP-003164,Driver IC,Propagation Delay,ns,LOT-05,128.0,18.5451,18.9198,18.6684,19.1797
CMP-003165,Logic IC,Iddq,µA,LOT-03,123.99,10.4519,10.4888,10.8491,11.1115
CMP-003166,Memory IC,Standby Current,µA,LOT-03,123.0,24.4612,41.1312,27.5964,31.8717
CMP-003167,ADC,Leakage Current,µA,LOT-14,127.15,5.0808,5.4261,5.5285,5.6142
CMP-003168,Driver IC,Propagation Delay,ns,LOT-11,126.54,18.205,31.437,19.3122,20.9372
CMP-003169,Logic IC,Iddq,µA,LOT-09,123.34,10.0855,10.4421,10.7356,10.9062
CMP-003170,Memory IC,Standby Current,µA,LOT-11,123.66,26.104,26.2862,26.7847,26.7054
CMP-003171,ADC,Leakage Current,µA,LOT-15,124.13,5.0478,5.2392,5.4383,5.5913
CMP-003172,Driver IC,Propagation Delay,ns,LOT-13,126.45,17.4066,17.3667,17.5353,17.964
CMP-003173,Logic IC,Iddq,µA,LOT-04,123.11,10.3857,12.5849,18.3705,33.5699
CMP-003174,Memory IC,Standby Current,µA,LOT-02,127.01,24.7133,25.4306,25.1057,25.7301
CMP-003175,ADC,Leakage Current,µA,LOT-19,125.28,5.2058,6.0801,10.0209,20.562
CMP-003176,Driver IC,Propagation Delay,ns,LOT-18,123.52,17.6587,17.6103,17.6903,17.8242
CMP-003177,Logic IC,Iddq,µA,LOT-20,124.75,10.1179,12.5059,20.5439,39.4531
CMP-003178,Memory IC,Standby Current,µA,LOT-06,123.49,24.991,25.2594,25.5168,26.5683
CMP-003179,ADC,Leakage Current,µA,LOT-07,125.93,4.934,6.0368,9.9169,21.1233
CMP-003180,Driver IC,Propagation Delay,ns,LOT-08,124.0,18.3227,18.5475,18.6129,19.0501
CMP-003181,Logic IC,Iddq,µA,LOT-16,125.82,9.6547,9.8367,9.8888,9.9543
CMP-003182,Memory IC,Standby Current,µA,LOT-18,125.44,24.7821,25.5677,26.2125,26.4211
CMP-003183,ADC,Leakage Current,µA,LOT-05,126.35,4.5514,4.7133,4.8708,4.9366
CMP-003184,Driver IC,Propagation Delay,ns,LOT-11,122.64,18.5609,19.8959,26.738,44.799
CMP-003185,Logic IC,Iddq,µA,LOT-02,125.99,9.3606,11.2719,19.6302,38.9816
CMP-003186,Memory IC,Standby Current,µA,LOT-08,123.56,26.0762,29.7304,38.4922,59.381
CMP-003187,ADC,Leakage Current,µA,LOT-06,126.61,4.6934,4.7634,4.9941,5.1179
CMP-003188,Driver IC,Propagation Delay,ns,LOT-11,125.21,19.0363,19.032,19.3677,19.8252
CMP-003189,Logic IC,Iddq,µA,LOT-14,126.14,9.842,19.4232,11.0973,13.2135
CMP-003190,Memory IC,Standby Current,µA,LOT-02,125.35,23.99,24.732,25.2125,25.444
CMP-003191,ADC,Leakage Current,µA,LOT-15,124.78,5.1995,5.372,5.412,5.6518
CMP-003192,Driver IC,Propagation Delay,ns,LOT-02,125.83,17.6072,17.5263,17.8406,18.1868
CMP-003193,Logic IC,Iddq,µA,LOT-12,123.39,9.8961,9.991,10.2113,10.4731
CMP-003194,Memory IC,Standby Current,µA,LOT-08,123.46,24.8572,40.5838,28.0105,32.7609
CMP-003195,ADC,Leakage Current,µA,LOT-06,123.9,4.6574,4.6119,4.8522,5.0145
CMP-003196,Driver IC,Propagation Delay,ns,LOT-06,125.06,17.0921,17.1144,17.7225,17.67
CMP-003197,Logic IC,Iddq,µA,LOT-12,126.38,10.2154,10.6792,10.7687,11.1402
CMP-003198,Memory IC,Standby Current,µA,LOT-01,126.6,24.8734,26.0397,26.0358,27.42
CMP-003199,ADC,Leakage Current,µA,LOT-16,123.32,5.0835,5.4145,5.5206,5.6995
CMP-003200,Driver IC,Propagation Delay,ns,LOT-02,120.87,18.7608,18.8703,18.9841,19.6184
CMP-003201,Logic IC,Iddq,µA,LOT-06,127.12,10.0596,10.2091,10.2313,10.5464
CMP-003202,Memory IC,Standby Current,µA,LOT-09,123.41,25.5684,25.5715,26.5358,26.8153
CMP-003203,ADC,Leakage Current,µA,LOT-17,124.11,5.3575,6.281,11.657,20.813
CMP-003204,Driver IC,Propagation Delay,ns,LOT-05,123.22,17.4229,19.0415,24.833,36.7466
CMP-003205,Logic IC,Iddq,µA,LOT-09,125.22,9.7531,10.1174,10.35,10.6314
CMP-003206,Memory IC,Standby Current,µA,LOT-07,123.88,24.1782,25.2128,24.7314,25.3094
CMP-003207,ADC,Leakage Current,µA,LOT-18,123.92,4.5935,4.806,4.9908,5.2462
CMP-003208,Driver IC,Propagation Delay,ns,LOT-06,121.22,18.6322,18.7052,19.5502,19.3878
CMP-003209,Logic IC,Iddq,µA,LOT-11,125.9,10.7582,11.0576,11.1742,11.0801
CMP-003210,Memory IC,Standby Current,µA,LOT-16,126.35,24.6822,25.1744,25.9316,26.5658
CMP-003211,ADC,Leakage Current,µA,LOT-05,124.03,4.4363,6.128,10.5082,21.0891
CMP-003212,Driver IC,Propagation Delay,ns,LOT-14,125.82,18.117,18.4249,18.8673,18.8044
CMP-003213,Logic IC,Iddq,µA,LOT-11,122.0,10.2127,12.3546,17.2374,33.4546
CMP-003214,Memory IC,Standby Current,µA,LOT-15,124.91,24.7111,24.6903,24.5742,25.2637
CMP-003215,ADC,Leakage Current,µA,LOT-06,125.42,4.8122,4.7333,4.897,5.2299
CMP-003216,Driver IC,Propagation Delay,ns,LOT-05,124.03,17.7474,18.4457,18.2523,17.971
CMP-003217,Logic IC,Iddq,µA,LOT-11,123.35,10.1605,25.0828,11.766,13.1702
CMP-003218,Memory IC,Standby Current,µA,LOT-16,125.14,25.224,25.2832,25.3838,25.5001
CMP-003219,ADC,Leakage Current,µA,LOT-15,126.55,5.1734,6.4336,12.3196,20.3966
CMP-003220,Driver IC,Propagation Delay,ns,LOT-07,122.55,17.8061,17.8125,18.305,18.4699
CMP-003221,Logic IC,Iddq,µA,LOT-19,123.01,10.1442,10.3851,10.7677,10.9088
CMP-003222,Memory IC,Standby Current,µA,LOT-11,128.13,25.0102,25.9611,26.0173,26.5882
CMP-003223,ADC,Leakage Current,µA,LOT-18,126.75,5.0462,6.8444,11.9948,18.1253
CMP-003224,Driver IC,Propagation Delay,ns,LOT-01,124.36,17.9929,29.4619,19.2966,21.0992
CMP-003225,Logic IC,Iddq,µA,LOT-10,125.31,10.2696,20.0626,11.1366,13.4205
CMP-003226,Memory IC,Standby Current,µA,LOT-17,125.25,24.3292,24.8139,25.3277,26.2845
CMP-003227,ADC,Leakage Current,µA,LOT-17,123.31,5.0251,5.0796,5.2319,5.4215
CMP-003228,Driver IC,Propagation Delay,ns,LOT-18,125.77,17.3136,19.0169,25.3426,35.8518
CMP-003229,Logic IC,Iddq,µA,LOT-08,127.62,9.5628,9.7132,9.8102,10.1137
CMP-003230,Memory IC,Standby Current,µA,LOT-04,124.13,25.1327,25.6318,25.6221,26.2888
CMP-003231,ADC,Leakage Current,µA,LOT-01,127.05,4.9576,5.6226,10.8761,23.1246
CMP-003232,Driver IC,Propagation Delay,ns,LOT-10,125.41,17.6386,17.962,17.7697,18.3254
CMP-003233,Logic IC,Iddq,µA,LOT-19,122.86,10.0741,10.2098,10.749,10.9117
CMP-003234,Memory IC,Standby Current,µA,LOT-03,122.3,24.7054,25.0684,25.4967,25.5374
CMP-003235,ADC,Leakage Current,µA,LOT-04,125.72,5.198,5.3096,5.4709,5.651
CMP-003236,Driver IC,Propagation Delay,ns,LOT-14,125.68,18.1676,18.117,18.3089,18.5336
CMP-003237,Logic IC,Iddq,µA,LOT-06,124.93,10.0587,10.1694,10.4022,10.398
CMP-003238,Memory IC,Standby Current,µA,LOT-13,127.53,25.4313,46.8819,26.1441,29.5451
CMP-003239,ADC,Leakage Current,µA,LOT-05,126.75,4.5121,5.0387,9.8283,23.278
CMP-003240,Driver IC,Propagation Delay,ns,LOT-20,124.78,18.1014,18.2754,18.6255,19.1471
CMP-003241,Logic IC,Iddq,µA,LOT-10,124.38,10.0456,10.0817,10.3467,10.538
CMP-003242,Memory IC,Standby Current,µA,LOT-06,123.44,24.8981,27.6318,39.4322,67.8056
CMP-003243,ADC,Leakage Current,µA,LOT-19,124.71,5.2473,5.3168,5.454,5.5438
CMP-003244,Driver IC,Propagation Delay,ns,LOT-20,124.19,18.3258,18.3734,18.5502,18.856
CMP-003245,Logic IC,Iddq,µA,LOT-03,127.43,10.4528,10.5071,10.3858,10.727
CMP-003246,Memory IC,Standby Current,µA,LOT-07,126.35,24.3404,25.0667,25.9097,25.3895
CMP-003247,ADC,Leakage Current,µA,LOT-11,125.28,5.236,5.981,13.0188,22.597
CMP-003248,Driver IC,Propagation Delay,ns,LOT-15,124.93,18.0645,18.2323,18.8835,18.5367
CMP-003249,Logic IC,Iddq,µA,LOT-04,127.64,10.2456,10.3432,10.5565,10.9731
CMP-003250,Memory IC,Standby Current,µA,LOT-09,125.36,24.9342,37.5665,28.1093,29.883
CMP-003251,ADC,Leakage Current,µA,LOT-03,124.41,5.1138,5.1662,5.3762,5.5888
CMP-003252,Driver IC,Propagation Delay,ns,LOT-10,125.59,17.5604,19.3351,28.9577,39.5874
CMP-003253,Logic IC,Iddq,µA,LOT-16,123.78,9.5382,11.5757,20.822,43.3488
CMP-003254,Memory IC,Standby Current,µA,LOT-08,124.15,25.4973,25.7772,26.0647,26.3965
CMP-003255,ADC,Leakage Current,µA,LOT-07,124.97,4.7446,4.9079,4.9949,5.1495
CMP-003256,Driver IC,Propagation Delay,ns,LOT-01,123.93,18.1153,28.4974,19.6685,22.1461
CMP-003257,Logic IC,Iddq,µA,LOT-14,124.72,10.3727,11.5352,23.4395,39.0057
CMP-003258,Memory IC,Standby Current,µA,LOT-07,124.43,24.8644,28.2804,39.6728,65.3965
CMP-003259,ADC,Leakage Current,µA,LOT-20,124.59,5.2853,5.4493,5.5459,5.5464
CMP-003260,Driver IC,Propagation Delay,ns,LOT-11,124.89,18.2283,19.3164,28.1458,44.1937
CMP-003261,Logic IC,Iddq,µA,LOT-04,124.81,10.522,12.6979,20.3809,37.7782
CMP-003262,Memory IC,Standby Current,µA,LOT-15,124.01,24.4953,27.4834,45.3548,75.7638
CMP-003263,ADC,Leakage Current,µA,LOT-17,125.6,5.1281,5.2046,5.4956,5.655
CMP-003264,Driver IC,Propagation Delay,ns,LOT-07,127.19,17.7422,18.9671,23.8437,33.4978
CMP-003265,Logic IC,Iddq,µA,LOT-08,126.94,9.7892,9.9535,10.5053,10.7286
CMP-003266,Memory IC,Standby Current,µA,LOT-13,126.07,25.3869,26.2235,26.5357,27.011
CMP-003267,ADC,Leakage Current,µA,LOT-18,126.05,4.9487,5.1619,5.2755,5.5612
CMP-003268,Driver IC,Propagation Delay,ns,LOT-05,125.14,17.7578,17.5304,18.1097,18.2152
CMP-003269,Logic IC,Iddq,µA,LOT-20,124.22,9.6081,10.7138,21.4311,44.1071
CMP-003270,Memory IC,Standby Current,µA,LOT-14,123.79,24.8224,28.1186,36.0569,63.728
CMP-003271,ADC,Leakage Current,µA,LOT-01,124.93,4.799,4.9273,5.0492,5.1565
CMP-003272,Driver IC,Propagation Delay,ns,LOT-10,123.59,17.0849,17.1008,17.5249,17.6059
CMP-003273,Logic IC,Iddq,µA,LOT-11,123.44,10.2439,10.5863,10.8815,11.0071
CMP-003274,Memory IC,Standby Current,µA,LOT-15,125.43,25.8659,29.57,45.936,65.9141
CMP-003275,ADC,Leakage Current,µA,LOT-09,127.26,4.8723,12.9882,5.4066,5.9731
CMP-003276,Driver IC,Propagation Delay,ns,LOT-12,122.57,17.661,18.4088,18.0827,18.2799
CMP-003277,Logic IC,Iddq,µA,LOT-11,123.99,10.0582,10.4769,10.6283,10.9852
CMP-003278,Memory IC,Standby Current,µA,LOT-04,123.46,25.001,25.7697,39.0468,71.2297
CMP-003279,ADC,Leakage Current,µA,LOT-03,125.1,4.9908,6.1821,12.2608,22.0248
CMP-003280,Driver IC,Propagation Delay,ns,LOT-18,123.27,17.7188,18.482,25.079,36.4039
CMP-003281,Logic IC,Iddq,µA,LOT-11,122.88,10.321,10.6955,10.9649,11.0591
CMP-003282,Memory IC,Standby Current,µA,LOT-18,125.33,24.1139,27.5474,43.6548,71.2727
CMP-003283,ADC,Leakage Current,µA,LOT-17,128.24,4.8685,5.0639,5.2493,5.4507
CMP-003284,Driver IC,Propagation Delay,ns,LOT-19,124.87,18.11,18.4014,18.834,19.3142
CMP-003285,Logic IC,Iddq,µA,LOT-18,126.43,9.9567,10.2785,10.4522,10.413
CMP-003286,Memory IC,Standby Current,µA,LOT-15,123.8,24.6887,25.2605,25.9461,25.9347
CMP-003287,ADC,Leakage Current,µA,LOT-18,125.04,5.0861,6.5616,11.6888,19.1557
CMP-003288,Driver IC,Propagation Delay,ns,LOT-06,127.7,17.3892,18.9048,25.9274,38.492
CMP-003289,Logic IC,Iddq,µA,LOT-02,126.13,9.9626,11.6153,19.1528,36.7739
CMP-003290,Memory IC,Standby Current,µA,LOT-13,125.03,25.2688,27.1349,43.7358,75.255
CMP-003291,ADC,Leakage Current,µA,LOT-07,128.11,4.912,4.8935,5.0626,5.1904
CMP-003292,Driver IC,Propagation Delay,ns,LOT-02,124.17,16.962,17.6966,17.4687,17.5371
CMP-003293,Logic IC,Iddq,µA,LOT-06,128.35,9.7595,9.8004,9.973,10.3001
CMP-003294,Memory IC,Standby Current,µA,LOT-12,123.21,25.4978,29.3948,40.5733,57.1239
CMP-003295,ADC,Leakage Current,µA,LOT-06,123.44,4.7093,5.8358,11.5104,21.2104
CMP-003296,Driver IC,Propagation Delay,ns,LOT-10,124.98,17.7807,18.2574,18.3312,18.6255
CMP-003297,Logic IC,Iddq,µA,LOT-16,124.9,9.4458,9.7859,10.1186,10.3934
CMP-003298,Memory IC,Standby Current,µA,LOT-15,124.08,25.2804,27.8591,38.6791,62.8817
CMP-003299,ADC,Leakage Current,µA,LOT-13,122.36,5.0823,6.6665,9.6764,16.5264
CMP-003300,Driver IC,Propagation Delay,ns,LOT-15,124.51,18.5305,19.971,24.7398,33.1713
CMP-003301,Logic IC,Iddq,µA,LOT-04,124.34,10.0526,17.8466,12.0508,13.4692
CMP-003302,Memory IC,Standby Current,µA,LOT-13,124.69,24.8202,25.1746,25.5217,25.6305
CMP-003303,ADC,Leakage Current,µA,LOT-20,124.97,5.016,5.1002,5.3775,5.4953
CMP-003304,Driver IC,Propagation Delay,ns,LOT-09,123.48,18.1794,18.365,18.5072,18.6083
CMP-003305,Logic IC,Iddq,µA,LOT-13,125.95,10.0586,11.7602,19.8674,35.9565
CMP-003306,Memory IC,Standby Current,µA,LOT-04,125.04,25.0355,27.8618,38.0016,59.5002
CMP-003307,ADC,Leakage Current,µA,LOT-19,126.79,5.2247,5.2409,5.3626,5.5869
CMP-003308,Driver IC,Propagation Delay,ns,LOT-15,126.62,17.3983,17.656,17.4043,17.7038
CMP-003309,Logic IC,Iddq,µA,LOT-14,124.85,10.5336,10.3727,10.9205,10.9917
CMP-003310,Memory IC,Standby Current,µA,LOT-01,126.28,25.4534,30.4426,40.6263,63.0679
CMP-003311,ADC,Leakage Current,µA,LOT-01,123.72,4.9209,4.9834,5.2344,5.3613
CMP-003312,Driver IC,Propagation Delay,ns,LOT-09,121.87,17.5888,17.8985,18.2386,18.3993
CMP-003313,Logic IC,Iddq,µA,LOT-03,125.95,10.2151,10.3507,10.5796,10.9196
CMP-003314,Memory IC,Standby Current,µA,LOT-16,123.97,23.9436,24.5544,24.602,25.0317
CMP-003315,ADC,Leakage Current,µA,LOT-12,123.22,4.8601,4.9895,5.1289,5.4511
CMP-003316,Driver IC,Propagation Delay,ns,LOT-08,126.31,17.8367,18.2229,18.4799,18.2962
CMP-003317,Logic IC,Iddq,µA,LOT-19,125.92,10.1462,11.9333,20.2595,43.5672
CMP-003318,Memory IC,Standby Current,µA,LOT-04,126.34,25.005,28.176,39.0458,73.2783
CMP-003319,ADC,Leakage Current,µA,LOT-15,125.0,5.0995,6.3405,9.5866,17.3712
CMP-003320,Driver IC,Propagation Delay,ns,LOT-01,126.57,18.0078,18.2623,18.639,18.8615
CMP-003321,Logic IC,Iddq,µA,LOT-16,125.06,9.8995,12.5346,17.9256,37.6208
CMP-003322,Memory IC,Standby Current,µA,LOT-07,125.33,24.3074,24.4556,25.328,25.6062
CMP-003323,ADC,Leakage Current,µA,LOT-06,126.53,4.5951,5.2801,10.2567,23.7816
CMP-003324,Driver IC,Propagation Delay,ns,LOT-19,121.49,18.7359,19.1339,19.5942,19.3707
CMP-003325,Logic IC,Iddq,µA,LOT-15,125.36,10.4383,10.4648,10.7032,11.1705
CMP-003326,Memory IC,Standby Current,µA,LOT-09,124.93,24.7357,46.176,28.1893,29.0677
CMP-003327,ADC,Leakage Current,µA,LOT-07,124.93,5.0035,6.6988,12.587,19.7528
CMP-003328,Driver IC,Propagation Delay,ns,LOT-06,123.17,17.8218,18.7238,23.8533,34.8244
CMP-003329,Logic IC,Iddq,µA,LOT-20,127.82,10.1761,10.3524,10.8428,11.324
CMP-003330,Memory IC,Standby Current,µA,LOT-01,122.7,23.966,27.85,42.902,67.2224
CMP-003331,ADC,Leakage Current,µA,LOT-05,123.19,4.5876,5.458,11.167,23.2746
CMP-003332,Driver IC,Propagation Delay,ns,LOT-13,127.49,17.9221,18.2734,18.4442,18.6464
CMP-003333,Logic IC,Iddq,µA,LOT-12,123.53,10.124,10.334,10.1428,10.5878
CMP-003334,Memory IC,Standby Current,µA,LOT-20,124.02,24.9904,28.0945,41.4319,58.952
CMP-003335,ADC,Leakage Current,µA,LOT-08,125.74,5.0942,6.8791,10.0622,20.1538
CMP-003336,Driver IC,Propagation Delay,ns,LOT-19,125.01,17.6513,18.1823,18.1984,18.46
CMP-003337,Logic IC,Iddq,µA,LOT-02,124.83,9.8394,10.2828,10.6472,10.7637
CMP-003338,Memory IC,Standby Current,µA,LOT-15,122.03,25.8522,28.4224,39.455,62.2419
CMP-003339,ADC,Leakage Current,µA,LOT-06,127.59,4.7787,5.6959,11.039,22.2583
CMP-003340,Driver IC,Propagation Delay,ns,LOT-18,123.97,17.1174,18.5352,23.3305,31.2905
CMP-003341,Logic IC,Iddq,µA,LOT-14,123.97,10.7237,11.0149,11.1572,11.3894
CMP-003342,Memory IC,Standby Current,µA,LOT-13,124.71,24.92,25.0534,26.0566,25.8657
CMP-003343,ADC,Leakage Current,µA,LOT-01,126.33,5.032,5.1017,5.3898,5.4632
CMP-003344,Driver IC,Propagation Delay,ns,LOT-12,126.32,18.2057,18.3687,18.8293,18.7412
CMP-003345,Logic IC,Iddq,µA,LOT-19,124.05,9.894,12.3695,19.3658,38.8608
CMP-003346,Memory IC,Standby Current,µA,LOT-19,125.03,24.5305,36.7445,28.4217,29.0112
CMP-003347,ADC,Leakage Current,µA,LOT-17,125.51,5.1234,5.3893,5.5344,5.7767
CMP-003348,Driver IC,Propagation Delay,ns,LOT-18,125.92,17.6705,18.2919,18.8516,18.6805
CMP-003349,Logic IC,Iddq,µA,LOT-08,124.05,9.767,9.9958,10.1529,10.5332
CMP-003350,Memory IC,Standby Current,µA,LOT-18,125.87,26.3409,28.7037,41.5574,69.1566
CMP-003351,ADC,Leakage Current,µA,LOT-14,123.02,5.3695,6.481,10.972,22.4332
CMP-003352,Driver IC,Propagation Delay,ns,LOT-17,124.45,18.515,18.5683,18.4536,18.4307
CMP-003353,Logic IC,Iddq,µA,LOT-08,125.18,9.9256,11.1491,19.1813,41.9367
CMP-003354,Memory IC,Standby Current,µA,LOT-03,123.52,25.1739,28.5309,38.3374,65.2395
CMP-003355,ADC,Leakage Current,µA,LOT-13,125.97,4.9492,14.4574,5.4947,6.769
CMP-003356,Driver IC,Propagation Delay,ns,LOT-04,126.09,18.255,18.4097,18.6954,18.8187
CMP-003357,Logic IC,Iddq,µA,LOT-16,123.31,9.5844,9.8913,10.1704,10.4177
CMP-003358,Memory IC,Standby Current,µA,LOT-09,127.8,24.6085,48.4489,27.2706,33.2121
CMP-003359,ADC,Leakage Current,µA,LOT-10,125.04,4.958,5.0353,5.2527,5.6018
CMP-003360,Driver IC,Propagation Delay,ns,LOT-01,125.41,17.9191,20.2612,26.0622,35.4792
CMP-003361,Logic IC,Iddq,µA,LOT-11,124.72,10.3654,10.782,10.729,11.0764
CMP-003362,Memory IC,Standby Current,µA,LOT-07,125.91,24.98,25.383,25.1288,25.9914
CMP-003363,ADC,Leakage Current,µA,LOT-03,124.79,5.0893,11.0587,6.1636,6.5469
CMP-003364,Driver IC,Propagation Delay,ns,LOT-04,124.29,18.0323,19.3617,28.5777,46.8969
CMP-003365,Logic IC,Iddq,µA,LOT-17,124.65,10.2446,12.7352,22.6253,39.5821
CMP-003366,Memory IC,Standby Current,µA,LOT-13,126.17,25.6289,25.8618,26.2373,27.0491
CMP-003367,ADC,Leakage Current,µA,LOT-13,124.49,5.2053,5.4486,5.5436,5.6982
CMP-003368,Driver IC,Propagation Delay,ns,LOT-02,124.81,18.3724,19.7377,26.9617,39.9656
CMP-003369,Logic IC,Iddq,µA,LOT-11,123.29,10.2773,10.5023,10.6831,10.804
CMP-003370,Memory IC,Standby Current,µA,LOT-03,123.29,24.9949,27.3263,38.3282,62.7433
CMP-003371,ADC,Leakage Current,µA,LOT-16,127.26,5.0187,5.1424,5.1478,5.3299
CMP-003372,Driver IC,Propagation Delay,ns,LOT-13,124.54,18.1069,20.3311,26.9234,42.4279
CMP-003373,Logic IC,Iddq,µA,LOT-09,122.92,9.9093,10.1259,9.989,10.3086
CMP-003374,Memory IC,Standby Current,µA,LOT-04,123.8,25.3524,25.9096,26.4544,26.3118
CMP-003375,ADC,Leakage Current,µA,LOT-07,122.97,5.1589,5.4066,5.544,5.7833
CMP-003376,Driver IC,Propagation Delay,ns,LOT-13,128.08,17.2409,17.7469,17.8351,18.2501
CMP-003377,Logic IC,Iddq,µA,LOT-02,127.41,9.9572,12.9712,20.6345,34.9273
CMP-003378,Memory IC,Standby Current,µA,LOT-20,123.36,24.0634,51.3753,25.8773,29.8587
CMP-003379,ADC,Leakage Current,µA,LOT-05,127.03,4.5664,4.8326,5.1055,5.2603
CMP-003380,Driver IC,Propagation Delay,ns,LOT-13,127.31,17.4138,17.5689,17.7277,18.2639
CMP-003381,Logic IC,Iddq,µA,LOT-13,126.06,10.2562,10.4873,10.7471,11.1104
CMP-003382,Memory IC,Standby Current,µA,LOT-18,127.18,25.5109,25.5333,25.9697,26.2434
CMP-003383,ADC,Leakage Current,µA,LOT-01,125.27,4.8481,5.5758,10.779,22.4049
CMP-003384,Driver IC,Propagation Delay,ns,LOT-11,124.98,18.2832,19.2829,27.2772,44.4538
CMP-003385,Logic IC,Iddq,µA,LOT-15,126.14,10.2034,10.4989,10.7156,11.015
CMP-003386,Memory IC,Standby Current,µA,LOT-08,122.55,25.0723,24.7315,24.7331,25.327
CMP-003387,ADC,Leakage Current,µA,LOT-05,125.41,4.3743,5.4354,10.0701,20.8486
CMP-003388,Driver IC,Propagation Delay,ns,LOT-03,124.02,17.8982,18.7248,26.15,37.1474
CMP-003389,Logic IC,Iddq,µA,LOT-19,122.81,9.5752,11.6572,19.221,42.6062
CMP-003390,Memory IC,Standby Current,µA,LOT-18,125.07,25.0614,27.502,45.1154,66.1906
CMP-003391,ADC,Leakage Current,µA,LOT-20,125.7,4.9171,5.1077,5.2689,5.4712
CMP-003392,Driver IC,Propagation Delay,ns,LOT-19,126.1,18.239,20.013,27.9861,42.8617
CMP-003393,Logic IC,Iddq,µA,LOT-18,120.55,9.6216,11.4089,19.1182,37.3771
CMP-003394,Memory IC,Standby Current,µA,LOT-13,123.47,25.0795,28.6838,41.1361,66.5035
CMP-003395,ADC,Leakage Current,µA,LOT-03,125.91,5.0808,5.2564,5.3621,5.367
CMP-003396,Driver IC,Propagation Delay,ns,LOT-19,125.05,17.2727,17.9808,18.1167,18.4035
CMP-003397,Logic IC,Iddq,µA,LOT-08,125.86,10.1562,26.4814,12.263,15.9584
CMP-003398,Memory IC,Standby Current,µA,LOT-10,126.72,25.0246,25.5604,26.2518,26.8807
CMP-003399,ADC,Leakage Current,µA,LOT-08,127.04,4.9683,5.1843,5.3586,5.5817
CMP-003400,Driver IC,Propagation Delay,ns,LOT-03,126.21,18.7964,18.8782,19.1903,19.2919
CMP-003401,Logic IC,Iddq,µA,LOT-14,122.83,10.0092,11.4417,17.9244,37.734
CMP-003402,Memory IC,Standby Current,µA,LOT-10,125.2,24.2149,24.8491,24.7097,25.6097
CMP-003403,ADC,Leakage Current,µA,LOT-08,123.97,4.9397,6.5782,11.7807,18.7049
CMP-003404,Driver IC,Propagation Delay,ns,LOT-19,126.67,17.959,18.394,18.3256,18.662
CMP-003405,Logic IC,Iddq,µA,LOT-08,124.24,9.2823,17.1196,11.3872,13.12
CMP-003406,Memory IC,Standby Current,µA,LOT-07,124.5,24.9787,28.8531,41.0132,60.5816
CMP-003407,ADC,Leakage Current,µA,LOT-15,123.99,5.2402,6.1668,10.4604,17.7966
CMP-003408,Driver IC,Propagation Delay,ns,LOT-15,124.28,18.6767,19.3468,27.8976,45.0231
CMP-003409,Logic IC,Iddq,µA,LOT-19,126.87,10.9873,13.3009,22.6305,36.094
CMP-003410,Memory IC,Standby Current,µA,LOT-15,123.62,25.0282,24.846,25.8416,26.0751
CMP-003411,ADC,Leakage Current,µA,LOT-11,122.83,5.1866,5.3523,5.4792,5.6323
CMP-003412,Driver IC,Propagation Delay,ns,LOT-11,126.05,18.586,21.1805,26.6735,36.5423
CMP-003413,Logic IC,Iddq,µA,LOT-01,125.47,10.3089,10.6581,10.9278,11.3817
CMP-003414,Memory IC,Standby Current,µA,LOT-19,127.87,24.9567,29.4429,37.8317,59.0471
CMP-003415,ADC,Leakage Current,µA,LOT-05,124.81,4.7048,6.0534,9.5334,19.9918
CMP-003416,Driver IC,Propagation Delay,ns,LOT-06,126.04,17.8279,18.0551,18.5094,18.206
CMP-003417,Logic IC,Iddq,µA,LOT-10,127.02,10.0634,10.4152,10.4473,10.5926
CMP-003418,Memory IC,Standby Current,µA,LOT-03,124.34,25.0804,27.8997,38.9057,59.9545
CMP-003419,ADC,Leakage Current,µA,LOT-05,127.67,4.6316,13.0887,5.6069,7.8521
CMP-003420,Driver IC,Propagation Delay,ns,LOT-01,125.61,18.4825,18.6074,18.5375,19.1623
CMP-003421,Logic IC,Iddq,µA,LOT-07,126.2,10.3631,10.6816,10.7509,11.1412
CMP-003422,Memory IC,Standby Current,µA,LOT-09,126.51,24.8163,24.9583,25.3186,26.2377
CMP-003423,ADC,Leakage Current,µA,LOT-11,126.04,4.969,4.9931,5.2398,5.5339
CMP-003424,Driver IC,Propagation Delay,ns,LOT-07,123.8,17.5979,18.1591,18.5347,18.8193
CMP-003425,Logic IC,Iddq,µA,LOT-01,125.99,9.9801,11.134,23.6098,35.816
CMP-003426,Memory IC,Standby Current,µA,LOT-13,125.56,25.6379,25.5888,25.9018,26.067
CMP-003427,ADC,Leakage Current,µA,LOT-14,126.78,5.5122,6.639,11.9526,18.4863
CMP-003428,Driver IC,Propagation Delay,ns,LOT-09,124.5,18.16,18.4735,18.1753,18.3473
CMP-003429,Logic IC,Iddq,µA,LOT-18,126.58,10.6575,13.3249,21.6458,33.2495
CMP-003430,Memory IC,Standby Current,µA,LOT-16,125.77,24.3376,28.6979,36.8269,56.2789
CMP-003431,ADC,Leakage Current,µA,LOT-14,123.27,5.2565,5.5191,5.7166,5.8116
CMP-003432,Driver IC,Propagation Delay,ns,LOT-11,125.94,18.4423,24.8791,18.6375,20.8433
CMP-003433,Logic IC,Iddq,µA,LOT-19,124.47,10.2731,10.3034,10.6922,10.8721
CMP-003434,Memory IC,Standby Current,µA,LOT-20,123.62,25.24,26.1156,39.0968,76.9483
CMP-003435,ADC,Leakage Current,µA,LOT-01,123.94,5.0386,5.0302,5.2671,5.5442
CMP-003436,Driver IC,Propagation Delay,ns,LOT-07,129.96,18.3253,18.4958,18.5099,18.636
CMP-003437,Logic IC,Iddq,µA,LOT-03,127.6,10.2114,10.7033,10.8005,11.0341
CMP-003438,Memory IC,Standby Current,µA,LOT-10,125.19,25.9534,25.686,26.5921,26.9785
CMP-003439,ADC,Leakage Current,µA,LOT-03,124.11,5.2169,5.4685,5.5803,5.7372
CMP-003440,Driver IC,Propagation Delay,ns,LOT-11,126.17,16.7391,22.8344,17.7883,18.9551
CMP-003441,Logic IC,Iddq,µA,LOT-01,122.88,10.1257,10.4397,10.7655,11.0791
CMP-003442,Memory IC,Standby Current,µA,LOT-20,124.54,23.6021,28.3844,38.2039,59.5243
CMP-003443,ADC,Leakage Current,µA,LOT-11,125.15,5.3282,6.944,11.8115,20.365
CMP-003444,Driver IC,Propagation Delay,ns,LOT-18,125.95,17.4365,17.7235,17.9835,18.4452
CMP-003445,Logic IC,Iddq,µA,LOT-02,124.3,9.92,10.1298,10.5656,10.6267
CMP-003446,Memory IC,Standby Current,µA,LOT-09,125.58,24.1284,23.8933,24.2082,25.2971
CMP-003447,ADC,Leakage Current,µA,LOT-15,124.32,4.9911,5.0761,5.3397,5.5267
CMP-003448,Driver IC,Propagation Delay,ns,LOT-02,127.36,17.4685,20.0335,26.7384,42.0103
CMP-003449,Logic IC,Iddq,µA,LOT-17,125.02,10.236,11.5166,20.8232,38.1342
CMP-003450,Memory IC,Standby Current,µA,LOT-12,124.08,25.212,25.1925,26.1738,26.0455
CMP-003451,ADC,Leakage Current,µA,LOT-04,125.31,5.1972,10.5181,6.6919,7.7211
CMP-003452,Driver IC,Propagation Delay,ns,LOT-06,123.73,18.3245,18.108,18.6117,18.7908
CMP-003453,Logic IC,Iddq,µA,LOT-19,123.63,10.2296,10.4973,10.5904,10.7935
CMP-003454,Memory IC,Standby Current,µA,LOT-01,125.92,25.0932,27.5949,38.9804,69.1702
CMP-003455,ADC,Leakage Current,µA,LOT-04,125.37,5.2954,5.8984,10.5391,22.8724
CMP-003456,Driver IC,Propagation Delay,ns,LOT-05,126.52,17.7903,17.8871,18.587,18.3365
CMP-003457,Logic IC,Iddq,µA,LOT-12,125.47,10.1609,11.8021,18.8172,31.5691
CMP-003458,Memory IC,Standby Current,µA,LOT-03,127.18,25.8813,39.9918,29.4774,31.3157
CMP-003459,ADC,Leakage Current,µA,LOT-08,123.42,4.6094,5.9599,10.3555,21.3553
CMP-003460,Driver IC,Propagation Delay,ns,LOT-06,127.26,17.2232,17.9455,17.6884,18.0119
CMP-003461,Logic IC,Iddq,µA,LOT-09,127.58,9.9144,10.1562,10.02,10.5361
CMP-003462,Memory IC,Standby Current,µA,LOT-18,121.85,24.558,25.2748,25.3056,25.6693
CMP-003463,ADC,Leakage Current,µA,LOT-17,126.72,4.9828,5.2374,5.3831,5.608
CMP-003464,Driver IC,Propagation Delay,ns,LOT-04,123.89,17.495,20.0195,24.5851,37.7885
CMP-003465,Logic IC,Iddq,µA,LOT-07,126.43,9.8847,11.3513,19.2186,31.7591
CMP-003466,Memory IC,Standby Current,µA,LOT-15,125.68,24.8872,25.8917,26.2748,26.3781
CMP-003467,ADC,Leakage Current,µA,LOT-18,123.2,4.9527,5.0589,5.3028,5.3514
CMP-003468,Driver IC,Propagation Delay,ns,LOT-08,128.59,18.3165,18.6004,19.0594,19.3714
CMP-003469,Logic IC,Iddq,µA,LOT-12,124.6,9.888,26.8528,10.8194,12.3349
CMP-003470,Memory IC,Standby Current,µA,LOT-15,122.9,25.0439,27.3675,45.2929,84.9028
CMP-003471,ADC,Leakage Current,µA,LOT-18,127.68,4.8069,4.9977,5.0908,5.3083
CMP-003472,Driver IC,Propagation Delay,ns,LOT-12,126.85,18.1665,19.5692,23.4642,35.5466
CMP-003473,Logic IC,Iddq,µA,LOT-11,125.5,10.3702,25.7084,12.4756,16.2274
CMP-003474,Memory IC,Standby Current,µA,LOT-04,124.61,25.2173,28.1229,44.4832,76.7826
CMP-003475,ADC,Leakage Current,µA,LOT-02,125.99,4.5629,5.4958,12.7213,27.334
CMP-003476,Driver IC,Propagation Delay,ns,LOT-19,126.86,19.0105,18.9533,19.3107,19.6101
CMP-003477,Logic IC,Iddq,µA,LOT-08,124.43,9.5795,10.088,10.2923,10.6943
CMP-003478,Memory IC,Standby Current,µA,LOT-13,126.56,24.2926,24.3844,25.4511,26.3971
CMP-003479,ADC,Leakage Current,µA,LOT-06,127.2,4.8677,5.5266,11.9904,24.7319
CMP-003480,Driver IC,Propagation Delay,ns,LOT-02,124.64,18.3678,19.8141,25.9917,34.7609
CMP-003481,Logic IC,Iddq,µA,LOT-10,125.7,10.2697,10.1339,10.1995,10.5972
CMP-003482,Memory IC,Standby Current,µA,LOT-01,125.07,24.2146,25.1677,25.673,26.034
CMP-003483,ADC,Leakage Current,µA,LOT-06,125.93,4.7549,5.6652,9.7563,19.2554
CMP-003484,Driver IC,Propagation Delay,ns,LOT-10,124.05,17.952,19.937,26.5939,38.2783
CMP-003485,Logic IC,Iddq,µA,LOT-20,122.85,9.9433,10.2476,10.2431,10.345
CMP-003486,Memory IC,Standby Current,µA,LOT-10,124.05,24.9567,25.2541,25.4442,26.2016
CMP-003487,ADC,Leakage Current,µA,LOT-07,125.57,5.2505,5.5166,5.6642,5.8477
CMP-003488,Driver IC,Propagation Delay,ns,LOT-09,126.13,17.7339,17.9133,18.1253,18.6987
CMP-003489,Logic IC,Iddq,µA,LOT-05,123.16,9.915,11.5257,21.0124,36.6946
CMP-003490,Memory IC,Standby Current,µA,LOT-08,124.14,24.9976,26.9888,37.5005,63.643
CMP-003491,ADC,Leakage Current,µA,LOT-03,123.42,5.1632,5.3414,5.4732,5.5297
CMP-003492,Driver IC,Propagation Delay,ns,LOT-01,124.91,17.9069,18.1507,18.9322,18.7782
CMP-003493,Logic IC,Iddq,µA,LOT-15,125.57,9.9826,10.2056,10.3235,10.7685
CMP-003494,Memory IC,Standby Current,µA,LOT-18,123.67,24.3041,24.8511,25.23,26.0129
CMP-003495,ADC,Leakage Current,µA,LOT-15,126.59,5.168,6.1272,12.9814,26.1064
CMP-003496,Driver IC,Propagation Delay,ns,LOT-16,124.02,17.6095,19.0079,25.3945,34.2436
CMP-003497,Logic IC,Iddq,µA,LOT-14,124.67,10.1792,11.7744,22.6454,41.3731
CMP-003498,Memory IC,Standby Current,µA,LOT-07,125.34,24.1133,25.4358,41.8971,70.9484
CMP-003499,ADC,Leakage Current,µA,LOT-10,125.76,5.0456,5.194,5.1205,5.3692
CMP-003500,Driver IC,Propagation Delay,ns,LOT-02,124.05,18.606,20.6571,27.4593,36.6648
CMP-003501,Logic IC,Iddq,µA,LOT-20,127.24,9.6483,9.5273,10.0419,10.4592
CMP-003502,Memory IC,Standby Current,µA,LOT-15,123.84,25.7516,30.3111,42.0614,64.8323
CMP-003503,ADC,Leakage Current,µA,LOT-09,125.21,5.0273,6.0347,11.5089,21.6217
CMP-003504,Driver IC,Propagation Delay,ns,LOT-05,122.89,17.7405,19.447,25.0021,36.6393
CMP-003505,Logic IC,Iddq,µA,LOT-14,126.91,10.1904,10.4263,10.7415,11.0263
CMP-003506,Memory IC,Standby Current,µA,LOT-01,124.25,24.4956,28.0629,45.5141,73.1786
CMP-003507,ADC,Leakage Current,µA,LOT-14,123.89,5.169,9.8552,5.7026,7.8835
CMP-003508,Driver IC,Propagation Delay,ns,LOT-17,126.32,18.8243,19.2003,18.9225,19.23
CMP-003509,Logic IC,Iddq,µA,LOT-14,125.81,10.3126,12.669,20.2466,40.0483
CMP-003510,Memory IC,Standby Current,µA,LOT-04,125.94,25.2882,29.9491,38.9647,61.5878
CMP-003511,ADC,Leakage Current,µA,LOT-19,123.2,5.1953,5.4999,5.5889,5.6607
CMP-003512,Driver IC,Propagation Delay,ns,LOT-18,125.13,17.7681,27.5039,19.6545,21.1168
CMP-003513,Logic IC,Iddq,µA,LOT-09,124.47,9.6524,11.2738,21.3762,40.6595
CMP-003514,Memory IC,Standby Current,µA,LOT-09,124.35,25.2652,25.2852,26.1042,26.2039
CMP-003515,ADC,Leakage Current,µA,LOT-18,123.65,4.6195,4.6394,4.7686,4.871
CMP-003516,Driver IC,Propagation Delay,ns,LOT-07,125.42,18.3173,18.2103,18.6783,18.8671
CMP-003517,Logic IC,Iddq,µA,LOT-05,125.02,9.526,9.6348,10.0449,10.4415
CMP-003518,Memory IC,Standby Current,µA,LOT-13,124.78,25.1794,26.6674,26.1809,26.7537
CMP-003519,ADC,Leakage Current,µA,LOT-03,123.13,4.9137,5.145,5.3722,5.4179
CMP-003520,Driver IC,Propagation Delay,ns,LOT-07,125.32,18.7631,20.3392,27.6789,44.9246
CMP-003521,Logic IC,Iddq,µA,LOT-01,127.86,10.005,12.9216,21.855,39.1185
CMP-003522,Memory IC,Standby Current,µA,LOT-09,123.8,24.7761,25.4777,25.264,26.0607
CMP-003523,ADC,Leakage Current,µA,LOT-10,123.4,4.8929,5.0855,5.2781,5.3051
CMP-003524,Driver IC,Propagation Delay,ns,LOT-09,124.42,18.5666,20.0724,26.6117,35.8506
CMP-003525,Logic IC,Iddq,µA,LOT-20,124.37,9.8764,10.037,10.4274,10.4794
CMP-003526,Memory IC,Standby Current,µA,LOT-03,125.85,25.1314,25.3427,25.7119,26.149
CMP-003527,ADC,Leakage Current,µA,LOT-02,123.19,4.8059,5.8216,12.6974,26.8459
CMP-003528,Driver IC,Propagation Delay,ns,LOT-07,127.51,18.7769,20.1046,26.3734,38.1366
CMP-003529,Logic IC,Iddq,µA,LOT-04,124.98,10.5541,10.5293,11.0133,11.2225
CMP-003530,Memory IC,Standby Current,µA,LOT-07,127.75,24.3555,24.7705,25.2698,25.9893
CMP-003531,ADC,Leakage Current,µA,LOT-18,124.85,4.7222,4.845,5.0939,5.1504
CMP-003532,Driver IC,Propagation Delay,ns,LOT-13,124.4,18.5483,19.0688,19.0044,18.9722
CMP-003533,Logic IC,Iddq,µA,LOT-12,125.35,9.2885,9.4849,9.6617,9.8072
CMP-003534,Memory IC,Standby Current,µA,LOT-20,125.61,24.7923,26.5905,36.6498,67.3862
CMP-003535,ADC,Leakage Current,µA,LOT-15,124.64,5.0818,5.1596,5.354,5.4918
CMP-003536,Driver IC,Propagation Delay,ns,LOT-14,122.76,17.2252,18.7233,25.2256,40.2296
CMP-003537,Logic IC,Iddq,µA,LOT-06,123.95,9.8864,9.9506,10.0929,10.4127
CMP-003538,Memory IC,Standby Current,µA,LOT-14,125.06,25.7342,29.5885,39.9677,67.1732
CMP-003539,ADC,Leakage Current,µA,LOT-18,124.6,4.9157,5.0532,5.1166,5.3648
CMP-003540,Driver IC,Propagation Delay,ns,LOT-18,127.8,18.6415,19.086,18.7281,19.1681
CMP-003541,Logic IC,Iddq,µA,LOT-02,122.52,9.383,12.0321,20.3485,38.9025
CMP-003542,Memory IC,Standby Current,µA,LOT-18,125.98,25.2817,29.2837,40.029,66.9232
CMP-003543,ADC,Leakage Current,µA,LOT-06,124.09,4.9191,5.9819,11.191,17.7522
CMP-003544,Driver IC,Propagation Delay,ns,LOT-09,125.12,18.4196,18.6024,18.6287,18.7164
CMP-003545,Logic IC,Iddq,µA,LOT-02,125.49,9.8622,10.2414,10.3906,10.4258
CMP-003546,Memory IC,Standby Current,µA,LOT-16,125.07,25.2122,25.2362,25.1743,25.6991
CMP-003547,ADC,Leakage Current,µA,LOT-04,126.5,5.0901,6.1524,12.0162,22.8921
CMP-003548,Driver IC,Propagation Delay,ns,LOT-18,125.58,18.0869,29.4495,19.7787,20.575
CMP-003549,Logic IC,Iddq,µA,LOT-20,126.28,9.7481,10.3677,10.4515,10.7778
CMP-003550,Memory IC,Standby Current,µA,LOT-16,124.18,24.3759,24.9427,25.1509,26.1871
CMP-003551,ADC,Leakage Current,µA,LOT-20,128.58,4.8918,5.0703,5.196,5.3582
CMP-003552,Driver IC,Propagation Delay,ns,LOT-20,127.16,17.9745,19.3121,25.7326,38.9476
CMP-003553,Logic IC,Iddq,µA,LOT-17,124.74,9.9305,10.5007,10.4922,10.8673
CMP-003554,Memory IC,Standby Current,µA,LOT-20,125.24,25.0628,27.5502,38.367,59.3136
CMP-003555,ADC,Leakage Current,µA,LOT-11,124.73,4.8997,5.0144,5.0123,5.1683
CMP-003556,Driver IC,Propagation Delay,ns,LOT-20,126.37,17.7665,18.26,18.74,18.6611
CMP-003557,Logic IC,Iddq,µA,LOT-17,126.2,9.4271,11.3602,23.1622,41.5814
CMP-003558,Memory IC,Standby Current,µA,LOT-20,126.65,25.005,25.6649,25.6042,25.9783
CMP-003559,ADC,Leakage Current,µA,LOT-16,123.65,4.5005,11.1554,5.1803,5.8361
CMP-003560,Driver IC,Propagation Delay,ns,LOT-03,123.47,18.0231,19.9067,27.0861,41.8677
CMP-003561,Logic IC,Iddq,µA,LOT-19,125.97,10.1415,10.1724,10.5208,10.7041
CMP-003562,Memory IC,Standby Current,µA,LOT-13,123.27,25.0178,27.3496,39.033,69.1232
CMP-003563,ADC,Leakage Current,µA,LOT-11,125.47,5.1988,6.6723,10.1759,17.8804
CMP-003564,Driver IC,Propagation Delay,ns,LOT-19,128.9,17.8948,19.5194,29.5425,47.3187
CMP-003565,Logic IC,Iddq,µA,LOT-09,124.48,10.1236,10.3187,10.243,10.6436
CMP-003566,Memory IC,Standby Current,µA,LOT-10,125.11,24.3759,25.1016,25.388,25.9351
CMP-003567,ADC,Leakage Current,µA,LOT-03,123.75,4.9812,5.0692,5.3638,5.4419
CMP-003568,Driver IC,Propagation Delay,ns,LOT-04,126.64,18.3353,30.647,19.3197,22.3739
CMP-003569,Logic IC,Iddq,µA,LOT-16,124.38,9.6461,9.788,10.0942,10.5648
CMP-003570,Memory IC,Standby Current,µA,LOT-17,126.56,26.0509,26.2519,27.1067,27.0945
CMP-003571,ADC,Leakage Current,µA,LOT-05,124.74,4.5473,4.8218,4.9877,5.1143
CMP-003572,Driver IC,Propagation Delay,ns,LOT-08,124.41,17.8769,20.0577,24.8639,33.1097
CMP-003573,Logic IC,Iddq,µA,LOT-04,126.54,10.3212,12.3844,21.9122,41.5935
CMP-003574,Memory IC,Standby Current,µA,LOT-17,123.5,24.7577,27.7869,37.9813,67.5907
CMP-003575,ADC,Leakage Current,µA,LOT-10,124.85,4.7606,6.3607,11.8756,22.5949
CMP-003576,Driver IC,Propagation Delay,ns,LOT-11,126.05,18.4843,19.6103,27.6584,40.0906
CMP-003577,Logic IC,Iddq,µA,LOT-19,123.26,9.7753,12.0981,18.6807,30.5511
CMP-003578,Memory IC,Standby Current,µA,LOT-06,124.62,24.8456,28.7734,38.6936,66.9956
CMP-003579,ADC,Leakage Current,µA,LOT-12,123.12,5.0387,5.245,5.2901,5.316
CMP-003580,Driver IC,Propagation Delay,ns,LOT-04,127.93,18.0507,19.9601,26.8192,42.5633
CMP-003581,Logic IC,Iddq,µA,LOT-08,123.86,9.9568,10.2475,10.7124,10.8995
CMP-003582,Memory IC,Standby Current,µA,LOT-05,125.06,25.1883,25.7438,26.1265,26.2359
CMP-003583,ADC,Leakage Current,µA,LOT-20,124.58,5.3299,5.8908,12.0385,25.4836
CMP-003584,Driver IC,Propagation Delay,ns,LOT-12,125.86,18.3691,18.8427,18.5142,18.7879
CMP-003585,Logic IC,Iddq,µA,LOT-20,123.19,10.3313,10.5711,10.7245,10.9499
CMP-003586,Memory IC,Standby Current,µA,LOT-01,128.71,25.0685,25.3674,25.545,25.7954
CMP-003587,ADC,Leakage Current,µA,LOT-01,125.21,4.9231,5.0105,5.283,5.4888
CMP-003588,Driver IC,Propagation Delay,ns,LOT-13,123.43,18.005,19.455,27.737,39.2697
CMP-003589,Logic IC,Iddq,µA,LOT-11,123.67,10.0468,13.0757,21.0354,39.388
CMP-003590,Memory IC,Standby Current,µA,LOT-12,122.59,24.6571,24.3801,24.8868,25.0226
CMP-003591,ADC,Leakage Current,µA,LOT-16,125.57,4.8462,5.8142,9.0942,15.9446
CMP-003592,Driver IC,Propagation Delay,ns,LOT-15,122.86,18.2179,18.6348,18.6562,19.2593
CMP-003593,Logic IC,Iddq,µA,LOT-05,124.72,9.5089,11.4577,20.177,38.0717
CMP-003594,Memory IC,Standby Current,µA,LOT-20,126.95,25.0016,27.1482,37.6401,74.895
CMP-003595,ADC,Leakage Current,µA,LOT-10,124.91,4.6609,4.7714,4.8117,4.984
CMP-003596,Driver IC,Propagation Delay,ns,LOT-20,128.55,17.9562,18.0756,18.2491,18.006
CMP-003597,Logic IC,Iddq,µA,LOT-17,126.49,10.2162,12.0137,20.1538,36.9603
CMP-003598,Memory IC,Standby Current,µA,LOT-03,124.96,25.2366,27.0,37.9793,63.3086
CMP-003599,ADC,Leakage Current,µA,LOT-12,126.03,5.4863,5.6125,5.837,5.9358
CMP-003600,Driver IC,Propagation Delay,ns,LOT-06,122.92,17.9902,18.7164,18.6166,19.1092
CMP-003601,Logic IC,Iddq,µA,LOT-15,124.29,10.0033,10.9916,17.5911,41.1302
CMP-003602,Memory IC,Standby Current,µA,LOT-09,127.35,25.0937,25.9556,26.0872,26.6444
CMP-003603,ADC,Leakage Current,µA,LOT-12,125.65,5.3636,5.5224,5.7014,6.0501
CMP-003604,Driver IC,Propagation Delay,ns,LOT-12,124.4,18.0542,25.8009,19.0524,21.1191
CMP-003605,Logic IC,Iddq,µA,LOT-02,120.85,9.8988,10.4413,10.8705,11.0423
CMP-003606,Memory IC,Standby Current,µA,LOT-18,126.96,24.6903,25.4873,26.4216,26.6765
CMP-003607,ADC,Leakage Current,µA,LOT-12,129.31,5.4106,5.4593,5.6463,5.7978
CMP-003608,Driver IC,Propagation Delay,ns,LOT-03,125.79,17.9337,18.1117,18.1298,18.7446
CMP-003609,Logic IC,Iddq,µA,LOT-10,124.12,9.872,10.7639,23.2633,47.8224
CMP-003610,Memory IC,Standby Current,µA,LOT-03,125.54,24.5608,24.9306,25.0398,25.4759
CMP-003611,ADC,Leakage Current,µA,LOT-14,121.61,5.2415,5.455,5.6336,5.7382
CMP-003612,Driver IC,Propagation Delay,ns,LOT-20,124.43,18.8397,19.9983,29.5002,47.6739
CMP-003613,Logic IC,Iddq,µA,LOT-06,127.4,10.0371,10.3208,10.5136,10.9712
CMP-003614,Memory IC,Standby Current,µA,LOT-12,125.78,25.5179,25.8318,26.3178,26.9212
CMP-003615,ADC,Leakage Current,µA,LOT-08,122.98,4.9681,5.0842,5.1546,5.391
CMP-003616,Driver IC,Propagation Delay,ns,LOT-08,124.48,17.7706,18.7872,23.7693,38.7296
CMP-003617,Logic IC,Iddq,µA,LOT-03,125.2,9.9757,20.2339,12.4617,14.3768
CMP-003618,Memory IC,Standby Current,µA,LOT-10,127.72,25.277,26.7776,26.2391,27.3313
CMP-003619,ADC,Leakage Current,µA,LOT-12,123.58,5.2283,5.3164,5.6693,5.6974
CMP-003620,Driver IC,Propagation Delay,ns,LOT-13,123.27,18.4987,20.0239,24.7896,40.0103
CMP-003621,Logic IC,Iddq,µA,LOT-16,126.12,9.5954,9.9031,10.1918,10.4709
CMP-003622,Memory IC,Standby Current,µA,LOT-10,125.01,24.9009,24.7424,25.4753,25.6581
CMP-003623,ADC,Leakage Current,µA,LOT-12,123.1,5.2705,5.4371,5.5248,5.5617
CMP-003624,Driver IC,Propagation Delay,ns,LOT-20,125.95,17.5625,17.523,17.9253,17.8304
CMP-003625,Logic IC,Iddq,µA,LOT-11,125.51,10.0263,10.4694,10.3487,10.9368
CMP-003626,Memory IC,Standby Current,µA,LOT-05,123.9,24.3748,24.6807,25.1814,25.3028
CMP-003627,ADC,Leakage Current,µA,LOT-03,125.17,5.0578,5.2014,5.4972,5.7053
CMP-003628,Driver IC,Propagation Delay,ns,LOT-01,122.56,17.7391,27.5952,18.5195,19.8135
CMP-003629,Logic IC,Iddq,µA,LOT-13,124.98,9.7718,11.6807,17.2957,30.0133
CMP-003630,Memory IC,Standby Current,µA,LOT-01,124.87,25.8957,26.2345,26.7791,26.8617
CMP-003631,ADC,Leakage Current,µA,LOT-06,125.49,4.7252,5.6501,11.1973,22.6321
CMP-003632,Driver IC,Propagation Delay,ns,LOT-03,125.1,18.0901,18.2021,18.4207,18.6349
CMP-003633,Logic IC,Iddq,µA,LOT-11,128.25,9.5755,9.8402,10.2007,10.1405
CMP-003634,Memory IC,Standby Current,µA,LOT-18,127.89,24.2538,27.377,39.9708,76.6158
CMP-003635,ADC,Leakage Current,µA,LOT-01,124.29,5.0238,6.0065,10.7667,20.4741
CMP-003636,Driver IC,Propagation Delay,ns,LOT-07,121.7,17.3218,18.5991,26.491,36.6897
CMP-003637,Logic IC,Iddq,µA,LOT-18,123.46,9.3064,12.1081,20.7551,31.9569
CMP-003638,Memory IC,Standby Current,µA,LOT-11,124.63,24.769,25.152,25.1492,25.9693
CMP-003639,ADC,Leakage Current,µA,LOT-08,126.88,4.8908,11.3025,5.6016,6.9257
CMP-003640,Driver IC,Propagation Delay,ns,LOT-14,125.38,18.8732,32.7997,19.9312,22.1293
CMP-003641,Logic IC,Iddq,µA,LOT-09,125.21,9.8335,9.9499,10.3309,10.5765
CMP-003642,Memory IC,Standby Current,µA,LOT-04,122.75,25.2188,25.3322,25.4852,26.6647
CMP-003643,ADC,Leakage Current,µA,LOT-19,127.99,5.2728,5.4459,5.4539,5.7011
CMP-003644,Driver IC,Propagation Delay,ns,LOT-19,126.04,17.5912,18.6502,27.9684,45.9241
CMP-003645,Logic IC,Iddq,µA,LOT-18,124.55,9.62,11.7766,20.0557,36.2272
CMP-003646,Memory IC,Standby Current,µA,LOT-03,126.21,24.9973,25.1326,25.9774,26.1223
CMP-003647,ADC,Leakage Current,µA,LOT-17,123.92,4.9072,5.074,5.2735,5.2916
CMP-003648,Driver IC,Propagation Delay,ns,LOT-10,126.71,17.772,17.6672,17.9632,18.1179
CMP-003649,Logic IC,Iddq,µA,LOT-15,125.35,10.0034,10.0275,10.4574,10.5679
CMP-003650,Memory IC,Standby Current,µA,LOT-19,126.17,24.9165,25.8845,26.0292,26.101
CMP-003651,ADC,Leakage Current,µA,LOT-02,124.95,4.8547,4.8963,5.0951,5.217
CMP-003652,Driver IC,Propagation Delay,ns,LOT-12,123.3,18.3119,18.4906,18.6507,18.9764
CMP-003653,Logic IC,Iddq,µA,LOT-07,125.64,9.4606,9.947,10.0973,10.1105
CMP-003654,Memory IC,Standby Current,µA,LOT-12,125.19,26.6062,28.7798,46.0503,76.6336
CMP-003655,ADC,Leakage Current,µA,LOT-18,124.41,4.809,4.924,5.0804,5.282
CMP-003656,Driver IC,Propagation Delay,ns,LOT-05,126.46,17.8092,17.8562,18.2956,18.609
CMP-003657,Logic IC,Iddq,µA,LOT-19,125.87,9.5857,9.7934,10.1461,10.1525
CMP-003658,Memory IC,Standby Current,µA,LOT-13,121.59,25.2053,28.6975,41.7061,64.9411
CMP-003659,ADC,Leakage Current,µA,LOT-11,126.58,5.3165,6.9585,11.9203,19.8843
CMP-003660,Driver IC,Propagation Delay,ns,LOT-07,123.25,18.0672,18.0696,18.4601,18.857
CMP-003661,Logic IC,Iddq,µA,LOT-05,126.46,9.6667,11.277,18.3041,34.3042
CMP-003662,Memory IC,Standby Current,µA,LOT-05,127.27,24.0389,24.2348,24.4691,25.2911
CMP-003663,ADC,Leakage Current,µA,LOT-11,124.08,4.9211,6.652,10.5769,18.2913
CMP-003664,Driver IC,Propagation Delay,ns,LOT-15,124.03,17.9022,30.3985,20.1104,20.5344
CMP-003665,Logic IC,Iddq,µA,LOT-09,121.35,10.5583,13.2017,22.4141,35.7732
CMP-003666,Memory IC,Standby Current,µA,LOT-07,127.05,24.4378,24.962,25.1448,25.5157
CMP-003667,ADC,Leakage Current,µA,LOT-05,124.47,4.6698,5.7413,10.4227,19.8502
CMP-003668,Driver IC,Propagation Delay,ns,LOT-01,126.61,18.2069,26.5717,18.4769,20.9578
CMP-003669,Logic IC,Iddq,µA,LOT-01,125.73,9.8891,10.318,10.527,11.049
CMP-003670,Memory IC,Standby Current,µA,LOT-09,123.55,24.6828,25.481,25.8081,26.4427
CMP-003671,ADC,Leakage Current,µA,LOT-18,122.82,4.4239,5.2916,11.7033,23.6569
CMP-003672,Driver IC,Propagation Delay,ns,LOT-11,122.41,18.0875,19.8341,25.4863,37.2883
CMP-003673,Logic IC,Iddq,µA,LOT-17,125.67,9.6133,12.5684,19.9695,31.228
CMP-003674,Memory IC,Standby Current,µA,LOT-07,124.12,26.4295,27.4521,27.4539,27.9781
CMP-003675,ADC,Leakage Current,µA,LOT-10,127.51,4.9665,5.9462,11.8132,23.3419
CMP-003676,Driver IC,Propagation Delay,ns,LOT-10,123.73,18.5707,18.721,18.7574,19.0303
CMP-003677,Logic IC,Iddq,µA,LOT-08,126.41,9.8918,10.0023,10.2262,10.4405
CMP-003678,Memory IC,Standby Current,µA,LOT-11,121.37,24.7181,47.3204,28.173,33.0858
CMP-003679,ADC,Leakage Current,µA,LOT-17,124.37,5.216,10.1596,6.5435,8.6277
CMP-003680,Driver IC,Propagation Delay,ns,LOT-20,125.28,18.2537,18.5197,18.7929,18.8677
CMP-003681,Logic IC,Iddq,µA,LOT-08,124.78,10.0937,11.446,19.714,34.9
CMP-003682,Memory IC,Standby Current,µA,LOT-01,125.85,25.0563,25.3147,24.803,25.6933
CMP-003683,ADC,Leakage Current,µA,LOT-11,123.38,5.1713,5.2117,5.3861,5.8284
CMP-003684,Driver IC,Propagation Delay,ns,LOT-15,125.01,18.1761,18.2501,18.3897,18.5421
CMP-003685,Logic IC,Iddq,µA,LOT-13,125.4,10.1591,10.5055,10.62,11.1349
CMP-003686,Memory IC,Standby Current,µA,LOT-20,126.81,25.1356,25.2799,25.5587,25.697
CMP-003687,ADC,Leakage Current,µA,LOT-01,126.66,5.0983,6.7421,11.1995,19.3525
CMP-003688,Driver IC,Propagation Delay,ns,LOT-11,127.1,18.1661,18.5523,18.1501,18.4964
CMP-003689,Logic IC,Iddq,µA,LOT-02,123.76,9.5604,9.8967,10.1208,10.1751
CMP-003690,Memory IC,Standby Current,µA,LOT-15,126.46,24.9224,26.3603,43.9684,73.9219
CMP-003691,ADC,Leakage Current,µA,LOT-02,126.43,4.6871,4.7166,4.8172,4.7596
CMP-003692,Driver IC,Propagation Delay,ns,LOT-03,125.36,18.0124,30.7498,19.8123,21.5098
CMP-003693,Logic IC,Iddq,µA,LOT-03,125.05,10.4935,12.4193,17.7926,37.2425
CMP-003694,Memory IC,Standby Current,µA,LOT-02,126.9,25.2943,26.4744,45.9042,82.633
CMP-003695,ADC,Leakage Current,µA,LOT-07,124.17,4.9217,5.2253,5.2535,5.3108
CMP-003696,Driver IC,Propagation Delay,ns,LOT-13,125.05,18.3002,18.928,27.1736,40.7547
CMP-003697,Logic IC,Iddq,µA,LOT-05,124.07,9.7923,10.0811,10.2468,10.3985
CMP-003698,Memory IC,Standby Current,µA,LOT-16,124.55,25.0551,25.2301,26.3139,26.4048
CMP-003699,ADC,Leakage Current,µA,LOT-03,122.07,5.1748,6.1622,11.6511,24.0662
CMP-003700,Driver IC,Propagation Delay,ns,LOT-08,124.6,16.9858,18.4843,26.2942,39.5855
CMP-003701,Logic IC,Iddq,µA,LOT-16,124.75,10.3108,12.0415,18.2316,28.3933
CMP-003702,Memory IC,Standby Current,µA,LOT-16,126.43,24.0599,24.6175,25.1142,25.6029
CMP-003703,ADC,Leakage Current,µA,LOT-08,124.1,4.9026,5.051,5.1488,5.3047
CMP-003704,Driver IC,Propagation Delay,ns,LOT-18,125.55,17.4578,19.4108,26.6767,37.2198
CMP-003705,Logic IC,Iddq,µA,LOT-19,125.07,10.0042,10.1131,10.5541,10.6107
CMP-003706,Memory IC,Standby Current,µA,LOT-20,125.03,24.2236,24.6979,25.0451,25.8582
CMP-003707,ADC,Leakage Current,µA,LOT-03,124.25,5.0644,5.1861,5.3101,5.4429
CMP-003708,Driver IC,Propagation Delay,ns,LOT-14,126.45,19.0431,19.7886,25.9553,42.1027
CMP-003709,Logic IC,Iddq,µA,LOT-17,122.89,10.1351,10.4529,10.4731,10.5347
CMP-003710,Memory IC,Standby Current,µA,LOT-09,125.7,23.8982,28.2024,37.4435,59.0163
CMP-003711,ADC,Leakage Current,µA,LOT-14,123.59,5.2298,5.3853,5.5058,5.7037
CMP-003712,Driver IC,Propagation Delay,ns,LOT-20,124.07,19.0611,19.2409,18.9289,18.7953
CMP-003713,Logic IC,Iddq,µA,LOT-02,127.85,10.4216,12.3544,22.3825,41.442
CMP-003714,Memory IC,Standby Current,µA,LOT-01,123.7,25.5013,26.3823,26.4012,27.228
CMP-003715,ADC,Leakage Current,µA,LOT-09,123.47,4.9482,5.2947,5.3476,5.4417
CMP-003716,Driver IC,Propagation Delay,ns,LOT-13,126.52,17.4111,19.7529,26.7431,41.7107
CMP-003717,Logic IC,Iddq,µA,LOT-16,123.27,10.0695,10.566,10.6658,11.0924
CMP-003718,Memory IC,Standby Current,µA,LOT-03,126.74,25.6776,42.3797,29.4783,33.6899
CMP-003719,ADC,Leakage Current,µA,LOT-19,124.98,5.2517,10.2047,6.7021,8.2705
CMP-003720,Driver IC,Propagation Delay,ns,LOT-13,127.54,17.6344,18.149,27.2642,40.009
CMP-003721,Logic IC,Iddq,µA,LOT-04,125.68,10.2295,13.1233,21.2455,40.6769
CMP-003722,Memory IC,Standby Current,µA,LOT-20,123.2,25.4932,28.3505,45.1538,74.4883
CMP-003723,ADC,Leakage Current,µA,LOT-04,123.58,4.8885,5.4503,10.9966,25.1422
CMP-003724,Driver IC,Propagation Delay,ns,LOT-18,125.53,18.3491,18.5611,18.4257,19.034
CMP-003725,Logic IC,Iddq,µA,LOT-14,124.06,10.0909,10.5349,10.9668,11.0565
CMP-003726,Memory IC,Standby Current,µA,LOT-02,123.28,25.2678,43.0039,28.5049,31.4403
CMP-003727,ADC,Leakage Current,µA,LOT-02,124.74,4.7526,14.5675,6.2062,6.6036
CMP-003728,Driver IC,Propagation Delay,ns,LOT-18,125.27,17.9719,26.4704,19.2074,20.2651
CMP-003729,Logic IC,Iddq,µA,LOT-04,125.56,10.256,17.9355,12.5283,13.5141
CMP-003730,Memory IC,Standby Current,µA,LOT-10,124.71,24.4883,24.3456,25.4432,25.1051
CMP-003731,ADC,Leakage Current,µA,LOT-18,124.99,4.7761,4.8449,5.1049,5.2201
CMP-003732,Driver IC,Propagation Delay,ns,LOT-10,123.33,17.6735,18.588,27.8336,39.269
CMP-003733,Logic IC,Iddq,µA,LOT-06,125.21,9.8385,10.1517,10.344,10.5452
CMP-003734,Memory IC,Standby Current,µA,LOT-20,125.66,25.3049,26.0087,26.265,26.4086
CMP-003735,ADC,Leakage Current,µA,LOT-14,121.74,5.255,5.4047,5.5759,5.6591
CMP-003736,Driver IC,Propagation Delay,ns,LOT-17,126.69,17.3868,17.6001,17.6345,17.9877
CMP-003737,Logic IC,Iddq,µA,LOT-17,121.78,9.9492,10.9392,21.2649,42.4163
CMP-003738,Memory IC,Standby Current,µA,LOT-07,125.05,23.6066,27.3666,45.683,80.3305
CMP-003739,ADC,Leakage Current,µA,LOT-15,124.57,5.1034,5.2024,5.3815,5.6292
CMP-003740,Driver IC,Propagation Delay,ns,LOT-07,124.34,18.3563,18.6923,18.8822,19.1378
CMP-003741,Logic IC,Iddq,µA,LOT-16,123.79,9.7748,12.388,21.4476,38.8677
CMP-003742,Memory IC,Standby Current,µA,LOT-19,124.89,24.3789,24.3767,24.6714,25.1425
CMP-003743,ADC,Leakage Current,µA,LOT-18,127.19,4.7867,6.0851,10.4232,20.064
CMP-003744,Driver IC,Propagation Delay,ns,LOT-04,121.89,17.9692,17.9718,18.3297,18.2979
CMP-003745,Logic IC,Iddq,µA,LOT-16,122.47,9.8093,10.0188,10.2915,10.5904
CMP-003746,Memory IC,Standby Current,µA,LOT-02,125.06,26.1666,26.0463,26.2844,26.5025
CMP-003747,ADC,Leakage Current,µA,LOT-05,125.67,4.615,4.8436,4.9299,5.1667
CMP-003748,Driver IC,Propagation Delay,ns,LOT-05,124.38,17.227,17.3085,17.4463,17.6432
CMP-003749,Logic IC,Iddq,µA,LOT-09,124.16,9.3637,9.7917,10.1928,10.3544
CMP-003750,Memory IC,Standby Current,µA,LOT-12,123.65,24.5626,25.39,25.6299,26.4546
CMP-003751,ADC,Leakage Current,µA,LOT-16,126.06,5.0432,5.1703,5.1997,5.473
CMP-003752,Driver IC,Propagation Delay,ns,LOT-11,125.69,17.7167,18.4527,18.493,18.7913
CMP-003753,Logic IC,Iddq,µA,LOT-02,124.69,9.7428,9.7806,10.0131,10.3615
CMP-003754,Memory IC,Standby Current,µA,LOT-13,124.06,24.6894,44.3975,27.7199,30.8607
CMP-003755,ADC,Leakage Current,µA,LOT-16,124.27,4.9701,11.0248,6.0713,6.4309
CMP-003756,Driver IC,Propagation Delay,ns,LOT-15,125.39,18.4843,18.5155,18.7198,19.0403
CMP-003757,Logic IC,Iddq,µA,LOT-06,124.97,9.8591,10.0422,10.505,10.6475
CMP-003758,Memory IC,Standby Current,µA,LOT-05,125.89,25.3542,24.6217,25.4665,25.5338
CMP-003759,ADC,Leakage Current,µA,LOT-16,126.38,4.9327,13.2537,5.8517,6.8878
CMP-003760,Driver IC,Propagation Delay,ns,LOT-17,124.35,18.415,19.9529,25.4891,38.5527
CMP-003761,Logic IC,Iddq,µA,LOT-10,123.96,9.7006,9.8601,9.9675,10.1586
CMP-003762,Memory IC,Standby Current,µA,LOT-12,127.82,25.1727,26.2691,26.2965,26.3223
CMP-003763,ADC,Leakage Current,µA,LOT-17,124.94,5.2221,5.249,5.4005,5.6116
CMP-003764,Driver IC,Propagation Delay,ns,LOT-16,125.86,18.2124,19.7743,24.563,33.1654
CMP-003765,Logic IC,Iddq,µA,LOT-01,125.83,10.1102,11.84,19.9623,44.1404
CMP-003766,Memory IC,Standby Current,µA,LOT-17,125.65,25.3763,25.4865,25.8836,25.823
CMP-003767,ADC,Leakage Current,µA,LOT-08,123.01,5.0052,5.173,5.3071,5.4316
CMP-003768,Driver IC,Propagation Delay,ns,LOT-10,124.09,18.361,18.9139,19.2499,19.2564
CMP-003769,Logic IC,Iddq,µA,LOT-14,128.36,10.6106,11.8552,23.8885,36.9351
CMP-003770,Memory IC,Standby Current,µA,LOT-11,125.13,24.644,26.9547,46.8183,82.5571
CMP-003771,ADC,Leakage Current,µA,LOT-10,125.36,4.7437,4.9899,5.2187,5.2665
CMP-003772,Driver IC,Propagation Delay,ns,LOT-14,126.5,17.6817,19.0563,27.4451,46.6586
CMP-003773,Logic IC,Iddq,µA,LOT-03,127.41,9.9605,11.8423,19.1747,41.2576
CMP-003774,Memory IC,Standby Current,µA,LOT-16,125.49,25.113,25.586,25.7909,26.3786
CMP-003775,ADC,Leakage Current,µA,LOT-09,128.04,5.0648,6.6683,9.8554,17.9714
CMP-003776,Driver IC,Propagation Delay,ns,LOT-07,124.06,17.6687,24.7831,18.2743,19.6842
CMP-003777,Logic IC,Iddq,µA,LOT-06,122.46,10.2246,11.3444,22.3295,37.8946
CMP-003778,Memory IC,Standby Current,µA,LOT-18,125.39,25.1876,25.3812,26.3523,25.9205
CMP-003779,ADC,Leakage Current,µA,LOT-04,123.46,5.0499,6.289,11.1616,19.2486
CMP-003780,Driver IC,Propagation Delay,ns,LOT-04,123.18,17.9306,18.6143,18.7345,18.6937
CMP-003781,Logic IC,Iddq,µA,LOT-01,126.9,9.5057,9.8522,10.1228,10.2765
CMP-003782,Memory IC,Standby Current,µA,LOT-20,125.62,25.0702,25.7828,25.4904,26.2898
CMP-003783,ADC,Leakage Current,µA,LOT-15,123.99,5.3258,13.7096,5.9971,7.691
CMP-003784,Driver IC,Propagation Delay,ns,LOT-17,126.05,17.3992,17.9228,18.0505,18.007
CMP-003785,Logic IC,Iddq,µA,LOT-05,125.96,9.9856,9.9919,10.2404,10.6455
CMP-003786,Memory IC,Standby Current,µA,LOT-04,122.97,24.7973,25.5754,25.424,25.655
CMP-003787,ADC,Leakage Current,µA,LOT-07,124.52,5.0556,5.262,5.3843,5.5197
CMP-003788,Driver IC,Propagation Delay,ns,LOT-16,125.41,17.5849,27.7969,19.1982,20.8269
CMP-003789,Logic IC,Iddq,µA,LOT-06,124.73,10.0921,18.3663,12.3783,14.0748
CMP-003790,Memory IC,Standby Current,µA,LOT-20,124.49,24.9618,25.6874,26.0101,26.4394
CMP-003791,ADC,Leakage Current,µA,LOT-05,125.02,4.6493,5.3042,10.9844,22.8832
CMP-003792,Driver IC,Propagation Delay,ns,LOT-11,124.2,17.7056,18.0786,18.2027,18.2585
CMP-003793,Logic IC,Iddq,µA,LOT-05,123.01,9.6411,9.9245,10.2906,10.5279
CMP-003794,Memory IC,Standby Current,µA,LOT-13,126.4,25.5213,25.8456,26.1517,26.2616
CMP-003795,ADC,Leakage Current,µA,LOT-19,123.02,5.1583,5.361,5.5383,5.699
CMP-003796,Driver IC,Propagation Delay,ns,LOT-16,124.48,17.7827,18.2791,18.4085,18.234
CMP-003797,Logic IC,Iddq,µA,LOT-02,126.03,9.1154,11.2561,19.6177,35.831
CMP-003798,Memory IC,Standby Current,µA,LOT-09,125.34,24.7964,26.9923,43.8832,75.0318
CMP-003799,ADC,Leakage Current,µA,LOT-08,127.11,5.1242,6.6137,10.0605,20.2824
CMP-003800,Driver IC,Propagation Delay,ns,LOT-14,124.64,18.6268,18.5756,19.0969,19.1505
CMP-003801,Logic IC,Iddq,µA,LOT-04,123.82,10.1405,10.4269,10.5377,10.6667
CMP-003802,Memory IC,Standby Current,µA,LOT-09,124.7,24.583,47.3249,26.5385,31.824
CMP-003803,ADC,Leakage Current,µA,LOT-15,123.61,5.0664,5.0727,5.2426,5.383
CMP-003804,Driver IC,Propagation Delay,ns,LOT-16,122.44,18.262,18.5736,18.5094,18.4918
CMP-003805,Logic IC,Iddq,µA,LOT-02,123.13,9.491,9.6047,9.7659,10.1256
CMP-003806,Memory IC,Standby Current,µA,LOT-12,125.25,24.7294,25.2228,26.2855,25.9379
CMP-003807,ADC,Leakage Current,µA,LOT-10,121.9,4.6205,11.6562,6.0856,8.2268
CMP-003808,Driver IC,Propagation Delay,ns,LOT-09,125.72,18.5413,26.7541,20.7221,22.8786
CMP-003809,Logic IC,Iddq,µA,LOT-13,124.79,9.996,10.4043,10.4452,10.846
CMP-003810,Memory IC,Standby Current,µA,LOT-08,122.69,24.6688,24.7099,25.2901,25.7838
CMP-003811,ADC,Leakage Current,µA,LOT-18,124.13,4.8738,5.1211,5.3334,5.3084
CMP-003812,Driver IC,Propagation Delay,ns,LOT-14,122.84,17.8318,17.7869,18.2051,18.1398
CMP-003813,Logic IC,Iddq,µA,LOT-01,123.32,10.7215,10.6088,11.245,11.5141
CMP-003814,Memory IC,Standby Current,µA,LOT-08,126.1,25.5105,27.5923,41.7823,70.5561
CMP-003815,ADC,Leakage Current,µA,LOT-13,122.69,4.98,5.1312,5.2632,5.4018
CMP-003816,Driver IC,Propagation Delay,ns,LOT-08,123.1,17.8744,19.001,24.9525,42.9421
CMP-003817,Logic IC,Iddq,µA,LOT-19,121.94,9.9679,12.0735,20.3325,31.1398
CMP-003818,Memory IC,Standby Current,µA,LOT-13,125.71,26.513,26.584,27.0448,26.9864
CMP-003819,ADC,Leakage Current,µA,LOT-17,125.92,4.9663,6.3737,12.1642,22.294
CMP-003820,Driver IC,Propagation Delay,ns,LOT-09,124.25,18.3442,18.2887,19.0218,18.8794
CMP-003821,Logic IC,Iddq,µA,LOT-03,123.12,9.9716,12.6531,21.1498,31.8038
CMP-003822,Memory IC,Standby Current,µA,LOT-01,126.54,25.8848,26.2074,27.1198,27.2339
CMP-003823,ADC,Leakage Current,µA,LOT-03,124.56,5.0683,5.1959,5.382,5.621
CMP-003824,Driver IC,Propagation Delay,ns,LOT-14,123.38,17.7289,19.7228,24.7886,37.2282
CMP-003825,Logic IC,Iddq,µA,LOT-05,124.88,9.6877,11.4495,16.4891,29.8746
CMP-003826,Memory IC,Standby Current,µA,LOT-11,125.13,24.9714,46.4152,26.4757,28.4119
CMP-003827,ADC,Leakage Current,µA,LOT-18,124.55,4.4858,5.412,9.9028,17.5076
CMP-003828,Driver IC,Propagation Delay,ns,LOT-13,124.89,18.0874,30.7342,19.7959,22.5164
CMP-003829,Logic IC,Iddq,µA,LOT-16,124.81,9.807,11.7967,18.4574,36.485
CMP-003830,Memory IC,Standby Current,µA,LOT-18,123.52,25.588,29.3583,41.7808,66.6428
CMP-003831,ADC,Leakage Current,µA,LOT-18,127.66,4.7457,6.2952,12.4159,21.0677
CMP-003832,Driver IC,Propagation Delay,ns,LOT-08,123.11,17.551,23.913,19.2182,19.8726
CMP-003833,Logic IC,Iddq,µA,LOT-15,125.78,9.6526,26.2681,10.8325,13.0253
CMP-003834,Memory IC,Standby Current,µA,LOT-11,126.74,25.1269,25.7779,25.2685,26.2274
CMP-003835,ADC,Leakage Current,µA,LOT-08,124.92,4.9862,5.115,5.2027,5.4975
CMP-003836,Driver IC,Propagation Delay,ns,LOT-14,126.23,18.0258,26.8741,20.2106,21.7221
CMP-003837,Logic IC,Iddq,µA,LOT-15,127.55,9.8274,9.9874,10.6657,10.5938
CMP-003838,Memory IC,Standby Current,µA,LOT-08,125.18,25.5436,26.2147,26.584,26.7924
CMP-003839,ADC,Leakage Current,µA,LOT-19,128.05,5.2188,12.6375,5.9649,6.9329
CMP-003840,Driver IC,Propagation Delay,ns,LOT-08,126.27,16.9662,23.9096,17.8764,21.0887
CMP-003841,Logic IC,Iddq,µA,LOT-17,125.88,10.2175,12.3728,21.0227,33.9817
CMP-003842,Memory IC,Standby Current,µA,LOT-16,124.04,23.9977,25.8672,41.8103,62.4716
CMP-003843,ADC,Leakage Current,µA,LOT-03,126.25,4.8524,12.3003,5.7203,7.3839
CMP-003844,Driver IC,Propagation Delay,ns,LOT-03,126.93,18.1694,18.822,18.7723,18.9094
CMP-003845,Logic IC,Iddq,µA,LOT-03,126.4,10.2851,10.4312,10.3054,11.0093
CMP-003846,Memory IC,Standby Current,µA,LOT-18,126.33,24.9604,28.2666,38.1689,64.0874
CMP-003847,ADC,Leakage Current,µA,LOT-19,127.25,5.0765,5.2108,5.3788,5.7006
CMP-003848,Driver IC,Propagation Delay,ns,LOT-20,125.32,17.8389,19.4259,23.224,39.3307
CMP-003849,Logic IC,Iddq,µA,LOT-08,125.04,9.9739,10.1868,10.4576,10.9251
CMP-003850,Memory IC,Standby Current,µA,LOT-15,125.95,25.5219,29.516,42.8575,67.2302
CMP-003851,ADC,Leakage Current,µA,LOT-15,126.7,5.1086,6.1401,11.2275,17.6088
CMP-003852,Driver IC,Propagation Delay,ns,LOT-10,126.95,17.6985,19.6675,24.4702,37.1529
CMP-003853,Logic IC,Iddq,µA,LOT-10,125.72,9.3452,11.0102,18.5712,32.5335
CMP-003854,Memory IC,Standby Current,µA,LOT-05,125.43,24.0574,27.2311,41.5396,76.8249
CMP-003855,ADC,Leakage Current,µA,LOT-20,122.97,5.0848,6.6827,11.685,19.4907
CMP-003856,Driver IC,Propagation Delay,ns,LOT-01,125.62,17.8732,19.2968,28.5592,39.2653
CMP-003857,Logic IC,Iddq,µA,LOT-08,127.31,9.9856,10.3067,10.6397,10.9003
CMP-003858,Memory IC,Standby Current,µA,LOT-06,124.63,24.4298,24.9703,25.3877,25.6138
CMP-003859,ADC,Leakage Current,µA,LOT-06,124.12,4.6576,4.8164,4.9748,5.1369
CMP-003860,Driver IC,Propagation Delay,ns,LOT-02,126.18,17.733,17.361,17.7262,18.0049
CMP-003861,Logic IC,Iddq,µA,LOT-14,122.99,9.8817,10.3107,10.6956,11.1184
CMP-003862,Memory IC,Standby Current,µA,LOT-16,125.58,24.8452,27.1973,42.6757,79.4439
CMP-003863,ADC,Leakage Current,µA,LOT-12,124.1,4.7821,4.8984,4.9222,5.1365
CMP-003864,Driver IC,Propagation Delay,ns,LOT-11,124.18,17.6004,19.7171,23.5775,34.3918
CMP-003865,Logic IC,Iddq,µA,LOT-10,126.95,10.1666,10.4802,10.6848,10.8426
CMP-003866,Memory IC,Standby Current,µA,LOT-10,124.83,24.3192,44.6316,28.5567,32.9327
CMP-003867,ADC,Leakage Current,µA,LOT-16,125.55,4.9303,6.3918,10.1253,19.6517
CMP-003868,Driver IC,Propagation Delay,ns,LOT-01,125.32,17.6714,17.7912,18.3648,18.6607
CMP-003869,Logic IC,Iddq,µA,LOT-20,126.77,9.9328,11.7675,18.2117,39.4918
CMP-003870,Memory IC,Standby Current,µA,LOT-19,125.89,24.6108,48.0667,28.2525,29.4788
CMP-003871,ADC,Leakage Current,µA,LOT-17,124.5,4.9944,5.1708,5.3429,5.3847
CMP-003872,Driver IC,Propagation Delay,ns,LOT-07,125.68,18.2487,19.2222,27.4461,39.3388
CMP-003873,Logic IC,Iddq,µA,LOT-09,125.34,10.4081,11.644,21.6983,38.5566
CMP-003874,Memory IC,Standby Current,µA,LOT-15,123.15,24.5362,25.0794,25.5126,25.8988
CMP-003875,ADC,Leakage Current,µA,LOT-01,124.13,4.8574,13.9662,5.9803,7.4526
CMP-003876,Driver IC,Propagation Delay,ns,LOT-17,125.1,18.1774,18.266,18.4575,18.5219
CMP-003877,Logic IC,Iddq,µA,LOT-15,125.36,10.3907,10.6377,10.9091,11.2051
CMP-003878,Memory IC,Standby Current,µA,LOT-18,124.05,24.0659,49.5501,27.1592,33.4846
CMP-003879,ADC,Leakage Current,µA,LOT-09,125.25,4.7331,14.6235,5.1848,6.7592
CMP-003880,Driver IC,Propagation Delay,ns,LOT-09,123.18,18.3956,18.5832,18.7013,18.8205
CMP-003881,Logic IC,Iddq,µA,LOT-05,124.5,9.3023,9.2899,9.5989,9.9713
CMP-003882,Memory IC,Standby Current,µA,LOT-09,126.97,24.945,26.0962,25.7196,26.494
CMP-003883,ADC,Leakage Current,µA,LOT-17,125.63,4.9913,5.0781,5.3112,5.6019
CMP-003884,Driver IC,Propagation Delay,ns,LOT-08,122.37,17.6435,19.7766,26.2715,37.2376
CMP-003885,Logic IC,Iddq,µA,LOT-12,124.24,10.8564,21.7166,12.1026,15.8507
CMP-003886,Memory IC,Standby Current,µA,LOT-18,125.13,25.0018,25.2704,25.0582,25.699
CMP-003887,ADC,Leakage Current,µA,LOT-08,122.76,4.9151,5.015,5.0843,5.3693
CMP-003888,Driver IC,Propagation Delay,ns,LOT-10,124.64,17.6974,18.1664,17.6767,18.2794
CMP-003889,Logic IC,Iddq,µA,LOT-01,121.96,10.487,12.704,20.9885,36.4374
CMP-003890,Memory IC,Standby Current,µA,LOT-19,126.58,25.7005,25.5538,26.4642,26.533
CMP-003891,ADC,Leakage Current,µA,LOT-06,124.14,4.7353,5.0274,5.2908,5.4963
CMP-003892,Driver IC,Propagation Delay,ns,LOT-08,126.45,17.8579,18.1423,18.2518,18.5417
CMP-003893,Logic IC,Iddq,µA,LOT-05,125.26,9.0138,9.2985,9.4573,9.6775
CMP-003894,Memory IC,Standby Current,µA,LOT-20,123.07,24.1073,24.5026,25.1728,26.1589
CMP-003895,ADC,Leakage Current,µA,LOT-12,125.42,5.2052,5.4067,5.6142,5.8618
CMP-003896,Driver IC,Propagation Delay,ns,LOT-16,124.98,18.1035,18.1299,18.6098,18.8111
CMP-003897,Logic IC,Iddq,µA,LOT-07,128.1,10.216,10.5565,11.0931,11.1548
CMP-003898,Memory IC,Standby Current,µA,LOT-17,124.42,24.9748,28.3694,38.9661,66.7263
CMP-003899,ADC,Leakage Current,µA,LOT-14,122.31,5.2503,5.3899,5.4994,5.7638
CMP-003900,Driver IC,Propagation Delay,ns,LOT-06,122.43,17.7989,18.4689,18.5721,18.6978
CMP-003901,Logic IC,Iddq,µA,LOT-14,122.98,10.0487,10.9391,11.2343,11.3043
CMP-003902,Memory IC,Standby Current,µA,LOT-06,125.54,24.2156,26.8291,42.1523,71.6876
CMP-003903,ADC,Leakage Current,µA,LOT-18,124.09,4.6744,4.7412,4.9255,5.0869
CMP-003904,Driver IC,Propagation Delay,ns,LOT-15,124.21,18.8555,18.699,19.1183,19.028
CMP-003905,Logic IC,Iddq,µA,LOT-17,122.0,10.1033,23.367,11.4714,14.048
CMP-003906,Memory IC,Standby Current,µA,LOT-12,124.95,24.8606,27.2075,46.6,80.7227
CMP-003907,ADC,Leakage Current,µA,LOT-07,127.55,4.9549,5.3193,5.3378,5.6441
CMP-003908,Driver IC,Propagation Delay,ns,LOT-05,126.82,17.8524,20.0416,27.1671,37.5433
CMP-003909,Logic IC,Iddq,µA,LOT-19,125.49,10.3124,10.3214,10.5243,10.8446
CMP-003910,Memory IC,Standby Current,µA,LOT-04,123.53,25.4964,25.8844,27.2733,26.6828
CMP-003911,ADC,Leakage Current,µA,LOT-01,123.04,5.0768,13.3627,5.294,6.2707
CMP-003912,Driver IC,Propagation Delay,ns,LOT-09,124.7,18.0032,20.1306,27.3395,41.1467
CMP-003913,Logic IC,Iddq,µA,LOT-01,125.87,10.0542,24.0556,12.1539,14.967
CMP-003914,Memory IC,Standby Current,µA,LOT-09,124.09,24.7445,29.956,40.7629,67.0281
CMP-003915,ADC,Leakage Current,µA,LOT-09,125.86,5.0118,6.0649,12.6505,25.1072
CMP-003916,Driver IC,Propagation Delay,ns,LOT-02,124.49,17.3518,18.9647,26.4398,38.839
CMP-003917,Logic IC,Iddq,µA,LOT-04,128.3,10.3244,10.5433,10.9358,11.0232
CMP-003918,Memory IC,Standby Current,µA,LOT-15,125.75,24.75,28.7029,40.1337,60.2178
CMP-003919,ADC,Leakage Current,µA,LOT-11,124.6,5.192,5.231,5.4917,5.6893
CMP-003920,Driver IC,Propagation Delay,ns,LOT-04,124.63,18.0146,19.0459,26.9052,35.9762
CMP-003921,Logic IC,Iddq,µA,LOT-19,125.58,10.5165,11.3412,23.3527,44.6172
CMP-003922,Memory IC,Standby Current,µA,LOT-13,123.74,25.65,27.893,41.4391,63.646
CMP-003923,ADC,Leakage Current,µA,LOT-17,124.8,4.8725,6.4901,10.2197,19.2734
CMP-003924,Driver IC,Propagation Delay,ns,LOT-05,125.97,17.8607,18.19,18.4311,18.8122
CMP-003925,Logic IC,Iddq,µA,LOT-07,121.3,10.2852,11.8464,20.7321,43.1546
CMP-003926,Memory IC,Standby Current,µA,LOT-13,125.92,25.3038,27.7132,39.0078,57.2282
CMP-003927,ADC,Leakage Current,µA,LOT-18,125.42,4.5909,12.7106,5.1748,7.3314
CMP-003928,Driver IC,Propagation Delay,ns,LOT-20,124.31,17.8684,17.8571,18.2274,18.0221
CMP-003929,Logic IC,Iddq,µA,LOT-08,123.7,10.0133,10.0756,10.3835,10.7687
CMP-003930,Memory IC,Standby Current,µA,LOT-16,124.74,24.8816,25.17,26.0887,26.9146
CMP-003931,ADC,Leakage Current,µA,LOT-02,124.26,4.8503,5.013,5.2166,5.2936
CMP-003932,Driver IC,Propagation Delay,ns,LOT-17,124.14,17.5306,24.3984,19.5772,20.5713
CMP-003933,Logic IC,Iddq,µA,LOT-14,127.39,9.9348,26.5768,10.8479,12.1212
CMP-003934,Memory IC,Standby Current,µA,LOT-15,124.53,24.8352,26.1807,38.9523,65.8329
CMP-003935,ADC,Leakage Current,µA,LOT-09,122.63,5.1817,5.2624,5.4034,5.4933
CMP-003936,Driver IC,Propagation Delay,ns,LOT-07,126.18,18.1473,20.1561,25.6165,35.6514
CMP-003937,Logic IC,Iddq,µA,LOT-09,125.78,9.9885,10.1436,10.6306,10.4054
CMP-003938,Memory IC,Standby Current,µA,LOT-19,124.81,26.5019,27.3355,27.4375,27.732
CMP-003939,ADC,Leakage Current,µA,LOT-11,127.63,5.0887,5.2833,5.2766,5.3714
CMP-003940,Driver IC,Propagation Delay,ns,LOT-07,122.71,18.281,18.7425,18.5007,18.5613
CMP-003941,Logic IC,Iddq,µA,LOT-09,122.61,10.4812,25.3057,12.1324,13.4908
CMP-003942,Memory IC,Standby Current,µA,LOT-09,125.21,24.9414,25.3873,25.5366,25.7377
CMP-003943,ADC,Leakage Current,µA,LOT-14,124.53,5.2242,12.4384,5.7476,6.7193
CMP-003944,Driver IC,Propagation Delay,ns,LOT-05,124.77,17.7268,19.213,28.3467,44.4719
CMP-003945,Logic IC,Iddq,µA,LOT-18,123.38,9.5824,10.7874,23.0893,43.6132
CMP-003946,Memory IC,Standby Current,µA,LOT-01,125.54,25.6439,26.17,26.5815,26.9503
CMP-003947,ADC,Leakage Current,µA,LOT-05,125.12,4.5736,5.6151,12.0177,19.6364
CMP-003948,Driver IC,Propagation Delay,ns,LOT-13,126.41,18.0219,17.9415,18.835,19.0505
CMP-003949,Logic IC,Iddq,µA,LOT-18,124.43,10.1813,10.5091,10.629,10.8422
CMP-003950,Memory IC,Standby Current,µA,LOT-06,127.73,24.7994,25.5731,43.1221,64.986
CMP-003951,ADC,Leakage Current,µA,LOT-08,126.71,4.951,5.194,5.2742,5.3454
CMP-003952,Driver IC,Propagation Delay,ns,LOT-09,125.18,18.5003,18.8023,18.9335,19.3066
CMP-003953,Logic IC,Iddq,µA,LOT-14,124.63,9.7622,19.3811,11.5349,12.4921
CMP-003954,Memory IC,Standby Current,µA,LOT-08,128.08,25.0588,25.4429,25.1724,25.7302
CMP-003955,ADC,Leakage Current,µA,LOT-15,125.41,5.2516,5.4354,5.5034,5.6956
CMP-003956,Driver IC,Propagation Delay,ns,LOT-03,127.04,17.884,20.0255,27.4995,38.3748
CMP-003957,Logic IC,Iddq,µA,LOT-01,126.84,9.4456,9.7623,9.8507,10.2749
CMP-003958,Memory IC,Standby Current,µA,LOT-20,125.97,25.8956,47.7349,26.695,28.2596
CMP-003959,ADC,Leakage Current,µA,LOT-16,123.2,4.7766,6.0802,11.8236,18.9506
CMP-003960,Driver IC,Propagation Delay,ns,LOT-16,127.1,17.2842,23.4646,19.3741,21.1591
CMP-003961,Logic IC,Iddq,µA,LOT-14,124.82,10.1721,11.8085,22.8821,45.3058
CMP-003962,Memory IC,Standby Current,µA,LOT-04,123.27,25.7494,26.2166,27.0314,26.7455
CMP-003963,ADC,Leakage Current,µA,LOT-16,124.99,4.7259,4.8517,5.096,5.1582
CMP-003964,Driver IC,Propagation Delay,ns,LOT-08,124.99,17.8535,18.5438,18.2177,18.2858
CMP-003965,Logic IC,Iddq,µA,LOT-13,123.19,10.0817,10.3523,10.3309,10.89
CMP-003966,Memory IC,Standby Current,µA,LOT-15,126.49,25.5065,25.6134,25.8319,25.952
CMP-003967,ADC,Leakage Current,µA,LOT-07,122.88,5.5199,5.5458,5.6697,5.7992
CMP-003968,Driver IC,Propagation Delay,ns,LOT-09,122.99,18.3094,25.1764,20.0235,21.2878
CMP-003969,Logic IC,Iddq,µA,LOT-03,125.84,10.2622,10.6104,10.8207,11.0773
CMP-003970,Memory IC,Standby Current,µA,LOT-14,124.55,25.5659,27.5678,42.2184,67.7955
CMP-003971,ADC,Leakage Current,µA,LOT-17,126.8,5.1722,5.1456,5.2649,5.3841
CMP-003972,Driver IC,Propagation Delay,ns,LOT-05,127.37,17.1123,17.7876,17.5027,17.9762
CMP-003973,Logic IC,Iddq,µA,LOT-12,125.0,10.1988,10.4103,10.7635,11.1432
CMP-003974,Memory IC,Standby Current,µA,LOT-09,124.38,24.2661,25.4071,25.5493,25.7592
CMP-003975,ADC,Leakage Current,µA,LOT-20,124.72,4.9194,5.1285,5.1296,5.2869
CMP-003976,Driver IC,Propagation Delay,ns,LOT-16,123.29,17.4391,17.7492,17.9239,17.9839
CMP-003977,Logic IC,Iddq,µA,LOT-13,122.81,10.4614,10.7623,11.1108,11.6991
CMP-003978,Memory IC,Standby Current,µA,LOT-18,121.22,25.5502,41.7519,28.8893,30.193
CMP-003979,ADC,Leakage Current,µA,LOT-02,124.32,4.4483,4.5585,4.6611,4.7503
CMP-003980,Driver IC,Propagation Delay,ns,LOT-01,125.95,16.8208,28.8812,17.6732,20.2383
CMP-003981,Logic IC,Iddq,µA,LOT-11,124.27,10.078,10.5455,10.8117,10.9103
CMP-003982,Memory IC,Standby Current,µA,LOT-15,125.23,24.8466,27.3139,40.3154,74.0209
CMP-003983,ADC,Leakage Current,µA,LOT-05,121.2,4.7458,4.8724,5.0173,5.243
CMP-003984,Driver IC,Propagation Delay,ns,LOT-12,124.43,18.4569,19.925,25.0492,37.8712
CMP-003985,Logic IC,Iddq,µA,LOT-08,124.93,9.6439,9.8748,10.2607,10.5181
CMP-003986,Memory IC,Standby Current,µA,LOT-06,126.19,24.0075,28.1727,43.2153,74.3766
CMP-003987,ADC,Leakage Current,µA,LOT-14,124.37,5.2141,5.4757,5.5273,5.5991
CMP-003988,Driver IC,Propagation Delay,ns,LOT-02,126.25,18.5437,29.9155,20.6814,22.8125
CMP-003989,Logic IC,Iddq,µA,LOT-15,125.81,10.2734,11.5163,22.1546,40.0808
CMP-003990,Memory IC,Standby Current,µA,LOT-15,125.73,25.4881,25.0165,25.8582,26.1058
CMP-003991,ADC,Leakage Current,µA,LOT-03,125.51,4.9482,5.9763,10.3356,22.2439
CMP-003992,Driver IC,Propagation Delay,ns,LOT-08,124.53,18.18,18.2984,18.0803,18.5896
CMP-003993,Logic IC,Iddq,µA,LOT-19,124.89,9.826,10.049,10.4598,10.3687
CMP-003994,Memory IC,Standby Current,µA,LOT-12,123.83,26.0238,26.1902,25.93,26.8532
CMP-003995,ADC,Leakage Current,µA,LOT-08,125.93,4.7396,6.0109,11.4202,17.6739
CMP-003996,Driver IC,Propagation Delay,ns,LOT-19,126.31,17.6813,25.293,19.4055,21.5553
CMP-003997,Logic IC,Iddq,µA,LOT-13,126.63,10.0872,25.16,10.8086,11.9417
CMP-003998,Memory IC,Standby Current,µA,LOT-18,126.55,26.0385,29.3771,44.7966,68.3494
CMP-003999,ADC,Leakage Current,µA,LOT-05,122.38,4.5739,4.6338,4.7425,4.912
CMP-004000,Driver IC,Propagation Delay,ns,LOT-10,124.25,17.8916,18.8301,24.6498,41.8767
CMP-004001,Logic IC,Iddq,µA,LOT-08,128.69,10.1416,12.6705,21.1711,33.0493
CMP-004002,Memory IC,Standby Current,µA,LOT-09,126.27,25.4775,26.2488,26.4001,26.5791
CMP-004003,ADC,Leakage Current,µA,LOT-01,124.29,4.9583,6.4577,11.7473,18.6357
CMP-004004,Driver IC,Propagation Delay,ns,LOT-11,126.59,18.5768,18.6567,18.9213,18.7981
CMP-004005,Logic IC,Iddq,µA,LOT-04,125.54,10.0835,11.8919,18.6059,34.6959
CMP-004006,Memory IC,Standby Current,µA,LOT-06,126.63,24.3549,37.0438,28.51,32.5532
CMP-004007,ADC,Leakage Current,µA,LOT-08,125.6,5.0583,6.3781,12.0736,20.0617
CMP-004008,Driver IC,Propagation Delay,ns,LOT-18,125.67,17.9693,19.5632,27.4488,46.12
CMP-004009,Logic IC,Iddq,µA,LOT-17,125.89,10.0696,9.9853,10.5516,11.0037
CMP-004010,Memory IC,Standby Current,µA,LOT-04,126.37,24.7578,25.2868,24.869,25.6684
CMP-004011,ADC,Leakage Current,µA,LOT-10,122.75,4.4405,4.506,4.7211,4.9872
CMP-004012,Driver IC,Propagation Delay,ns,LOT-02,124.71,18.015,27.5631,19.5618,22.1467
CMP-004013,Logic IC,Iddq,µA,LOT-03,119.67,10.5177,10.6126,11.0022,11.2106
CMP-004014,Memory IC,Standby Current,µA,LOT-15,127.3,25.003,25.0978,25.7778,26.1096
CMP-004015,ADC,Leakage Current,µA,LOT-09,123.12,5.2261,6.0753,12.5578,23.5357
CMP-004016,Driver IC,Propagation Delay,ns,LOT-10,124.59,17.4033,17.6363,17.7804,17.7107
CMP-004017,Logic IC,Iddq,µA,LOT-08,125.16,9.7805,10.0342,10.4598,10.6991
CMP-004018,Memory IC,Standby Current,µA,LOT-01,123.76,24.4836,27.841,44.4405,72.3128
CMP-004019,ADC,Leakage Current,µA,LOT-20,122.4,5.0039,6.2113,11.8834,19.8401
CMP-004020,Driver IC,Propagation Delay,ns,LOT-09,125.02,17.7639,18.9692,27.322,39.2834
CMP-004021,Logic IC,Iddq,µA,LOT-09,123.36,10.1387,12.4231,22.4209,33.7145
CMP-004022,Memory IC,Standby Current,µA,LOT-03,122.67,25.6725,25.698,26.3981,26.4077
CMP-004023,ADC,Leakage Current,µA,LOT-07,122.45,4.9083,9.7739,5.9618,6.7994
CMP-004024,Driver IC,Propagation Delay,ns,LOT-14,124.63,18.33,18.3007,18.8113,18.8971
CMP-004025,Logic IC,Iddq,µA,LOT-12,124.73,9.7493,10.3065,10.1617,10.5655
CMP-004026,Memory IC,Standby Current,µA,LOT-12,124.11,25.6195,26.1704,27.1951,27.5417
CMP-004027,ADC,Leakage Current,µA,LOT-04,126.72,4.9127,5.1456,5.29,5.4828
CMP-004028,Driver IC,Propagation Delay,ns,LOT-11,126.14,17.9754,20.0484,26.2172,36.1711
CMP-004029,Logic IC,Iddq,µA,LOT-20,124.09,9.934,10.2354,10.5787,10.4371
CMP-004030,Memory IC,Standby Current,µA,LOT-10,126.61,24.7459,25.4862,25.3871,26.4374
CMP-004031,ADC,Leakage Current,µA,LOT-05,125.22,4.4746,6.1572,10.6699,18.6195
CMP-004032,Driver IC,Propagation Delay,ns,LOT-12,124.92,17.4534,19.3435,23.7935,39.7242
CMP-004033,Logic IC,Iddq,µA,LOT-11,123.93,10.0004,27.6354,11.9928,12.9168
CMP-004034,Memory IC,Standby Current,µA,LOT-03,125.04,26.3297,29.3937,38.1092,60.9232
CMP-004035,ADC,Leakage Current,µA,LOT-04,121.57,5.0464,5.3069,5.5337,5.6519
CMP-004036,Driver IC,Propagation Delay,ns,LOT-07,124.42,18.0914,18.497,18.406,18.7994
CMP-004037,Logic IC,Iddq,µA,LOT-07,125.98,10.1098,10.4998,10.404,10.8286
CMP-004038,Memory IC,Standby Current,µA,LOT-06,123.39,24.9215,24.5844,25.5405,25.076
CMP-004039,ADC,Leakage Current,µA,LOT-13,124.84,5.1553,5.1568,5.3921,5.4906
CMP-004040,Driver IC,Propagation Delay,ns,LOT-11,126.3,17.5107,17.4436,17.8435,18.1747
CMP-004041,Logic IC,Iddq,µA,LOT-15,126.39,9.9169,10.2743,10.5471,10.8155
CMP-004042,Memory IC,Standby Current,µA,LOT-17,124.87,26.2693,26.5675,27.3809,27.6722
CMP-004043,ADC,Leakage Current,µA,LOT-09,124.8,4.9158,5.0915,5.1735,5.4124
CMP-004044,Driver IC,Propagation Delay,ns,LOT-18,126.33,18.0228,18.0878,18.3672,18.5087
CMP-004045,Logic IC,Iddq,µA,LOT-18,123.35,9.6225,9.938,9.8526,10.0897
CMP-004046,Memory IC,Standby Current,µA,LOT-13,126.63,25.773,26.3989,26.5968,27.3754
CMP-004047,ADC,Leakage Current,µA,LOT-20,127.37,4.9697,5.1551,5.3786,5.4947
CMP-004048,Driver IC,Propagation Delay,ns,LOT-11,124.18,17.7794,19.434,25.9911,37.7476
CMP-004049,Logic IC,Iddq,µA,LOT-13,125.86,9.9282,11.4977,20.1534,36.4079
CMP-004050,Memory IC,Standby Current,µA,LOT-06,126.03,25.0239,25.6,26.1675,26.3783
CMP-004051,ADC,Leakage Current,µA,LOT-10,123.31,4.665,11.7457,5.1636,6.0041
CMP-004052,Driver IC,Propagation Delay,ns,LOT-17,122.53,17.5327,26.8446,19.5796,21.1172
CMP-004053,Logic IC,Iddq,µA,LOT-13,124.29,9.9608,10.1875,10.1978,10.8938
CMP-004054,Memory IC,Standby Current,µA,LOT-17,125.21,24.249,26.4405,44.8467,72.5366
CMP-004055,ADC,Leakage Current,µA,LOT-20,122.49,5.2422,5.2906,5.5758,5.7244
CMP-004056,Driver IC,Propagation Delay,ns,LOT-16,126.18,17.6965,26.2292,18.7623,19.8697
CMP-004057,Logic IC,Iddq,µA,LOT-09,123.97,9.6896,19.1407,10.8909,11.6581
CMP-004058,Memory IC,Standby Current,µA,LOT-11,126.38,24.6525,25.1538,25.3374,26.0871
CMP-004059,ADC,Leakage Current,µA,LOT-07,126.94,5.1757,5.2212,5.3931,5.6405
CMP-004060,Driver IC,Propagation Delay,ns,LOT-14,125.91,18.3306,18.7329,18.9504,19.1258
CMP-004061,Logic IC,Iddq,µA,LOT-08,123.86,9.8036,10.9018,23.4414,46.0959
CMP-004062,Memory IC,Standby Current,µA,LOT-06,125.5,23.9138,28.4516,37.7681,69.4129
CMP-004063,ADC,Leakage Current,µA,LOT-10,124.59,4.9129,5.1835,5.1008,5.2103
CMP-004064,Driver IC,Propagation Delay,ns,LOT-16,123.92,17.9048,18.2899,18.2191,18.5881
CMP-004065,Logic IC,Iddq,µA,LOT-08,123.17,9.8979,9.9572,10.1571,10.5423
CMP-004066,Memory IC,Standby Current,µA,LOT-01,121.92,24.0032,24.9093,25.2714,25.2515
CMP-004067,ADC,Leakage Current,µA,LOT-15,127.21,4.9434,5.1012,5.2682,5.3835
CMP-004068,Driver IC,Propagation Delay,ns,LOT-01,126.6,18.4339,19.64,25.9167,44.8862
CMP-004069,Logic IC,Iddq,µA,LOT-20,126.5,9.8999,23.3734,10.6637,11.3388
CMP-004070,Memory IC,Standby Current,µA,LOT-12,125.46,26.0141,25.8898,26.3118,27.2363
CMP-004071,ADC,Leakage Current,µA,LOT-19,126.55,5.1026,5.2276,5.4845,5.5639
CMP-004072,Driver IC,Propagation Delay,ns,LOT-04,124.17,18.4189,19.6945,25.9621,37.4451
CMP-004073,Logic IC,Iddq,µA,LOT-18,124.14,9.8405,12.6847,18.113,30.958
CMP-004074,Memory IC,Standby Current,µA,LOT-10,126.63,25.0859,25.3003,26.0134,25.8097
CMP-004075,ADC,Leakage Current,µA,LOT-07,127.98,4.899,4.9166,5.0961,5.2362
CMP-004076,Driver IC,Propagation Delay,ns,LOT-14,125.74,17.9549,18.2149,18.4967,18.5871
CMP-004077,Logic IC,Iddq,µA,LOT-18,126.15,9.6771,9.7666,10.0188,10.3231
CMP-004078,Memory IC,Standby Current,µA,LOT-09,125.13,24.8453,25.4149,25.6294,26.0886
CMP-004079,ADC,Leakage Current,µA,LOT-09,124.77,4.946,11.0306,6.3103,8.3188
CMP-004080,Driver IC,Propagation Delay,ns,LOT-04,127.76,17.7625,18.9669,29.2584,39.4795
CMP-004081,Logic IC,Iddq,µA,LOT-14,124.61,10.6292,12.4845,18.5658,35.015
CMP-004082,Memory IC,Standby Current,µA,LOT-20,122.4,25.4142,26.0257,26.2238,26.8524
CMP-004083,ADC,Leakage Current,µA,LOT-06,124.37,4.8064,6.1501,11.6968,18.6137
CMP-004084,Driver IC,Propagation Delay,ns,LOT-19,125.88,17.9392,18.03,18.2042,18.6544
CMP-004085,Logic IC,Iddq,µA,LOT-07,126.04,9.8175,9.8413,10.3274,10.2819
CMP-004086,Memory IC,Standby Current,µA,LOT-02,125.66,25.3391,26.8222,42.6399,77.7846
CMP-004087,ADC,Leakage Current,µA,LOT-10,132.51,4.8711,12.7308,5.9964,8.1415
CMP-004088,Driver IC,Propagation Delay,ns,LOT-02,123.88,17.8726,18.3451,18.5734,18.9721
CMP-004089,Logic IC,Iddq,µA,LOT-05,126.05,9.2987,12.076,17.7628,30.6925
CMP-004090,Memory IC,Standby Current,µA,LOT-06,125.8,25.3825,25.7121,26.4789,26.6462
CMP-004091,ADC,Leakage Current,µA,LOT-07,122.65,5.1705,6.5905,9.5628,21.1461
CMP-004092,Driver IC,Propagation Delay,ns,LOT-11,125.64,18.7111,18.6031,18.4584,18.8878
CMP-004093,Logic IC,Iddq,µA,LOT-14,124.19,10.0877,10.5791,10.6578,10.8616
CMP-004094,Memory IC,Standby Current,µA,LOT-20,124.37,25.9815,30.7863,39.9163,57.2675
CMP-004095,ADC,Leakage Current,µA,LOT-19,125.48,5.0253,5.2463,5.3541,5.6399
CMP-004096,Driver IC,Propagation Delay,ns,LOT-07,125.11,18.1873,18.4362,18.3533,18.4604
CMP-004097,Logic IC,Iddq,µA,LOT-02,126.22,9.9198,10.2001,10.592,10.7697
CMP-004098,Memory IC,Standby Current,µA,LOT-08,124.71,25.5763,28.7354,40.5517,57.9657
CMP-004099,ADC,Leakage Current,µA,LOT-16,124.57,4.7352,4.8212,4.8272,5.0082
CMP-004100,Driver IC,Propagation Delay,ns,LOT-18,124.22,17.5747,17.8716,18.3096,18.1506
CMP-004101,Logic IC,Iddq,µA,LOT-17,126.2,10.6827,10.8441,11.0646,11.2883
CMP-004102,Memory IC,Standby Current,µA,LOT-17,122.64,25.7003,27.667,45.1141,82.9127
CMP-004103,ADC,Leakage Current,µA,LOT-19,126.26,5.257,5.2371,5.5061,5.6219
CMP-004104,Driver IC,Propagation Delay,ns,LOT-11,124.75,18.102,17.7565,18.0444,18.4607
CMP-004105,Logic IC,Iddq,µA,LOT-14,125.84,10.5543,22.3972,12.777,13.9886
CMP-004106,Memory IC,Standby Current,µA,LOT-06,124.86,24.3918,24.9,25.1183,25.9962
CMP-004107,ADC,Leakage Current,µA,LOT-09,126.15,4.9654,5.1466,5.2998,5.4014
CMP-004108,Driver IC,Propagation Delay,ns,LOT-10,125.2,18.0146,18.2686,18.2933,18.2636
CMP-004109,Logic IC,Iddq,µA,LOT-10,124.85,9.7634,12.0062,17.2203,27.104
CMP-004110,Memory IC,Standby Current,µA,LOT-03,124.11,25.4669,26.1685,26.7149,27.8034
CMP-004111,ADC,Leakage Current,µA,LOT-02,123.54,4.7328,5.366,11.3384,20.5611
CMP-004112,Driver IC,Propagation Delay,ns,LOT-16,126.74,18.0514,18.3894,18.6185,18.7479
CMP-004113,Logic IC,Iddq,µA,LOT-11,124.32,10.0268,10.1169,10.2619,10.645
CMP-004114,Memory IC,Standby Current,µA,LOT-04,125.42,24.7303,25.0786,25.8768,25.8867
CMP-004115,ADC,Leakage Current,µA,LOT-06,123.15,4.9208,5.0406,5.2617,5.3335
CMP-004116,Driver IC,Propagation Delay,ns,LOT-11,124.14,18.3545,18.6379,18.9425,19.3028
CMP-004117,Logic IC,Iddq,µA,LOT-06,125.52,9.8338,9.9305,10.3553,10.4553
CMP-004118,Memory IC,Standby Current,µA,LOT-10,126.81,23.9839,28.2769,40.8217,72.0011
CMP-004119,ADC,Leakage Current,µA,LOT-09,124.66,5.1525,5.3659,5.3749,5.5692
CMP-004120,Driver IC,Propagation Delay,ns,LOT-03,125.04,18.9289,19.5188,24.8572,41.8338
CMP-004121,Logic IC,Iddq,µA,LOT-11,127.05,10.5606,11.8592,22.5451,46.0938
CMP-004122,Memory IC,Standby Current,µA,LOT-11,126.23,25.744,28.4645,42.7482,77.0514
CMP-004123,ADC,Leakage Current,µA,LOT-12,126.2,5.2274,5.3372,5.4558,5.5989
CMP-004124,Driver IC,Propagation Delay,ns,LOT-20,126.09,18.0627,19.3714,26.0259,38.455
CMP-004125,Logic IC,Iddq,µA,LOT-10,124.73,9.9934,10.0945,10.3609,10.7113
CMP-004126,Memory IC,Standby Current,µA,LOT-02,125.98,25.0113,25.3102,25.0973,26.3993
CMP-004127,ADC,Leakage Current,µA,LOT-15,127.75,5.1319,5.2572,5.3751,5.4741
CMP-004128,Driver IC,Propagation Delay,ns,LOT-12,124.71,17.8011,18.035,18.2749,18.4752
CMP-004129,Logic IC,Iddq,µA,LOT-17,122.79,9.8211,10.1188,10.5252,10.5497
CMP-004130,Memory IC,Standby Current,µA,LOT-04,123.66,24.8166,27.0878,41.3671,64.4809
CMP-004131,ADC,Leakage Current,µA,LOT-14,121.27,5.0962,5.3478,5.4817,5.5791
CMP-004132,Driver IC,Propagation Delay,ns,LOT-19,124.21,17.6926,19.7548,24.3874,39.0242
CMP-004133,Logic IC,Iddq,µA,LOT-15,128.47,10.2213,10.1654,10.846,10.8441
CMP-004134,Memory IC,Standby Current,µA,LOT-15,123.9,25.2146,27.0199,42.7154,70.4152
CMP-004135,ADC,Leakage Current,µA,LOT-18,124.95,4.7006,5.6019,11.2018,24.5092
CMP-004136,Driver IC,Propagation Delay,ns,LOT-15,126.3,17.9646,18.056,18.0279,18.7368
CMP-004137,Logic IC,Iddq,µA,LOT-07,125.13,9.6309,23.3201,10.7522,13.9787
CMP-004138,Memory IC,Standby Current,µA,LOT-09,124.9,25.2462,24.9864,25.3115,25.9148
CMP-004139,ADC,Leakage Current,µA,LOT-10,124.9,4.637,5.7472,11.3973,25.3758
CMP-004140,Driver IC,Propagation Delay,ns,LOT-02,124.94,18.0782,17.4258,18.208,18.2615
CMP-004141,Logic IC,Iddq,µA,LOT-09,126.43,9.646,10.0794,10.2477,10.3776
CMP-004142,Memory IC,Standby Current,µA,LOT-20,127.8,24.9135,27.9283,41.4868,60.9811
CMP-004143,ADC,Leakage Current,µA,LOT-10,124.29,4.7969,4.9093,5.1295,5.2661
CMP-004144,Driver IC,Propagation Delay,ns,LOT-10,125.12,18.0644,19.7579,26.4757,36.3415
CMP-004145,Logic IC,Iddq,µA,LOT-11,123.58,9.8904,11.2481,20.74,36.3672
CMP-004146,Memory IC,Standby Current,µA,LOT-10,126.04,24.8668,27.1536,37.6096,63.2138
CMP-004147,ADC,Leakage Current,µA,LOT-01,125.72,5.0277,5.0885,5.0919,5.3026
CMP-004148,Driver IC,Propagation Delay,ns,LOT-10,125.39,17.6556,19.6965,27.1282,38.8845
CMP-004149,Logic IC,Iddq,µA,LOT-14,127.48,10.5602,13.039,20.2201,34.1565
CMP-004150,Memory IC,Standby Current,µA,LOT-01,124.01,25.6038,26.3951,26.8933,26.8566
CMP-004151,ADC,Leakage Current,µA,LOT-16,126.22,4.5256,12.3284,6.089,7.535
CMP-004152,Driver IC,Propagation Delay,ns,LOT-07,125.44,17.826,17.911,17.9968,18.5973
CMP-004153,Logic IC,Iddq,µA,LOT-08,125.69,9.6076,9.9039,10.2346,10.4689
CMP-004154,Memory IC,Standby Current,µA,LOT-12,126.37,25.6496,30.027,39.2952,59.5811
CMP-004155,ADC,Leakage Current,µA,LOT-20,126.71,5.1358,5.3066,5.3869,5.6153
CMP-004156,Driver IC,Propagation Delay,ns,LOT-05,125.27,17.8306,18.3254,18.6712,18.7312
CMP-004157,Logic IC,Iddq,µA,LOT-02,124.81,9.8901,18.6411,12.3695,15.7867
CMP-004158,Memory IC,Standby Current,µA,LOT-13,123.47,25.5336,25.7998,26.7346,26.0936
CMP-004159,ADC,Leakage Current,µA,LOT-04,123.78,5.0775,5.2866,5.3711,5.4596
CMP-004160,Driver IC,Propagation Delay,ns,LOT-09,125.63,17.4892,28.0104,18.1551,19.6894
CMP-004161,Logic IC,Iddq,µA,LOT-04,125.02,10.4618,12.3806,19.8289,30.756
CMP-004162,Memory IC,Standby Current,µA,LOT-02,124.68,24.7098,27.5588,39.2018,56.2784
CMP-004163,ADC,Leakage Current,µA,LOT-08,123.57,5.0128,5.1842,5.3625,5.613
CMP-004164,Driver IC,Propagation Delay,ns,LOT-06,126.0,17.6228,18.9533,26.9765,40.9375
CMP-004165,Logic IC,Iddq,µA,LOT-10,124.44,9.7808,9.9767,10.2709,10.3885
CMP-004166,Memory IC,Standby Current,µA,LOT-01,123.88,23.9519,24.7646,25.1232,25.0287
CMP-004167,ADC,Leakage Current,µA,LOT-05,126.78,4.6873,4.8065,4.9919,5.2251
CMP-004168,Driver IC,Propagation Delay,ns,LOT-09,127.3,18.2741,24.0676,19.0854,21.4296
CMP-004169,Logic IC,Iddq,µA,LOT-18,125.32,10.0826,11.4347,23.8879,40.1388
CMP-004170,Memory IC,Standby Current,µA,LOT-13,125.09,24.4737,24.2288,25.2187,26.1112
CMP-004171,ADC,Leakage Current,µA,LOT-03,125.87,5.1587,10.5638,5.9863,6.5731
CMP-004172,Driver IC,Propagation Delay,ns,LOT-12,126.06,18.2836,18.0454,18.1685,18.6352
CMP-004173,Logic IC,Iddq,µA,LOT-09,122.7,10.3085,10.4656,10.739,11.0014
CMP-004174,Memory IC,Standby Current,µA,LOT-19,124.9,25.0273,28.5264,39.541,68.3464
CMP-004175,ADC,Leakage Current,µA,LOT-01,126.95,4.9522,5.0845,5.3643,5.5852
CMP-004176,Driver IC,Propagation Delay,ns,LOT-05,126.18,17.9377,18.7432,18.4534,18.9522
CMP-004177,Logic IC,Iddq,µA,LOT-14,124.98,10.4226,12.5825,21.7101,38.2587
CMP-004178,Memory IC,Standby Current,µA,LOT-06,125.92,24.2454,25.4146,26.3105,26.3204
CMP-004179,ADC,Leakage Current,µA,LOT-02,122.35,4.8222,5.04,5.1497,5.4424
CMP-004180,Driver IC,Propagation Delay,ns,LOT-04,124.19,18.1468,18.3988,18.5345,18.7052
CMP-004181,Logic IC,Iddq,µA,LOT-12,124.71,9.795,10.1771,10.502,10.6088
CMP-004182,Memory IC,Standby Current,µA,LOT-12,124.73,25.133,48.2902,27.6563,31.6598
CMP-004183,ADC,Leakage Current,µA,LOT-11,125.01,5.3111,5.4513,5.5771,5.5996
CMP-004184,Driver IC,Propagation Delay,ns,LOT-10,124.94,17.6062,29.711,18.7323,20.2731
CMP-004185,Logic IC,Iddq,µA,LOT-02,128.52,9.6273,9.7024,10.2337,10.5307
CMP-004186,Memory IC,Standby Current,µA,LOT-09,125.62,24.7587,24.7781,24.8178,25.4792
CMP-004187,ADC,Leakage Current,µA,LOT-07,126.21,4.7675,4.919,5.0175,5.1734
CMP-004188,Driver IC,Propagation Delay,ns,LOT-12,125.11,18.0761,18.838,18.7839,19.0009
CMP-004189,Logic IC,Iddq,µA,LOT-05,121.44,9.734,21.2251,12.2022,14.8113
CMP-004190,Memory IC,Standby Current,µA,LOT-02,120.79,25.0486,26.9477,38.2898,78.4083
CMP-004191,ADC,Leakage Current,µA,LOT-06,125.08,4.7888,12.1939,5.4655,6.263
CMP-004192,Driver IC,Propagation Delay,ns,LOT-18,127.09,18.3618,28.1354,20.0457,22.3207
CMP-004193,Logic IC,Iddq,µA,LOT-14,125.67,9.8839,10.399,10.5375,10.8528
CMP-004194,Memory IC,Standby Current,µA,LOT-05,122.65,25.7887,26.0874,26.6518,27.328
CMP-004195,ADC,Leakage Current,µA,LOT-04,126.38,5.1083,6.5362,10.028,20.9194
CMP-004196,Driver IC,Propagation Delay,ns,LOT-03,126.21,18.6399,18.8383,19.3084,19.1726
CMP-004197,Logic IC,Iddq,µA,LOT-03,124.41,9.9535,10.2741,10.4702,10.6647
CMP-004198,Memory IC,Standby Current,µA,LOT-09,122.49,24.5706,24.5964,25.9113,25.8904
CMP-004199,ADC,Leakage Current,µA,LOT-02,126.39,4.8688,5.8082,11.448,21.4989
CMP-004200,Driver IC,Propagation Delay,ns,LOT-19,126.61,17.5855,17.6981,17.6199,17.8675
CMP-004201,Logic IC,Iddq,µA,LOT-04,125.85,9.7021,10.1293,10.424,10.6518
CMP-004202,Memory IC,Standby Current,µA,LOT-07,124.56,24.2267,24.9077,25.9145,26.6581
CMP-004203,ADC,Leakage Current,µA,LOT-15,125.41,5.0373,6.3184,10.0479,16.759
CMP-004204,Driver IC,Propagation Delay,ns,LOT-15,125.54,18.4028,20.5704,25.2314,33.9395
CMP-004205,Logic IC,Iddq,µA,LOT-17,125.41,10.2073,10.2341,10.792,10.8374
CMP-004206,Memory IC,Standby Current,µA,LOT-12,125.0,25.4601,26.7255,42.7002,64.5937
CMP-004207,ADC,Leakage Current,µA,LOT-16,126.42,4.716,14.5286,5.9909,7.0626
CMP-004208,Driver IC,Propagation Delay,ns,LOT-05,126.96,17.0734,18.6791,27.7577,38.9487
CMP-004209,Logic IC,Iddq,µA,LOT-07,125.56,9.863,10.2913,10.3131,10.8557
CMP-004210,Memory IC,Standby Current,µA,LOT-04,124.64,25.3545,29.4521,39.1511,62.0989
CMP-004211,ADC,Leakage Current,µA,LOT-01,125.14,5.2916,6.9406,11.021,21.346
CMP-004212,Driver IC,Propagation Delay,ns,LOT-11,124.92,18.2273,18.5205,18.7152,18.6603
CMP-004213,Logic IC,Iddq,µA,LOT-10,124.94,9.6704,10.2016,10.0828,10.4957
CMP-004214,Memory IC,Standby Current,µA,LOT-06,121.48,24.7498,24.921,25.1808,25.4087
CMP-004215,ADC,Leakage Current,µA,LOT-20,124.0,4.7232,5.5423,10.6945,22.3856
CMP-004216,Driver IC,Propagation Delay,ns,LOT-06,126.05,18.1583,20.3983,27.0228,35.6562
CMP-004217,Logic IC,Iddq,µA,LOT-06,125.08,9.9305,10.2301,10.5768,10.59
CMP-004218,Memory IC,Standby Current,µA,LOT-04,122.0,24.4292,26.5265,46.2114,85.3705
CMP-004219,ADC,Leakage Current,µA,LOT-16,125.12,4.7104,4.8853,5.1004,5.2258
CMP-004220,Driver IC,Propagation Delay,ns,LOT-10,123.01,18.1602,18.4537,18.8387,19.0972
CMP-004221,Logic IC,Iddq,µA,LOT-02,126.11,10.4816,10.3798,11.0246,11.2352
CMP-004222,Memory IC,Standby Current,µA,LOT-09,125.4,25.2105,28.8478,44.9243,61.9147
CMP-004223,ADC,Leakage Current,µA,LOT-08,125.1,4.6631,14.2034,5.3086,5.9255
CMP-004224,Driver IC,Propagation Delay,ns,LOT-19,125.67,18.4065,18.7952,18.7525,19.0036
CMP-004225,Logic IC,Iddq,µA,LOT-03,124.23,10.4384,11.8459,19.0453,39.6632
CMP-004226,Memory IC,Standby Current,µA,LOT-17,125.39,25.7305,26.5241,26.378,26.6839
CMP-004227,ADC,Leakage Current,µA,LOT-03,124.74,5.2277,5.3758,5.4422,5.5004
CMP-004228,Driver IC,Propagation Delay,ns,LOT-16,125.5,18.0668,18.3081,18.9091,18.7414
CMP-004229,Logic IC,Iddq,µA,LOT-15,126.79,10.0324,11.8828,21.5457,39.3841
CMP-004230,Memory IC,Standby Current,µA,LOT-13,126.18,24.9249,28.5179,40.8283,59.3709
CMP-004231,ADC,Leakage Current,µA,LOT-08,124.4,4.8198,4.9135,5.0618,5.1438
CMP-004232,Driver IC,Propagation Delay,ns,LOT-15,125.6,17.4594,19.6208,25.5008,35.7303
CMP-004233,Logic IC,Iddq,µA,LOT-15,126.29,10.2367,11.8777,17.6216,37.2043
CMP-004234,Memory IC,Standby Current,µA,LOT-05,126.36,24.4164,26.5687,36.5528,57.283
CMP-004235,ADC,Leakage Current,µA,LOT-03,126.67,5.0286,5.1828,5.4347,5.4745
CMP-004236,Driver IC,Propagation Delay,ns,LOT-10,124.43,17.3178,17.7319,17.9871,17.9636
CMP-004237,Logic IC,Iddq,µA,LOT-09,123.04,10.2934,12.3969,21.6043,32.5752
CMP-004238,Memory IC,Standby Current,µA,LOT-18,124.79,24.615,47.6947,26.8477,29.383
CMP-004239,ADC,Leakage Current,µA,LOT-03,124.6,5.3563,6.0435,10.0676,19.6899
CMP-004240,Driver IC,Propagation Delay,ns,LOT-11,124.58,18.3431,18.6677,18.6974,18.8619
CMP-004241,Logic IC,Iddq,µA,LOT-09,125.97,10.409,12.6201,21.0555,32.1414
CMP-004242,Memory IC,Standby Current,µA,LOT-20,126.51,25.1752,25.679,26.1046,26.6098
CMP-004243,ADC,Leakage Current,µA,LOT-09,123.26,4.8697,4.9971,5.2234,5.334
CMP-004244,Driver IC,Propagation Delay,ns,LOT-02,124.67,17.4125,17.5929,17.6387,18.0473
CMP-004245,Logic IC,Iddq,µA,LOT-19,127.01,10.9091,26.387,11.6155,14.2434
CMP-004246,Memory IC,Standby Current,µA,LOT-13,124.74,24.2176,23.9902,25.6929,25.557
CMP-004247,ADC,Leakage Current,µA,LOT-18,125.03,5.2076,5.3018,5.5585,5.7019
CMP-004248,Driver IC,Propagation Delay,ns,LOT-16,123.69,17.9942,19.0008,27.6939,44.4779
CMP-004249,Logic IC,Iddq,µA,LOT-16,127.07,9.7532,10.0352,10.0531,10.5492
CMP-004250,Memory IC,Standby Current,µA,LOT-01,126.35,25.9557,30.8877,45.8902,61.84
CMP-004251,ADC,Leakage Current,µA,LOT-09,123.86,5.1017,6.3932,10.8358,22.5847
CMP-004252,Driver IC,Propagation Delay,ns,LOT-04,123.45,17.688,17.7642,17.7775,18.0312
CMP-004253,Logic IC,Iddq,µA,LOT-06,124.69,9.651,9.7649,9.9305,10.3794
CMP-004254,Memory IC,Standby Current,µA,LOT-12,126.43,24.8606,25.3271,25.9295,26.2786
CMP-004255,ADC,Leakage Current,µA,LOT-11,124.22,5.2792,5.2765,5.493,5.6404
CMP-004256,Driver IC,Propagation Delay,ns,LOT-13,124.55,18.002,18.1359,18.6443,18.6914
CMP-004257,Logic IC,Iddq,µA,LOT-06,124.17,9.7565,10.1072,9.9717,10.3717
CMP-004258,Memory IC,Standby Current,µA,LOT-14,124.7,26.167,26.5528,26.5766,27.0871
CMP-004259,ADC,Leakage Current,µA,LOT-03,125.27,5.1866,5.9057,13.1814,21.6546
CMP-004260,Driver IC,Propagation Delay,ns,LOT-04,126.09,17.9422,18.3652,18.3862,18.6968
CMP-004261,Logic IC,Iddq,µA,LOT-09,124.27,10.4891,10.7954,11.3102,11.3202
CMP-004262,Memory IC,Standby Current,µA,LOT-04,125.66,25.5392,28.7079,46.4895,73.2586
CMP-004263,ADC,Leakage Current,µA,LOT-02,127.54,4.8186,12.1769,5.5357,7.2141
CMP-004264,Driver IC,Propagation Delay,ns,LOT-11,123.44,18.43,20.2295,26.5181,38.9014
CMP-004265,Logic IC,Iddq,µA,LOT-07,124.23,10.1938,10.6123,10.6722,11.0695
CMP-004266,Memory IC,Standby Current,µA,LOT-13,124.84,26.011,28.5446,42.845,64.0636
CMP-004267,ADC,Leakage Current,µA,LOT-20,124.18,5.1543,5.3033,5.374,5.7002
CMP-004268,Driver IC,Propagation Delay,ns,LOT-18,126.31,17.5483,17.8412,18.0201,18.4269
CMP-004269,Logic IC,Iddq,µA,LOT-15,125.07,9.9169,11.3605,20.5014,34.5654
CMP-004270,Memory IC,Standby Current,µA,LOT-17,124.55,25.1686,26.0747,26.3925,27.2276
CMP-004271,ADC,Leakage Current,µA,LOT-07,126.41,5.152,6.3736,10.8281,19.1427
CMP-004272,Driver IC,Propagation Delay,ns,LOT-01,126.84,18.0382,31.0788,18.6284,20.048
CMP-004273,Logic IC,Iddq,µA,LOT-10,125.07,9.6929,11.5428,19.4272,36.0667
CMP-004274,Memory IC,Standby Current,µA,LOT-14,124.18,24.7817,29.2744,38.4958,56.4816
CMP-004275,ADC,Leakage Current,µA,LOT-15,124.22,5.0529,10.5868,6.3001,8.3745
CMP-004276,Driver IC,Propagation Delay,ns,LOT-05,125.47,16.3067,17.885,23.216,32.1436
CMP-004277,Logic IC,Iddq,µA,LOT-17,125.56,9.9926,10.0401,10.6061,10.8786
CMP-004278,Memory IC,Standby Current,µA,LOT-15,125.46,26.1253,26.3544,26.7627,26.9093
CMP-004279,ADC,Leakage Current,µA,LOT-12,125.28,5.3158,6.6114,10.9537,18.6441
CMP-004280,Driver IC,Propagation Delay,ns,LOT-10,126.44,18.1517,18.463,18.551,18.8307
CMP-004281,Logic IC,Iddq,µA,LOT-18,125.72,9.568,9.9703,10.1211,10.3988
CMP-004282,Memory IC,Standby Current,µA,LOT-17,123.71,25.9417,28.182,46.7833,83.4157
CMP-004283,ADC,Leakage Current,µA,LOT-06,126.81,4.6856,10.7755,5.1368,5.9609
CMP-004284,Driver IC,Propagation Delay,ns,LOT-16,122.36,17.5472,18.4171,25.9184,35.7315
CMP-004285,Logic IC,Iddq,µA,LOT-02,123.4,10.2926,10.3582,10.5075,10.7557
CMP-004286,Memory IC,Standby Current,µA,LOT-14,126.95,25.45,26.5614,40.3055,64.4105
CMP-004287,ADC,Leakage Current,µA,LOT-03,126.29,5.1162,5.3138,5.4733,5.633
CMP-004288,Driver IC,Propagation Delay,ns,LOT-17,126.66,17.7573,19.6291,23.9788,32.0018
CMP-004289,Logic IC,Iddq,µA,LOT-04,122.1,10.4437,10.8679,11.1213,11.4108
CMP-004290,Memory IC,Standby Current,µA,LOT-17,125.1,24.4023,26.8928,41.799,71.4443
CMP-004291,ADC,Leakage Current,µA,LOT-14,124.89,5.0196,5.1789,5.2902,5.5578
CMP-004292,Driver IC,Propagation Delay,ns,LOT-16,125.39,17.933,17.7456,18.1545,18.317
CMP-004293,Logic IC,Iddq,µA,LOT-04,123.19,10.1526,10.4017,10.7333,11.1285
CMP-004294,Memory IC,Standby Current,µA,LOT-20,124.1,25.658,26.5599,26.6333,27.1138
CMP-004295,ADC,Leakage Current,µA,LOT-09,127.3,5.1552,5.2522,5.4637,5.6284
CMP-004296,Driver IC,Propagation Delay,ns,LOT-03,123.35,18.2839,18.6119,18.271,18.7627
CMP-004297,Logic IC,Iddq,µA,LOT-17,122.79,9.8021,10.3049,10.3919,10.5274
CMP-004298,Memory IC,Standby Current,µA,LOT-20,123.4,24.7903,25.2744,25.5987,26.713
CMP-004299,ADC,Leakage Current,µA,LOT-10,123.72,5.335,5.4811,5.6084,5.7307
CMP-004300,Driver IC,Propagation Delay,ns,LOT-19,123.11,18.7609,31.6614,19.435,20.5417
CMP-004301,Logic IC,Iddq,µA,LOT-01,124.7,10.3585,25.3213,12.0684,15.4701
CMP-004302,Memory IC,Standby Current,µA,LOT-09,125.48,25.2233,29.7817,40.7734,69.628
CMP-004303,ADC,Leakage Current,µA,LOT-01,123.2,5.4089,5.4518,5.4958,5.6253
CMP-004304,Driver IC,Propagation Delay,ns,LOT-20,125.82,18.0888,18.5358,18.5408,18.6779
CMP-004305,Logic IC,Iddq,µA,LOT-01,124.23,9.729,10.1334,10.3708,10.7758
CMP-004306,Memory IC,Standby Current,µA,LOT-07,124.41,25.041,26.1596,45.7018,76.1921
CMP-004307,ADC,Leakage Current,µA,LOT-10,124.06,4.8638,5.9053,9.1329,20.377
CMP-004308,Driver IC,Propagation Delay,ns,LOT-07,123.77,18.5367,18.5729,18.3049,18.971
CMP-004309,Logic IC,Iddq,µA,LOT-13,124.26,10.0841,10.3796,10.6419,10.9154
CMP-004310,Memory IC,Standby Current,µA,LOT-15,126.56,25.925,27.9136,38.1007,66.1763
CMP-004311,ADC,Leakage Current,µA,LOT-02,124.66,4.8419,5.0444,5.2285,5.3684
CMP-004312,Driver IC,Propagation Delay,ns,LOT-17,125.19,18.1801,18.9733,27.0008,38.6015
CMP-004313,Logic IC,Iddq,µA,LOT-10,123.93,9.741,12.381,18.6154,34.243
CMP-004314,Memory IC,Standby Current,µA,LOT-16,123.89,25.6988,26.154,26.6048,26.9685
CMP-004315,ADC,Leakage Current,µA,LOT-08,123.39,4.8005,4.9919,5.2625,5.3343
CMP-004316,Driver IC,Propagation Delay,ns,LOT-13,124.42,18.4398,31.6925,19.7834,21.5275
CMP-004317,Logic IC,Iddq,µA,LOT-08,124.69,10.2857,12.2252,20.3365,38.7901
CMP-004318,Memory IC,Standby Current,µA,LOT-07,128.53,25.537,25.5626,25.92,26.8265
CMP-004319,ADC,Leakage Current,µA,LOT-17,125.72,5.2188,12.5938,6.0488,7.49
CMP-004320,Driver IC,Propagation Delay,ns,LOT-16,123.88,17.6506,18.3691,18.6102,18.5317
CMP-004321,Logic IC,Iddq,µA,LOT-07,125.12,10.1345,10.386,10.6071,10.8154
CMP-004322,Memory IC,Standby Current,µA,LOT-20,126.17,25.537,25.471,26.2511,26.6495
CMP-004323,ADC,Leakage Current,µA,LOT-07,123.97,5.0017,5.1597,5.311,5.4126
CMP-004324,Driver IC,Propagation Delay,ns,LOT-17,122.94,17.3356,17.5958,17.6759,18.2305
CMP-004325,Logic IC,Iddq,µA,LOT-01,126.75,9.8846,10.191,10.2524,10.5594
CMP-004326,Memory IC,Standby Current,µA,LOT-03,123.76,24.3275,24.7312,25.3555,25.3823
CMP-004327,ADC,Leakage Current,µA,LOT-13,123.05,4.6856,6.3095,11.4329,21.4325
CMP-004328,Driver IC,Propagation Delay,ns,LOT-06,124.48,17.8193,19.3247,26.5887,39.0562
CMP-004329,Logic IC,Iddq,µA,LOT-19,125.42,10.1325,11.7571,18.3186,28.851
CMP-004330,Memory IC,Standby Current,µA,LOT-06,124.62,25.2638,25.5831,26.0004,26.4932
CMP-004331,ADC,Leakage Current,µA,LOT-20,124.08,5.1629,5.3983,5.4624,5.5315
CMP-004332,Driver IC,Propagation Delay,ns,LOT-13,125.61,18.2323,28.414,20.1518,21.2289
CMP-004333,Logic IC,Iddq,µA,LOT-12,125.24,9.9869,10.2265,10.477,10.8544
CMP-004334,Memory IC,Standby Current,µA,LOT-12,122.84,24.6263,25.2997,25.7985,25.8215
CMP-004335,ADC,Leakage Current,µA,LOT-18,125.64,4.9226,4.966,5.1196,5.3622
CMP-004336,Driver IC,Propagation Delay,ns,LOT-15,126.52,18.3144,29.5066,18.6704,20.8796
CMP-004337,Logic IC,Iddq,µA,LOT-15,124.89,9.938,12.388,19.4717,35.3357
CMP-004338,Memory IC,Standby Current,µA,LOT-06,121.61,24.4029,26.3886,40.4497,76.1743
CMP-004339,ADC,Leakage Current,µA,LOT-12,123.57,5.3058,6.7793,10.2175,17.0329
CMP-004340,Driver IC,Propagation Delay,ns,LOT-10,123.4,17.917,19.7178,26.5594,42.7824
CMP-004341,Logic IC,Iddq,µA,LOT-02,124.26,9.9221,10.3081,10.4596,10.5923
CMP-004342,Memory IC,Standby Current,µA,LOT-16,125.02,25.2675,25.1666,25.7457,25.9219
CMP-004343,ADC,Leakage Current,µA,LOT-19,126.11,4.897,10.0916,5.688,7.0443
CMP-004344,Driver IC,Propagation Delay,ns,LOT-02,124.67,18.5375,18.6895,18.7133,19.1176
CMP-004345,Logic IC,Iddq,µA,LOT-15,125.23,10.4033,20.8614,11.7185,14.7142
CMP-004346,Memory IC,Standby Current,µA,LOT-05,125.51,24.8112,25.2614,25.3653,26.223
CMP-004347,ADC,Leakage Current,µA,LOT-19,123.71,5.4902,7.0318,11.2916,21.9855
CMP-004348,Driver IC,Propagation Delay,ns,LOT-05,124.32,17.6152,29.1761,18.6425,20.2717
CMP-004349,Logic IC,Iddq,µA,LOT-01,123.74,10.0087,10.4572,10.9609,10.9606
CMP-004350,Memory IC,Standby Current,µA,LOT-07,126.8,24.5805,24.9644,25.751,26.629
CMP-004351,ADC,Leakage Current,µA,LOT-19,125.68,5.3411,5.2414,5.5793,5.8685
CMP-004352,Driver IC,Propagation Delay,ns,LOT-14,124.72,18.2166,18.9409,18.648,19.2115
CMP-004353,Logic IC,Iddq,µA,LOT-03,123.58,10.3861,10.5134,10.8947,11.1053
CMP-004354,Memory IC,Standby Current,µA,LOT-20,124.12,25.5244,28.115,39.8915,67.3784
CMP-004355,ADC,Leakage Current,µA,LOT-16,123.83,4.7966,4.9613,5.2476,5.4624
CMP-004356,Driver IC,Propagation Delay,ns,LOT-18,125.23,18.1461,17.8828,18.5334,18.3533
CMP-004357,Logic IC,Iddq,µA,LOT-01,125.68,10.0442,10.1715,10.5882,10.9298
CMP-004358,Memory IC,Standby Current,µA,LOT-03,124.11,24.6154,25.0784,25.4135,25.7726
CMP-004359,ADC,Leakage Current,µA,LOT-02,124.14,4.4044,5.1017,9.8958,19.9247
CMP-004360,Driver IC,Propagation Delay,ns,LOT-02,124.3,17.0795,28.8821,17.8979,20.4035
CMP-004361,Logic IC,Iddq,µA,LOT-09,126.02,9.5967,10.6071,20.3184,41.1015
CMP-004362,Memory IC,Standby Current,µA,LOT-06,126.13,24.7933,24.9349,25.4889,26.0193
CMP-004363,ADC,Leakage Current,µA,LOT-04,121.92,5.0965,5.3033,5.3247,5.4229
CMP-004364,Driver IC,Propagation Delay,ns,LOT-06,125.01,18.3914,19.1638,26.6589,37.7904
CMP-004365,Logic IC,Iddq,µA,LOT-04,122.6,10.219,26.9952,12.0329,12.5616
CMP-004366,Memory IC,Standby Current,µA,LOT-03,123.89,25.2537,30.526,44.4524,74.999
CMP-004367,ADC,Leakage Current,µA,LOT-15,122.48,5.2263,5.2645,5.4742,5.5847
CMP-004368,Driver IC,Propagation Delay,ns,LOT-02,122.69,17.6655,17.9552,18.092,18.3075
CMP-004369,Logic IC,Iddq,µA,LOT-15,125.76,10.1407,10.3086,10.1692,10.736
CMP-004370,Memory IC,Standby Current,µA,LOT-11,123.19,25.3117,25.8094,26.0412,26.8541
CMP-004371,ADC,Leakage Current,µA,LOT-15,122.54,5.1756,5.3792,5.4059,5.5857
CMP-004372,Driver IC,Propagation Delay,ns,LOT-20,124.05,18.131,19.3299,27.8406,45.2993
CMP-004373,Logic IC,Iddq,µA,LOT-08,126.96,9.4486,9.9404,9.9796,10.7509
CMP-004374,Memory IC,Standby Current,µA,LOT-03,122.29,24.7309,27.343,44.9741,66.813
CMP-004375,ADC,Leakage Current,µA,LOT-15,125.48,5.0438,5.9695,11.7672,20.2348
CMP-004376,Driver IC,Propagation Delay,ns,LOT-10,122.48,17.6126,18.0134,18.1344,18.2525
CMP-004377,Logic IC,Iddq,µA,LOT-09,124.46,9.7963,10.2283,10.2805,10.6849
CMP-004378,Memory IC,Standby Current,µA,LOT-03,126.34,24.7707,28.3912,42.0245,68.6755
CMP-004379,ADC,Leakage Current,µA,LOT-09,125.35,4.9099,5.0988,5.1477,5.2537
CMP-004380,Driver IC,Propagation Delay,ns,LOT-04,126.42,17.546,17.3579,17.6942,17.6995
CMP-004381,Logic IC,Iddq,µA,LOT-19,123.1,10.3686,27.4705,12.3656,14.4212
CMP-004382,Memory IC,Standby Current,µA,LOT-17,127.05,25.2158,25.0067,25.709,25.7707
CMP-004383,ADC,Leakage Current,µA,LOT-09,124.81,5.2114,6.3433,11.6056,22.1497
CMP-004384,Driver IC,Propagation Delay,ns,LOT-09,124.23,18.0807,20.1236,27.7376,43.7774
CMP-004385,Logic IC,Iddq,µA,LOT-08,122.06,9.9359,9.9752,10.3662,10.688
CMP-004386,Memory IC,Standby Current,µA,LOT-14,123.99,25.6212,26.2119,26.2515,26.2401
CMP-004387,ADC,Leakage Current,µA,LOT-01,125.21,5.0738,12.0473,6.5057,6.9899
CMP-004388,Driver IC,Propagation Delay,ns,LOT-18,126.76,18.8499,18.637,19.013,19.2422
CMP-004389,Logic IC,Iddq,µA,LOT-01,119.63,9.9568,10.0503,10.3552,10.6908
CMP-004390,Memory IC,Standby Current,µA,LOT-15,124.73,25.0065,44.1399,26.3393,30.1628
CMP-004391,ADC,Leakage Current,µA,LOT-07,125.32,5.1485,13.2965,5.8244,7.0359
CMP-004392,Driver IC,Propagation Delay,ns,LOT-01,123.35,17.9998,18.1823,18.7405,18.7522
CMP-004393,Logic IC,Iddq,µA,LOT-06,126.46,9.3517,12.3173,19.3792,34.8131
CMP-004394,Memory IC,Standby Current,µA,LOT-20,122.4,25.062,29.5941,43.2708,64.7385
CMP-004395,ADC,Leakage Current,µA,LOT-07,123.36,5.004,5.0802,5.2437,5.4427
CMP-004396,Driver IC,Propagation Delay,ns,LOT-17,126.43,18.6561,18.4413,18.6728,18.872
CMP-004397,Logic IC,Iddq,µA,LOT-18,123.78,9.958,10.0702,10.4668,10.6237
CMP-004398,Memory IC,Standby Current,µA,LOT-19,126.46,25.2748,26.167,26.2442,26.5141
CMP-004399,ADC,Leakage Current,µA,LOT-18,126.37,4.6982,6.4134,11.4549,22.907
CMP-004400,Driver IC,Propagation Delay,ns,LOT-17,123.38,18.2815,20.2939,26.0135,34.7371
CMP-004401,Logic IC,Iddq,µA,LOT-16,124.96,9.7824,10.1453,10.5836,10.8637
CMP-004402,Memory IC,Standby Current,µA,LOT-19,123.2,25.1353,25.3734,25.9358,26.5573
CMP-004403,ADC,Leakage Current,µA,LOT-17,124.89,5.0121,5.5081,9.8894,22.8074
CMP-004404,Driver IC,Propagation Delay,ns,LOT-14,125.74,17.1377,18.0072,17.8066,17.992
CMP-004405,Logic IC,Iddq,µA,LOT-13,124.81,9.6934,11.4701,18.7268,29.2869
CMP-004406,Memory IC,Standby Current,µA,LOT-17,126.09,25.6828,26.0312,26.1984,26.5631
CMP-004407,ADC,Leakage Current,µA,LOT-13,125.12,5.0892,5.2281,5.347,5.4709
CMP-004408,Driver IC,Propagation Delay,ns,LOT-14,126.9,17.2067,18.0605,24.2083,42.7225
CMP-004409,Logic IC,Iddq,µA,LOT-10,125.59,9.7153,9.7716,10.0224,10.0484
CMP-004410,Memory IC,Standby Current,µA,LOT-03,125.07,25.1176,25.7848,25.8233,26.6668
CMP-004411,ADC,Leakage Current,µA,LOT-19,124.68,4.9949,5.1447,5.3943,5.5632
CMP-004412,Driver IC,Propagation Delay,ns,LOT-02,124.88,17.5476,19.1434,24.0317,38.4008
CMP-004413,Logic IC,Iddq,µA,LOT-12,124.8,10.23,10.6412,10.6996,10.801
CMP-004414,Memory IC,Standby Current,µA,LOT-05,124.38,24.0384,27.39,39.5095,78.85
CMP-004415,ADC,Leakage Current,µA,LOT-11,124.21,5.3983,6.9205,12.7186,22.4823
CMP-004416,Driver IC,Propagation Delay,ns,LOT-02,127.76,18.3229,18.4235,18.5698,18.8788
CMP-004417,Logic IC,Iddq,µA,LOT-05,125.96,9.3789,9.7179,9.7545,10.0516
CMP-004418,Memory IC,Standby Current,µA,LOT-03,124.08,24.6005,26.2033,25.9482,26.621
CMP-004419,ADC,Leakage Current,µA,LOT-03,123.89,5.115,5.2991,5.4035,5.5163
CMP-004420,Driver IC,Propagation Delay,ns,LOT-06,124.79,18.0194,28.6819,19.8381,22.6226
CMP-004421,Logic IC,Iddq,µA,LOT-07,123.95,9.9242,9.8973,10.135,10.361
CMP-004422,Memory IC,Standby Current,µA,LOT-03,122.93,26.6568,29.5838,40.8791,67.0572
CMP-004423,ADC,Leakage Current,µA,LOT-03,126.54,5.1347,6.1371,9.8736,15.9787
CMP-004424,Driver IC,Propagation Delay,ns,LOT-01,126.86,18.0373,18.7567,25.8349,35.1151
CMP-004425,Logic IC,Iddq,µA,LOT-10,126.52,9.7594,9.9151,10.1325,10.696
CMP-004426,Memory IC,Standby Current,µA,LOT-14,126.65,24.6444,40.4678,28.0133,29.5049
CMP-004427,ADC,Leakage Current,µA,LOT-04,124.13,5.2715,5.5382,5.5643,5.8431
CMP-004428,Driver IC,Propagation Delay,ns,LOT-18,122.98,18.2037,28.3517,18.7808,20.948
CMP-004429,Logic IC,Iddq,µA,LOT-13,126.82,9.9464,10.0616,10.5094,10.5529
CMP-004430,Memory IC,Standby Current,µA,LOT-16,127.04,24.4603,24.6231,25.2178,25.9316
CMP-004431,ADC,Leakage Current,µA,LOT-06,126.02,4.7013,5.0047,5.0883,5.221
CMP-004432,Driver IC,Propagation Delay,ns,LOT-05,125.14,18.078,18.2821,18.3184,18.3987
CMP-004433,Logic IC,Iddq,µA,LOT-04,122.59,10.5628,10.7076,11.0474,11.3178
CMP-004434,Memory IC,Standby Current,µA,LOT-04,124.03,25.7333,25.7405,26.7341,27.2791
CMP-004435,ADC,Leakage Current,µA,LOT-12,121.89,5.3232,5.4997,5.5933,5.6351
CMP-004436,Driver IC,Propagation Delay,ns,LOT-07,124.82,17.6888,18.2467,17.9552,18.5045
CMP-004437,Logic IC,Iddq,µA,LOT-13,125.63,10.1241,10.1195,10.3775,10.6231
CMP-004438,Memory IC,Standby Current,µA,LOT-01,124.25,24.7729,25.8569,25.5633,25.9244
CMP-004439,ADC,Leakage Current,µA,LOT-17,124.32,5.2668,5.266,5.7714,5.8365
CMP-004440,Driver IC,Propagation Delay,ns,LOT-20,127.2,17.5022,19.1911,25.6854,40.9413
CMP-004441,Logic IC,Iddq,µA,LOT-19,124.91,10.2536,10.4006,10.578,10.5767
CMP-004442,Memory IC,Standby Current,µA,LOT-08,124.73,24.5727,28.3145,39.6276,66.8327
CMP-004443,ADC,Leakage Current,µA,LOT-03,124.6,5.0175,5.179,5.2528,5.4065
CMP-004444,Driver IC,Propagation Delay,ns,LOT-10,124.19,17.9059,18.1709,18.4288,18.1745
CMP-004445,Logic IC,Iddq,µA,LOT-08,125.03,9.9885,10.288,10.3533,10.4548
CMP-004446,Memory IC,Standby Current,µA,LOT-14,125.46,25.9585,26.9565,27.5383,27.8442
CMP-004447,ADC,Leakage Current,µA,LOT-09,126.16,4.7304,5.5738,10.0986,16.353
CMP-004448,Driver IC,Propagation Delay,ns,LOT-08,126.47,18.3846,18.4767,18.4887,18.9717
CMP-004449,Logic IC,Iddq,µA,LOT-06,121.84,9.7393,9.7286,10.1281,10.5094
CMP-004450,Memory IC,Standby Current,µA,LOT-07,124.2,24.2083,24.7449,25.1446,25.5903
CMP-004451,ADC,Leakage Current,µA,LOT-13,123.59,4.8217,5.015,5.2096,5.3534
CMP-004452,Driver IC,Propagation Delay,ns,LOT-13,124.84,18.4456,20.8868,28.0548,37.3787
CMP-004453,Logic IC,Iddq,µA,LOT-04,123.84,9.9997,10.6963,22.5941,40.7897
CMP-004454,Memory IC,Standby Current,µA,LOT-16,122.58,24.903,25.1385,25.8725,25.8124
CMP-004455,ADC,Leakage Current,µA,LOT-07,123.61,5.1189,14.4149,6.5679,8.6073
CMP-004456,Driver IC,Propagation Delay,ns,LOT-02,123.84,18.1917,17.9436,18.158,18.1973
CMP-004457,Logic IC,Iddq,µA,LOT-08,126.23,9.7784,10.1171,10.5433,10.9086
CMP-004458,Memory IC,Standby Current,µA,LOT-01,124.03,25.125,51.8216,27.8268,33.4991
CMP-004459,ADC,Leakage Current,µA,LOT-05,124.78,4.7858,4.9588,5.0921,5.2708
CMP-004460,Driver IC,Propagation Delay,ns,LOT-03,123.12,18.7353,26.6619,19.0966,21.5237
CMP-004461,Logic IC,Iddq,µA,LOT-13,124.77,10.1638,10.1273,10.4089,10.6458
CMP-004462,Memory IC,Standby Current,µA,LOT-13,125.65,25.8221,26.0193,26.5278,26.7729
CMP-004463,ADC,Leakage Current,µA,LOT-12,124.53,5.0623,5.3658,5.6571,5.7921
CMP-004464,Driver IC,Propagation Delay,ns,LOT-06,125.52,17.1357,19.24,23.4775,34.7137
CMP-004465,Logic IC,Iddq,µA,LOT-11,126.29,10.0454,18.2748,11.3628,13.7442
CMP-004466,Memory IC,Standby Current,µA,LOT-16,125.59,25.0879,24.3963,25.297,25.6835
CMP-004467,ADC,Leakage Current,µA,LOT-01,125.74,5.2398,5.3787,5.5277,5.8055
CMP-004468,Driver IC,Propagation Delay,ns,LOT-08,123.71,17.726,17.8112,17.8661,18.3131
CMP-004469,Logic IC,Iddq,µA,LOT-04,123.47,10.0672,11.8247,21.1154,36.6646
CMP-004470,Memory IC,Standby Current,µA,LOT-13,126.38,24.6394,28.4235,42.1729,60.923
CMP-004471,ADC,Leakage Current,µA,LOT-11,124.49,5.1476,13.3185,5.6845,7.0922
CMP-004472,Driver IC,Propagation Delay,ns,LOT-19,124.38,18.1453,18.575,18.6391,18.7744
CMP-004473,Logic IC,Iddq,µA,LOT-06,122.61,9.6739,9.872,10.0714,10.2158
CMP-004474,Memory IC,Standby Current,µA,LOT-09,123.83,25.3134,41.6618,29.1542,33.0806
CMP-004475,ADC,Leakage Current,µA,LOT-10,126.64,4.8214,9.4439,5.5301,6.1622
CMP-004476,Driver IC,Propagation Delay,ns,LOT-04,127.05,17.5676,18.7301,23.4348,38.4515
CMP-004477,Logic IC,Iddq,µA,LOT-12,125.06,10.7644,12.9832,22.7727,33.3012
CMP-004478,Memory IC,Standby Current,µA,LOT-02,127.92,25.2307,28.8415,40.4561,77.9773
CMP-004479,ADC,Leakage Current,µA,LOT-16,125.69,4.7813,5.9331,9.1255,15.2075
CMP-004480,Driver IC,Propagation Delay,ns,LOT-07,126.21,18.38,18.6712,19.3285,19.5722
CMP-004481,Logic IC,Iddq,µA,LOT-14,126.63,10.1928,10.3919,10.6182,10.9458
CMP-004482,Memory IC,Standby Current,µA,LOT-07,124.05,24.5822,28.4023,40.8337,62.3807
CMP-004483,ADC,Leakage Current,µA,LOT-07,126.92,4.9207,5.8792,8.9521,15.4792
CMP-004484,Driver IC,Propagation Delay,ns,LOT-11,124.31,17.3831,29.8912,18.4655,19.7969
CMP-004485,Logic IC,Iddq,µA,LOT-06,126.11,9.8102,11.5499,18.3992,33.2993
CMP-004486,Memory IC,Standby Current,µA,LOT-15,123.98,25.1382,24.6976,25.1963,26.0878
CMP-004487,ADC,Leakage Current,µA,LOT-01,125.6,5.1109,5.4235,5.595,5.7073
CMP-004488,Driver IC,Propagation Delay,ns,LOT-14,124.95,17.0783,17.5132,17.3754,18.4021
CMP-004489,Logic IC,Iddq,µA,LOT-05,128.8,9.5326,9.9886,10.0204,10.4943
CMP-004490,Memory IC,Standby Current,µA,LOT-08,124.43,24.3212,27.1489,42.754,61.1528
CMP-004491,ADC,Leakage Current,µA,LOT-10,124.47,4.6449,4.8389,4.9583,5.201
CMP-004492,Driver IC,Propagation Delay,ns,LOT-10,123.62,17.9456,18.6976,18.7609,18.9073
CMP-004493,Logic IC,Iddq,µA,LOT-01,125.04,9.903,12.7605,20.1316,33.0115
CMP-004494,Memory IC,Standby Current,µA,LOT-09,124.07,24.4925,24.7278,25.0077,25.2226
CMP-004495,ADC,Leakage Current,µA,LOT-16,126.92,5.1845,5.2402,5.3249,5.3559
CMP-004496,Driver IC,Propagation Delay,ns,LOT-03,124.52,17.5488,17.9835,18.4068,18.6536
CMP-004497,Logic IC,Iddq,µA,LOT-10,125.03,9.8343,10.0064,10.2407,10.49
CMP-004498,Memory IC,Standby Current,µA,LOT-20,126.21,24.6017,24.8652,25.8218,26.1182
CMP-004499,ADC,Leakage Current,µA,LOT-11,123.65,4.9468,5.2198,5.2831,5.5051
CMP-004500,Driver IC,Propagation Delay,ns,LOT-20,125.64,17.8273,17.4521,18.0259,18.4153
CMP-004501,Logic IC,Iddq,µA,LOT-14,126.46,10.2663,10.3161,10.485,10.7907
CMP-004502,Memory IC,Standby Current,µA,LOT-05,124.98,24.8104,27.594,39.0685,71.62
CMP-004503,ADC,Leakage Current,µA,LOT-06,126.97,4.598,4.9221,4.9602,5.1719
CMP-004504,Driver IC,Propagation Delay,ns,LOT-07,127.65,17.6298,19.3618,25.9302,37.4613
CMP-004505,Logic IC,Iddq,µA,LOT-16,124.96,9.6276,9.9646,10.1617,10.455
CMP-004506,Memory IC,Standby Current,µA,LOT-19,126.35,26.6318,27.8369,42.8666,68.8042
CMP-004507,ADC,Leakage Current,µA,LOT-13,127.14,5.1635,5.9367,9.4064,18.6024
CMP-004508,Driver IC,Propagation Delay,ns,LOT-14,122.29,17.9904,18.7817,25.5678,38.356
CMP-004509,Logic IC,Iddq,µA,LOT-02,123.99,9.8542,10.21,10.6397,10.7518
CMP-004510,Memory IC,Standby Current,µA,LOT-05,127.57,24.6463,24.3966,24.7296,25.3235
CMP-004511,ADC,Leakage Current,µA,LOT-09,124.01,5.2779,5.477,5.596,5.8042
CMP-004512,Driver IC,Propagation Delay,ns,LOT-18,125.88,17.4742,17.6554,17.8779,18.0692
CMP-004513,Logic IC,Iddq,µA,LOT-20,127.42,9.4633,9.6302,10.0447,10.233
CMP-004514,Memory IC,Standby Current,µA,LOT-02,121.9,25.0415,24.3154,25.5726,25.5486
CMP-004515,ADC,Leakage Current,µA,LOT-19,124.65,5.1759,6.4755,11.2077,21.706
CMP-004516,Driver IC,Propagation Delay,ns,LOT-01,125.56,18.2522,18.3013,18.7952,18.9809
CMP-004517,Logic IC,Iddq,µA,LOT-07,126.29,9.7322,10.0087,10.4037,10.381
CMP-004518,Memory IC,Standby Current,µA,LOT-20,126.28,24.3252,28.0712,41.5669,71.4345
CMP-004519,ADC,Leakage Current,µA,LOT-01,122.84,4.8427,13.5867,5.2863,6.6955
CMP-004520,Driver IC,Propagation Delay,ns,LOT-17,125.02,18.244,20.6459,24.7081,35.0178
CMP-004521,Logic IC,Iddq,µA,LOT-18,126.01,9.4303,10.138,10.2182,10.2553
CMP-004522,Memory IC,Standby Current,µA,LOT-14,125.17,24.2812,27.9893,41.2571,59.8666
CMP-004523,ADC,Leakage Current,µA,LOT-04,125.0,5.1098,5.5639,10.0858,25.0465
CMP-004524,Driver IC,Propagation Delay,ns,LOT-07,124.35,18.684,26.8381,19.9471,20.4648
CMP-004525,Logic IC,Iddq,µA,LOT-13,125.78,10.015,22.1221,12.0516,12.6095
CMP-004526,Memory IC,Standby Current,µA,LOT-04,123.31,26.0474,28.4738,44.2386,64.8822
CMP-004527,ADC,Leakage Current,µA,LOT-10,126.27,5.1368,12.6673,5.67,6.9126
CMP-004528,Driver IC,Propagation Delay,ns,LOT-10,125.1,18.5968,20.3863,27.4591,41.4149
CMP-004529,Logic IC,Iddq,µA,LOT-11,125.7,10.1617,11.797,19.9065,34.3131
CMP-004530,Memory IC,Standby Current,µA,LOT-12,123.56,25.3055,28.1619,43.7623,68.8892
CMP-004531,ADC,Leakage Current,µA,LOT-03,124.74,5.1528,5.3232,5.5785,5.5957
CMP-004532,Driver IC,Propagation Delay,ns,LOT-06,125.65,18.0909,18.1595,18.6506,18.6817
CMP-004533,Logic IC,Iddq,µA,LOT-15,126.94,9.7699,10.2517,10.4127,10.8337
CMP-004534,Memory IC,Standby Current,µA,LOT-10,123.04,24.3351,52.4746,25.9963,28.2149
CMP-004535,ADC,Leakage Current,µA,LOT-05,122.63,4.6314,4.6501,4.7815,4.9965
CMP-004536,Driver IC,Propagation Delay,ns,LOT-17,124.95,18.9516,18.8599,18.7967,19.1292
CMP-004537,Logic IC,Iddq,µA,LOT-12,126.51,9.7847,24.2211,10.5113,13.2469
CMP-004538,Memory IC,Standby Current,µA,LOT-03,126.36,25.0395,25.4671,25.9055,26.3179
CMP-004539,ADC,Leakage Current,µA,LOT-04,124.63,5.2065,6.4026,11.265,26.1995
CMP-004540,Driver IC,Propagation Delay,ns,LOT-14,124.57,18.5054,18.9608,19.1531,19.127
CMP-004541,Logic IC,Iddq,µA,LOT-05,126.26,9.0141,11.6636,19.9206,31.6178
CMP-004542,Memory IC,Standby Current,µA,LOT-17,123.43,25.9458,43.7855,26.8403,27.8147
CMP-004543,ADC,Leakage Current,µA,LOT-16,127.53,4.767,5.5275,9.7111,18.9556
CMP-004544,Driver IC,Propagation Delay,ns,LOT-02,125.2,18.6217,18.9191,18.915,19.1079
CMP-004545,Logic IC,Iddq,µA,LOT-11,125.82,9.6567,11.5391,21.6158,44.8102
CMP-004546,Memory IC,Standby Current,µA,LOT-16,124.41,24.8071,27.5972,42.7099,71.136
CMP-004547,ADC,Leakage Current,µA,LOT-13,124.52,4.9953,5.0745,5.3166,5.4785
CMP-004548,Driver IC,Propagation Delay,ns,LOT-05,124.73,17.8062,17.7851,18.0483,17.8652
CMP-004549,Logic IC,Iddq,µA,LOT-10,125.34,9.5609,9.9044,9.9148,10.2899
CMP-004550,Memory IC,Standby Current,µA,LOT-16,127.42,25.6703,26.8105,41.8164,77.2457
CMP-004551,ADC,Leakage Current,µA,LOT-12,125.19,5.3228,5.3621,5.5467,5.639
CMP-004552,Driver IC,Propagation Delay,ns,LOT-20,125.3,18.6974,18.9012,19.2018,19.2701
CMP-004553,Logic IC,Iddq,µA,LOT-07,123.77,9.9015,10.0271,10.2937,10.3828
CMP-004554,Memory IC,Standby Current,µA,LOT-14,127.46,26.6114,26.7418,27.1872,27.097
CMP-004555,ADC,Leakage Current,µA,LOT-08,125.24,5.2961,6.6321,9.8299,17.8787
CMP-004556,Driver IC,Propagation Delay,ns,LOT-20,125.56,17.653,18.7088,25.8295,40.9084
CMP-004557,Logic IC,Iddq,µA,LOT-14,126.08,10.2049,10.6045,10.8977,11.379
CMP-004558,Memory IC,Standby Current,µA,LOT-14,125.48,24.4419,25.1759,25.1546,25.1072
CMP-004559,ADC,Leakage Current,µA,LOT-19,127.04,5.3597,6.2673,13.5386,28.058
CMP-004560,Driver IC,Propagation Delay,ns,LOT-11,122.87,18.6168,26.2726,20.0504,20.3013
CMP-004561,Logic IC,Iddq,µA,LOT-07,124.87,9.7556,10.9969,22.6569,38.2065
CMP-004562,Memory IC,Standby Current,µA,LOT-08,122.82,26.0106,26.3956,26.7927,27.0456
CMP-004563,ADC,Leakage Current,µA,LOT-19,124.25,5.1215,5.3168,5.6128,5.6313
CMP-004564,Driver IC,Propagation Delay,ns,LOT-07,126.48,17.755,17.6672,17.7551,17.8797
CMP-004565,Logic IC,Iddq,µA,LOT-09,125.64,10.0212,22.0087,10.9635,13.0111
CMP-004566,Memory IC,Standby Current,µA,LOT-20,122.78,25.1934,25.6601,25.719,26.5471
CMP-004567,ADC,Leakage Current,µA,LOT-20,126.92,5.0975,5.0606,5.2916,5.305
CMP-004568,Driver IC,Propagation Delay,ns,LOT-15,124.8,17.9384,17.7139,18.216,18.3559
CMP-004569,Logic IC,Iddq,µA,LOT-13,127.51,9.9555,10.2269,10.5357,11.1397
CMP-004570,Memory IC,Standby Current,µA,LOT-06,124.11,23.7095,46.2283,25.77,29.8406
CMP-004571,ADC,Leakage Current,µA,LOT-14,125.78,5.0465,6.6938,12.0112,23.5782
CMP-004572,Driver IC,Propagation Delay,ns,LOT-01,125.22,18.0553,18.0761,18.3309,18.7213
CMP-004573,Logic IC,Iddq,µA,LOT-18,126.96,10.0486,10.1236,10.5432,10.5891
CMP-004574,Memory IC,Standby Current,µA,LOT-01,122.44,25.1581,28.3961,39.141,60.3528
CMP-004575,ADC,Leakage Current,µA,LOT-11,124.44,5.0622,5.1598,5.2975,5.3804
CMP-004576,Driver IC,Propagation Delay,ns,LOT-16,124.41,17.2705,17.6089,17.707,17.8732
CMP-004577,Logic IC,Iddq,µA,LOT-04,124.23,9.8342,10.268,10.6122,10.8355
CMP-004578,Memory IC,Standby Current,µA,LOT-20,123.78,24.6848,24.8333,25.9562,26.3061
CMP-004579,ADC,Leakage Current,µA,LOT-02,125.55,4.8643,5.028,5.1332,5.3309
CMP-004580,Driver IC,Propagation Delay,ns,LOT-19,123.88,18.9252,18.8093,19.1797,19.6668
CMP-004581,Logic IC,Iddq,µA,LOT-17,126.31,10.4032,12.7488,22.8344,32.9509
CMP-004582,Memory IC,Standby Current,µA,LOT-05,125.33,24.5795,24.6817,25.1667,25.4031
CMP-004583,ADC,Leakage Current,µA,LOT-20,124.4,4.9549,5.4413,11.79,26.5226
CMP-004584,Driver IC,Propagation Delay,ns,LOT-18,121.78,17.5763,17.8454,18.0878,17.9914
CMP-004585,Logic IC,Iddq,µA,LOT-17,124.34,10.2265,10.5447,10.6939,11.2476
CMP-004586,Memory IC,Standby Current,µA,LOT-02,125.42,24.2454,24.3542,24.8961,25.3884
CMP-004587,ADC,Leakage Current,µA,LOT-17,123.66,5.0122,6.5694,12.4754,20.0873
CMP-004588,Driver IC,Propagation Delay,ns,LOT-14,122.96,17.3883,20.0087,24.2715,32.9386
CMP-004589,Logic IC,Iddq,µA,LOT-04,124.61,10.2058,23.2311,12.6489,14.9365
CMP-004590,Memory IC,Standby Current,µA,LOT-12,126.56,24.7511,25.2733,25.6578,25.9611
CMP-004591,ADC,Leakage Current,µA,LOT-13,124.96,5.2141,5.3667,5.5255,5.7525
CMP-004592,Driver IC,Propagation Delay,ns,LOT-20,126.99,17.697,30.5329,19.0901,21.3703
CMP-004593,Logic IC,Iddq,µA,LOT-07,128.75,10.0609,10.0608,10.5959,10.4987
CMP-004594,Memory IC,Standby Current,µA,LOT-12,124.16,25.6202,26.062,26.8111,26.8472
CMP-004595,ADC,Leakage Current,µA,LOT-16,123.4,4.5181,5.2517,9.5771,24.4935
CMP-004596,Driver IC,Propagation Delay,ns,LOT-08,123.43,17.835,18.0768,18.3771,18.5532
CMP-004597,Logic IC,Iddq,µA,LOT-09,124.84,10.0131,10.1845,10.6034,10.8046
CMP-004598,Memory IC,Standby Current,µA,LOT-02,125.46,24.3027,24.7784,24.6081,25.0538
CMP-004599,ADC,Leakage Current,µA,LOT-18,124.54,4.7431,6.1276,11.3388,20.1896
CMP-004600,Driver IC,Propagation Delay,ns,LOT-19,125.98,18.4153,18.7362,19.0441,18.66
CMP-004601,Logic IC,Iddq,µA,LOT-12,124.22,9.9525,10.3271,10.7673,10.6501
CMP-004602,Memory IC,Standby Current,µA,LOT-10,124.54,24.9278,24.7888,25.5205,25.8216
CMP-004603,ADC,Leakage Current,µA,LOT-12,126.41,5.0275,5.1265,5.458,5.5274
CMP-004604,Driver IC,Propagation Delay,ns,LOT-14,125.88,18.0177,25.6366,19.5055,22.1347
CMP-004605,Logic IC,Iddq,µA,LOT-10,125.14,9.9089,10.1713,10.4178,10.5963
CMP-004606,Memory IC,Standby Current,µA,LOT-12,127.84,25.0834,30.2095,40.2913,56.7769
CMP-004607,ADC,Leakage Current,µA,LOT-19,123.97,5.1827,11.8529,6.5802,8.8344
CMP-004608,Driver IC,Propagation Delay,ns,LOT-12,123.65,19.0604,31.3524,19.8569,20.824
CMP-004609,Logic IC,Iddq,µA,LOT-20,124.81,9.5109,9.6962,9.9906,10.0759
CMP-004610,Memory IC,Standby Current,µA,LOT-10,126.12,23.1743,25.1561,38.9642,64.8975
CMP-004611,ADC,Leakage Current,µA,LOT-18,123.26,4.8032,5.0954,5.1362,5.3182
CMP-004612,Driver IC,Propagation Delay,ns,LOT-11,122.78,18.2675,20.5788,24.7078,33.4436
CMP-004613,Logic IC,Iddq,µA,LOT-10,123.66,9.4369,9.7888,9.928,10.068
CMP-004614,Memory IC,Standby Current,µA,LOT-12,125.62,25.4285,27.0885,45.0575,70.6123
CMP-004615,ADC,Leakage Current,µA,LOT-16,123.42,4.7038,4.8338,4.9915,5.1602
CMP-004616,Driver IC,Propagation Delay,ns,LOT-02,126.32,17.4374,17.659,17.9816,18.2495
CMP-004617,Logic IC,Iddq,µA,LOT-03,126.0,10.1155,10.5299,10.639,10.6921
CMP-004618,Memory IC,Standby Current,µA,LOT-18,123.92,24.5198,29.3884,37.9511,61.9933
CMP-004619,ADC,Leakage Current,µA,LOT-05,123.86,4.5526,4.6872,4.8298,5.0443
CMP-004620,Driver IC,Propagation Delay,ns,LOT-19,122.0,17.8913,18.1426,18.358,18.3005
CMP-004621,Logic IC,Iddq,µA,LOT-07,124.9,10.1472,10.3837,10.3086,10.7455
CMP-004622,Memory IC,Standby Current,µA,LOT-19,129.36,24.7397,28.023,37.0374,57.9284
CMP-004623,ADC,Leakage Current,µA,LOT-03,124.46,4.8477,6.7849,9.8074,21.0911
CMP-004624,Driver IC,Propagation Delay,ns,LOT-03,123.88,18.3241,18.5603,18.5867,19.3543
CMP-004625,Logic IC,Iddq,µA,LOT-19,124.93,10.5795,10.9844,11.1967,11.5763
CMP-004626,Memory IC,Standby Current,µA,LOT-05,125.95,25.0433,40.5975,25.8195,31.6779
CMP-004627,ADC,Leakage Current,µA,LOT-14,125.29,5.2939,5.931,13.2693,23.7517
CMP-004628,Driver IC,Propagation Delay,ns,LOT-17,125.64,18.1068,26.8896,20.3035,22.79
CMP-004629,Logic IC,Iddq,µA,LOT-07,122.53,10.1621,11.2916,19.8497,34.5426
CMP-004630,Memory IC,Standby Current,µA,LOT-13,125.03,24.669,24.7266,25.4906,25.6893
CMP-004631,ADC,Leakage Current,µA,LOT-13,124.47,5.1464,6.0899,9.2228,16.8451
CMP-004632,Driver IC,Propagation Delay,ns,LOT-13,128.14,17.821,18.0223,18.2887,18.5702
CMP-004633,Logic IC,Iddq,µA,LOT-12,124.51,10.4673,24.1266,11.5657,14.0152
CMP-004634,Memory IC,Standby Current,µA,LOT-07,124.87,24.9908,25.7961,25.3499,26.0097
CMP-004635,ADC,Leakage Current,µA,LOT-15,126.65,5.2776,6.614,12.5056,22.9
CMP-004636,Driver IC,Propagation Delay,ns,LOT-01,126.44,18.2338,28.395,18.8963,21.0318
CMP-004637,Logic IC,Iddq,µA,LOT-02,124.03,9.5569,11.8253,20.7003,40.3512
CMP-004638,Memory IC,Standby Current,µA,LOT-06,125.31,24.3066,25.3484,25.5878,25.7824
CMP-004639,ADC,Leakage Current,µA,LOT-08,123.64,4.8667,6.263,11.1925,20.0678
CMP-004640,Driver IC,Propagation Delay,ns,LOT-10,124.73,17.8746,18.2732,18.1402,18.6464
CMP-004641,Logic IC,Iddq,µA,LOT-07,123.45,9.5456,9.8938,10.1897,10.5331
CMP-004642,Memory IC,Standby Current,µA,LOT-05,125.67,24.8962,48.9302,28.3952,30.6798
CMP-004643,ADC,Leakage Current,µA,LOT-10,123.65,4.8222,4.9352,4.9589,5.0403
CMP-004644,Driver IC,Propagation Delay,ns,LOT-05,125.31,17.176,17.5448,17.0492,17.8987
CMP-004645,Logic IC,Iddq,µA,LOT-03,123.95,10.2026,10.3291,10.6114,10.7947
CMP-004646,Memory IC,Standby Current,µA,LOT-16,123.84,24.6573,25.742,25.7887,25.8728
CMP-004647,ADC,Leakage Current,µA,LOT-11,122.09,5.226,5.2719,5.5057,5.6511
CMP-004648,Driver IC,Propagation Delay,ns,LOT-14,125.69,16.9777,17.1406,17.2794,17.6245
CMP-004649,Logic IC,Iddq,µA,LOT-07,126.47,9.6118,9.7958,10.2107,10.0483
CMP-004650,Memory IC,Standby Current,µA,LOT-19,125.91,25.799,29.8401,41.3426,70.5719
CMP-004651,ADC,Leakage Current,µA,LOT-16,125.09,4.9299,6.4344,9.7429,19.6609
CMP-004652,Driver IC,Propagation Delay,ns,LOT-11,125.1,18.6025,20.5748,26.6151,35.4795
CMP-004653,Logic IC,Iddq,µA,LOT-04,126.64,10.4674,10.4385,10.7304,10.8575
CMP-004654,Memory IC,Standby Current,µA,LOT-15,124.73,24.9834,25.1636,25.5476,25.8466
CMP-004655,ADC,Leakage Current,µA,LOT-19,125.07,5.4071,6.2805,11.917,22.924
CMP-004656,Driver IC,Propagation Delay,ns,LOT-11,122.85,17.979,20.1142,25.2815,39.8806
CMP-004657,Logic IC,Iddq,µA,LOT-15,124.77,10.3464,11.7184,21.6826,42.2415
CMP-004658,Memory IC,Standby Current,µA,LOT-12,122.38,24.6374,26.4516,43.5752,74.4963
CMP-004659,ADC,Leakage Current,µA,LOT-17,125.47,4.6028,5.6862,13.3196,26.7798
CMP-004660,Driver IC,Propagation Delay,ns,LOT-12,122.84,18.5877,19.0145,19.0626,19.2433
CMP-004661,Logic IC,Iddq,µA,LOT-15,122.63,10.4421,10.5709,10.826,10.9541
CMP-004662,Memory IC,Standby Current,µA,LOT-19,123.68,25.4034,25.5585,25.8354,26.5844
CMP-004663,ADC,Leakage Current,µA,LOT-08,126.95,4.9312,5.1828,5.2894,5.4827
CMP-004664,Driver IC,Propagation Delay,ns,LOT-17,122.21,18.2652,19.8823,26.1008,40.7849
CMP-004665,Logic IC,Iddq,µA,LOT-03,126.8,10.0013,10.5704,10.7195,10.845
CMP-004666,Memory IC,Standby Current,µA,LOT-03,122.35,25.2014,28.0349,37.7507,68.0603
CMP-004667,ADC,Leakage Current,µA,LOT-11,123.91,4.9975,5.1646,5.3697,5.4458
CMP-004668,Driver IC,Propagation Delay,ns,LOT-08,125.52,17.9195,18.1807,18.5882,18.6049
CMP-004669,Logic IC,Iddq,µA,LOT-12,122.91,9.9177,10.1178,10.0839,10.497
CMP-004670,Memory IC,Standby Current,µA,LOT-09,123.14,24.6986,27.9228,41.9367,71.1444
CMP-004671,ADC,Leakage Current,µA,LOT-18,125.25,4.6598,4.7124,4.9499,5.0296
CMP-004672,Driver IC,Propagation Delay,ns,LOT-11,125.58,18.1925,19.7157,27.8769,41.8715
CMP-004673,Logic IC,Iddq,µA,LOT-04,123.3,10.0456,10.39,10.5962,10.6558
CMP-004674,Memory IC,Standby Current,µA,LOT-18,122.36,24.6262,25.375,25.3331,26.0705
CMP-004675,ADC,Leakage Current,µA,LOT-10,125.19,4.8346,4.9594,5.0267,5.1687
CMP-004676,Driver IC,Propagation Delay,ns,LOT-06,124.56,18.3432,32.1454,19.8176,22.2918
CMP-004677,Logic IC,Iddq,µA,LOT-07,123.51,10.3343,10.5628,10.704,11.1596
CMP-004678,Memory IC,Standby Current,µA,LOT-14,126.24,24.69,24.7149,25.5597,25.4455
CMP-004679,ADC,Leakage Current,µA,LOT-03,124.68,5.1939,6.8124,12.3244,22.2978
CMP-004680,Driver IC,Propagation Delay,ns,LOT-18,125.43,18.5811,19.2144,19.1191,19.4365
CMP-004681,Logic IC,Iddq,µA,LOT-04,123.27,10.0841,10.3811,10.6946,10.8791
CMP-004682,Memory IC,Standby Current,µA,LOT-19,127.05,25.335,26.6459,44.0771,79.1008
CMP-004683,ADC,Leakage Current,µA,LOT-14,124.85,5.1825,6.2748,10.5578,23.6423
CMP-004684,Driver IC,Propagation Delay,ns,LOT-04,126.58,18.5817,18.5661,18.72,19.0932
CMP-004685,Logic IC,Iddq,µA,LOT-15,125.26,9.8267,12.0839,19.214,34.1129
CMP-004686,Memory IC,Standby Current,µA,LOT-18,125.68,24.2729,24.4874,25.4175,24.7138
CMP-004687,ADC,Leakage Current,µA,LOT-14,122.09,5.2311,5.4171,5.4067,5.6882
CMP-004688,Driver IC,Propagation Delay,ns,LOT-11,122.82,19.5612,19.5677,19.219,19.5336
CMP-004689,Logic IC,Iddq,µA,LOT-06,123.84,9.7416,9.9201,10.0048,10.4
CMP-004690,Memory IC,Standby Current,µA,LOT-06,124.61,25.5732,29.5789,40.1061,69.6246
CMP-004691,ADC,Leakage Current,µA,LOT-10,125.82,5.0956,5.3477,5.3619,5.6518
CMP-004692,Driver IC,Propagation Delay,ns,LOT-01,124.46,17.9681,27.1489,18.6646,19.3026
CMP-004693,Logic IC,Iddq,µA,LOT-04,128.19,10.0556,26.4309,11.1334,13.4117
CMP-004694,Memory IC,Standby Current,µA,LOT-11,126.23,25.5574,26.4328,26.5094,26.8391
CMP-004695,ADC,Leakage Current,µA,LOT-03,122.63,5.1683,5.3741,5.3867,5.4209
CMP-004696,Driver IC,Propagation Delay,ns,LOT-11,124.06,17.6568,18.9867,24.602,38.1692
CMP-004697,Logic IC,Iddq,µA,LOT-11,123.09,10.6571,23.7185,11.7729,14.4068
CMP-004698,Memory IC,Standby Current,µA,LOT-16,121.28,25.1534,25.7152,25.6712,26.2397
CMP-004699,ADC,Leakage Current,µA,LOT-06,122.89,4.7261,4.8482,5.0531,5.2777
CMP-004700,Driver IC,Propagation Delay,ns,LOT-04,125.45,17.8813,18.0091,18.4615,18.6076
CMP-004701,Logic IC,Iddq,µA,LOT-04,124.48,10.3884,11.7164,18.8121,42.743
CMP-004702,Memory IC,Standby Current,µA,LOT-10,123.75,24.7641,25.0728,25.1296,25.9352
CMP-004703,ADC,Leakage Current,µA,LOT-13,123.22,4.7786,4.8922,5.0689,5.1998
CMP-004704,Driver IC,Propagation Delay,ns,LOT-19,122.93,18.1907,18.5481,18.5772,18.4813
CMP-004705,Logic IC,Iddq,µA,LOT-13,122.59,9.6604,11.0873,22.806,37.8782
CMP-004706,Memory IC,Standby Current,µA,LOT-13,126.27,24.8845,25.7735,25.5598,26.338
CMP-004707,ADC,Leakage Current,µA,LOT-10,122.53,4.9643,6.3078,10.4653,21.8712
CMP-004708,Driver IC,Propagation Delay,ns,LOT-06,123.91,17.1516,18.2967,28.0978,44.8223
CMP-004709,Logic IC,Iddq,µA,LOT-20,125.44,10.1407,11.2702,23.4496,36.3943
CMP-004710,Memory IC,Standby Current,µA,LOT-05,124.38,24.2357,25.1168,25.7082,26.0352
CMP-004711,ADC,Leakage Current,µA,LOT-20,126.11,4.7666,9.2747,5.6383,6.5032
CMP-004712,Driver IC,Propagation Delay,ns,LOT-03,125.65,18.3918,18.391,18.7718,19.1595
CMP-004713,Logic IC,Iddq,µA,LOT-15,125.44,10.2549,10.5981,10.6877,11.2735
CMP-004714,Memory IC,Standby Current,µA,LOT-02,125.65,24.3029,24.3319,25.0747,25.2101
CMP-004715,ADC,Leakage Current,µA,LOT-14,125.53,5.1914,5.2883,5.4271,5.643
CMP-004716,Driver IC,Propagation Delay,ns,LOT-13,127.56,18.3387,18.3336,18.3119,18.1977
CMP-004717,Logic IC,Iddq,µA,LOT-17,124.16,10.0013,11.7033,18.9176,31.0664
CMP-004718,Memory IC,Standby Current,µA,LOT-14,122.89,25.2232,47.5373,26.3599,30.3655
CMP-004719,ADC,Leakage Current,µA,LOT-19,126.38,5.207,6.6268,11.0225,19.8927
CMP-004720,Driver IC,Propagation Delay,ns,LOT-03,125.09,18.3855,18.6691,19.0987,19.2171
CMP-004721,Logic IC,Iddq,µA,LOT-16,124.28,9.7164,11.6247,19.7476,39.8384
CMP-004722,Memory IC,Standby Current,µA,LOT-08,124.42,24.9649,28.602,41.6729,71.7598
CMP-004723,ADC,Leakage Current,µA,LOT-16,125.56,4.738,4.8007,5.0574,5.0269
CMP-004724,Driver IC,Propagation Delay,ns,LOT-16,125.42,18.3422,18.732,18.4828,19.0338
CMP-004725,Logic IC,Iddq,µA,LOT-14,123.88,10.3211,26.1909,11.9279,14.9165
CMP-004726,Memory IC,Standby Current,µA,LOT-06,124.48,25.4058,25.5332,25.4805,26.2758
CMP-004727,ADC,Leakage Current,µA,LOT-05,125.99,4.6807,4.7968,4.8736,4.9426
CMP-004728,Driver IC,Propagation Delay,ns,LOT-10,123.18,17.943,18.1516,18.0189,18.4057
CMP-004729,Logic IC,Iddq,µA,LOT-10,125.41,10.1697,22.2408,11.8429,14.1164
CMP-004730,Memory IC,Standby Current,µA,LOT-14,128.49,25.7976,25.9959,26.0427,26.9064
CMP-004731,ADC,Leakage Current,µA,LOT-04,128.7,5.0716,6.533,11.9774,23.4594
CMP-004732,Driver IC,Propagation Delay,ns,LOT-08,124.38,17.712,19.3318,28.5537,41.165
CMP-004733,Logic IC,Iddq,µA,LOT-10,124.16,9.7769,10.5847,18.2949,35.2497
CMP-004734,Memory IC,Standby Current,µA,LOT-11,124.33,25.2762,26.059,26.2327,26.6359
CMP-004735,ADC,Leakage Current,µA,LOT-02,126.2,4.7532,4.7969,4.8313,5.0544
CMP-004736,Driver IC,Propagation Delay,ns,LOT-14,126.25,18.1034,19.1974,24.2373,34.5352
CMP-004737,Logic IC,Iddq,µA,LOT-16,125.23,10.0474,11.8429,20.5561,33.6049
CMP-004738,Memory IC,Standby Current,µA,LOT-09,122.69,24.622,28.9946,39.6498,60.8347
CMP-004739,ADC,Leakage Current,µA,LOT-19,124.79,5.2352,11.3537,6.4358,6.7472
CMP-004740,Driver IC,Propagation Delay,ns,LOT-16,121.84,18.0061,18.1837,18.6537,18.5149
CMP-004741,Logic IC,Iddq,µA,LOT-12,121.95,10.4256,10.162,10.6274,11.04
CMP-004742,Memory IC,Standby Current,µA,LOT-17,122.58,25.2702,25.7814,25.7774,26.218
CMP-004743,ADC,Leakage Current,µA,LOT-06,126.58,5.0944,5.2117,5.3157,5.4346
CMP-004744,Driver IC,Propagation Delay,ns,LOT-01,125.89,18.059,18.6915,19.0317,19.3806
CMP-004745,Logic IC,Iddq,µA,LOT-09,123.47,10.1051,11.9588,21.0468,40.505
CMP-004746,Memory IC,Standby Current,µA,LOT-02,122.17,23.9301,27.5478,37.2455,60.0872
CMP-004747,ADC,Leakage Current,µA,LOT-18,126.02,5.1108,5.2176,5.4501,5.6622
CMP-004748,Driver IC,Propagation Delay,ns,LOT-18,125.79,18.2291,18.4711,18.7662,18.9386
CMP-004749,Logic IC,Iddq,µA,LOT-09,124.16,9.9785,22.8206,10.69,13.8799
CMP-004750,Memory IC,Standby Current,µA,LOT-09,124.5,23.6508,26.5312,39.8325,77.3428
CMP-004751,ADC,Leakage Current,µA,LOT-05,123.14,4.7136,5.912,11.4094,20.9544
CMP-004752,Driver IC,Propagation Delay,ns,LOT-10,127.98,17.4753,17.8405,17.656,17.9186
CMP-004753,Logic IC,Iddq,µA,LOT-13,123.06,10.0199,10.3836,10.6495,11.0044
CMP-004754,Memory IC,Standby Current,µA,LOT-12,125.47,24.4087,24.2223,24.9669,25.2908
CMP-004755,ADC,Leakage Current,µA,LOT-13,123.93,4.9749,6.1181,10.6802,17.7585
CMP-004756,Driver IC,Propagation Delay,ns,LOT-06,123.05,17.3378,17.7227,17.7365,17.6527
CMP-004757,Logic IC,Iddq,µA,LOT-10,126.25,9.6812,10.0242,10.6891,10.7563
CMP-004758,Memory IC,Standby Current,µA,LOT-13,122.27,25.08,27.3967,37.4109,68.0001
CMP-004759,ADC,Leakage Current,µA,LOT-12,124.36,5.2145,5.9682,9.9499,21.4104
CMP-004760,Driver IC,Propagation Delay,ns,LOT-16,124.59,18.3397,18.5033,18.903,18.8992
CMP-004761,Logic IC,Iddq,µA,LOT-17,123.79,10.154,10.3093,10.7171,10.9227
CMP-004762,Memory IC,Standby Current,µA,LOT-14,127.07,25.034,29.2504,37.5648,60.8292
CMP-004763,ADC,Leakage Current,µA,LOT-20,126.52,4.9773,6.3526,12.0753,23.2343
CMP-004764,Driver IC,Propagation Delay,ns,LOT-08,124.3,18.3119,18.2584,18.3189,18.8406
CMP-004765,Logic IC,Iddq,µA,LOT-16,124.14,10.0483,11.0108,22.4806,40.7361
CMP-004766,Memory IC,Standby Current,µA,LOT-18,126.45,25.1801,29.3604,43.8856,73.3641
CMP-004767,ADC,Leakage Current,µA,LOT-03,121.71,5.1119,5.3595,5.6206,5.7319
CMP-004768,Driver IC,Propagation Delay,ns,LOT-20,123.62,19.2623,20.9386,26.2261,39.7683
CMP-004769,Logic IC,Iddq,µA,LOT-11,125.93,10.4977,10.5558,10.7814,10.9464
CMP-004770,Memory IC,Standby Current,µA,LOT-02,122.53,25.0889,25.7262,25.8563,26.3703
CMP-004771,ADC,Leakage Current,µA,LOT-08,125.19,4.8547,5.0348,5.1771,5.3213
CMP-004772,Driver IC,Propagation Delay,ns,LOT-07,121.56,18.4093,18.486,18.7622,19.6013
CMP-004773,Logic IC,Iddq,µA,LOT-12,122.92,9.734,12.5368,18.5343,32.4037
CMP-004774,Memory IC,Standby Current,µA,LOT-02,124.84,24.9366,26.0034,25.908,26.2097
CMP-004775,ADC,Leakage Current,µA,LOT-13,123.91,5.0758,5.2589,5.3899,5.5189
CMP-004776,Driver IC,Propagation Delay,ns,LOT-19,122.86,17.9779,18.3443,18.4105,18.4542
CMP-004777,Logic IC,Iddq,µA,LOT-08,124.47,9.6799,18.4296,10.3378,11.4403
CMP-004778,Memory IC,Standby Current,µA,LOT-12,125.73,25.4407,25.7933,25.8956,26.7346
CMP-004779,ADC,Leakage Current,µA,LOT-15,123.69,5.0057,5.2526,5.4403,5.6497
CMP-004780,Driver IC,Propagation Delay,ns,LOT-14,124.61,17.8958,28.3803,19.6585,19.8287
CMP-004781,Logic IC,Iddq,µA,LOT-10,124.54,9.9899,10.233,10.3981,10.798
CMP-004782,Memory IC,Standby Current,µA,LOT-17,125.66,24.3428,24.8706,25.2458,26.319
CMP-004783,ADC,Leakage Current,µA,LOT-09,128.13,4.7579,6.3023,9.9374,19.8795
CMP-004784,Driver IC,Propagation Delay,ns,LOT-04,125.27,18.2104,18.5674,18.4846,18.442
CMP-004785,Logic IC,Iddq,µA,LOT-11,125.65,10.2554,10.6217,10.5986,10.9135
CMP-004786,Memory IC,Standby Current,µA,LOT-06,127.1,24.9387,25.3272,25.6343,26.3024
CMP-004787,ADC,Leakage Current,µA,LOT-10,124.43,4.801,5.7516,11.7757,22.8896
CMP-004788,Driver IC,Propagation Delay,ns,LOT-13,126.28,17.6586,18.3192,18.2854,18.4433
CMP-004789,Logic IC,Iddq,µA,LOT-11,124.49,9.8976,10.2264,10.5049,10.8528
CMP-004790,Memory IC,Standby Current,µA,LOT-04,123.36,23.5939,26.6811,39.2813,66.7493
CMP-004791,ADC,Leakage Current,µA,LOT-02,124.27,4.9127,5.1479,5.3715,5.4945
CMP-004792,Driver IC,Propagation Delay,ns,LOT-10,125.54,18.42,26.1074,20.0731,21.6432
CMP-004793,Logic IC,Iddq,µA,LOT-03,125.24,10.3614,11.4802,23.8254,45.9287
CMP-004794,Memory IC,Standby Current,µA,LOT-11,123.02,25.2092,48.4772,26.7547,27.9425
CMP-004795,ADC,Leakage Current,µA,LOT-10,127.4,4.9707,5.124,5.2242,5.3499
CMP-004796,Driver IC,Propagation Delay,ns,LOT-19,125.08,18.5204,18.4803,19.184,19.2932
CMP-004797,Logic IC,Iddq,µA,LOT-20,125.41,9.6974,11.779,17.6952,28.7962
CMP-004798,Memory IC,Standby Current,µA,LOT-07,125.42,24.6917,25.0209,25.8256,26.0882
CMP-004799,ADC,Leakage Current,µA,LOT-18,123.59,4.7147,5.7056,9.6934,19.4958
CMP-004800,Driver IC,Propagation Delay,ns,LOT-01,125.87,18.3969,19.7918,26.3809,43.9687
CMP-004801,Logic IC,Iddq,µA,LOT-14,125.61,9.8768,12.2032,21.7965,38.5136
CMP-004802,Memory IC,Standby Current,µA,LOT-16,126.36,24.7278,25.3337,25.9975,26.0459
CMP-004803,ADC,Leakage Current,µA,LOT-03,125.27,5.1745,15.5347,6.1049,7.0654
CMP-004804,Driver IC,Propagation Delay,ns,LOT-12,124.21,18.2713,28.3952,20.0483,21.4612
CMP-004805,Logic IC,Iddq,µA,LOT-09,122.94,10.085,10.2944,10.2661,10.9483
CMP-004806,Memory IC,Standby Current,µA,LOT-19,124.47,25.4063,26.4861,39.3953,74.2196
CMP-004807,ADC,Leakage Current,µA,LOT-07,122.24,4.8015,5.0638,5.2036,5.2447
CMP-004808,Driver IC,Propagation Delay,ns,LOT-06,120.93,18.1572,17.8158,18.3342,18.5367
CMP-004809,Logic IC,Iddq,µA,LOT-11,126.81,10.1975,10.343,10.6528,10.9973
CMP-004810,Memory IC,Standby Current,µA,LOT-14,125.84,25.0965,43.4486,28.1615,30.2428
CMP-004811,ADC,Leakage Current,µA,LOT-20,123.75,5.2217,6.2111,10.1797,24.4332
CMP-004812,Driver IC,Propagation Delay,ns,LOT-06,124.16,17.8962,18.1421,18.1966,18.9347
CMP-004813,Logic IC,Iddq,µA,LOT-12,126.23,10.3059,10.7269,10.8226,10.9906
CMP-004814,Memory IC,Standby Current,µA,LOT-10,124.18,25.4427,25.2893,25.7153,26.4794
CMP-004815,ADC,Leakage Current,µA,LOT-08,126.54,5.0223,5.7743,11.6857,20.6969
CMP-004816,Driver IC,Propagation Delay,ns,LOT-04,126.51,18.3518,20.3259,26.4878,38.3013
CMP-004817,Logic IC,Iddq,µA,LOT-16,125.65,9.6923,10.462,17.9344,30.6173
CMP-004818,Memory IC,Standby Current,µA,LOT-17,126.97,25.1948,29.7567,40.9019,65.7727
CMP-004819,ADC,Leakage Current,µA,LOT-02,122.35,4.5277,5.4517,12.4588,24.1436
CMP-004820,Driver IC,Propagation Delay,ns,LOT-19,124.3,18.1513,18.1643,18.5706,19.0088
CMP-004821,Logic IC,Iddq,µA,LOT-15,126.39,10.4176,10.5509,10.9532,11.0666
CMP-004822,Memory IC,Standby Current,µA,LOT-18,125.24,24.6284,46.9947,27.8023,29.7378
CMP-004823,ADC,Leakage Current,µA,LOT-13,126.48,5.225,5.2428,5.3508,5.5249
CMP-004824,Driver IC,Propagation Delay,ns,LOT-13,125.4,18.3561,18.3851,18.4775,18.6914
CMP-004825,Logic IC,Iddq,µA,LOT-18,125.54,10.1516,12.0982,21.8844,40.2186
CMP-004826,Memory IC,Standby Current,µA,LOT-05,125.48,25.2652,26.1428,26.1767,26.1251
CMP-004827,ADC,Leakage Current,µA,LOT-04,123.53,5.2532,6.4159,10.1458,16.6178
CMP-004828,Driver IC,Propagation Delay,ns,LOT-14,127.5,18.5237,18.8418,18.9267,18.9644
CMP-004829,Logic IC,Iddq,µA,LOT-20,124.76,9.8252,10.1843,10.4552,10.4894
CMP-004830,Memory IC,Standby Current,µA,LOT-06,124.95,24.5347,24.6877,25.5087,25.6093
CMP-004831,ADC,Leakage Current,µA,LOT-16,128.88,4.7455,6.3638,9.5095,16.7046
CMP-004832,Driver IC,Propagation Delay,ns,LOT-18,125.53,18.4666,18.6204,18.7991,19.5407
CMP-004833,Logic IC,Iddq,µA,LOT-14,126.06,10.5439,10.7511,11.055,11.4712
CMP-004834,Memory IC,Standby Current,µA,LOT-07,123.74,25.674,28.6932,42.7592,59.3401
CMP-004835,ADC,Leakage Current,µA,LOT-18,125.33,5.3321,6.3202,13.4283,24.903
CMP-004836,Driver IC,Propagation Delay,ns,LOT-07,122.9,18.6616,24.9633,19.2299,20.7245
CMP-004837,Logic IC,Iddq,µA,LOT-18,124.73,9.7508,12.0428,19.2459,31.1905
CMP-004838,Memory IC,Standby Current,µA,LOT-11,124.6,25.6434,25.433,25.9702,25.9576
CMP-004839,ADC,Leakage Current,µA,LOT-12,124.34,4.9968,14.3468,5.9542,6.7665
CMP-004840,Driver IC,Propagation Delay,ns,LOT-07,124.56,17.4923,17.9294,18.0127,17.9455
CMP-004841,Logic IC,Iddq,µA,LOT-13,124.03,10.2099,10.8433,19.2895,38.2014
CMP-004842,Memory IC,Standby Current,µA,LOT-16,125.77,23.739,27.5275,37.4806,59.0301
CMP-004843,ADC,Leakage Current,µA,LOT-04,125.07,4.865,5.8427,10.0621,17.9671
CMP-004844,Driver IC,Propagation Delay,ns,LOT-19,125.48,17.9419,18.1556,18.3877,18.8568
CMP-004845,Logic IC,Iddq,µA,LOT-15,126.89,10.071,11.7728,19.3098,37.5684
CMP-004846,Memory IC,Standby Current,µA,LOT-04,125.22,24.3784,29.2001,39.2303,70.7299
CMP-004847,ADC,Leakage Current,µA,LOT-12,125.22,5.2484,15.7106,6.4813,8.2341
CMP-004848,Driver IC,Propagation Delay,ns,LOT-03,125.28,17.4626,17.6949,17.8641,17.9308
CMP-004849,Logic IC,Iddq,µA,LOT-02,125.46,9.6916,11.4464,17.9826,36.9602
CMP-004850,Memory IC,Standby Current,µA,LOT-09,127.36,24.9589,25.4064,25.2076,25.8232
CMP-004851,ADC,Leakage Current,µA,LOT-06,126.2,4.8091,5.9599,9.4729,19.3738
CMP-004852,Driver IC,Propagation Delay,ns,LOT-11,124.64,18.029,20.1526,25.6296,38.2617
CMP-004853,Logic IC,Iddq,µA,LOT-17,125.84,10.206,11.7194,23.1972,38.6717
CMP-004854,Memory IC,Standby Current,µA,LOT-07,122.9,24.7609,24.9423,25.7359,26.9293
CMP-004855,ADC,Leakage Current,µA,LOT-10,124.36,4.5397,4.7406,5.0655,5.2156
CMP-004856,Driver IC,Propagation Delay,ns,LOT-15,127.68,17.9848,18.9616,26.2732,38.196
CMP-004857,Logic IC,Iddq,µA,LOT-01,125.7,9.7714,10.0541,10.4145,10.8915
CMP-004858,Memory IC,Standby Current,µA,LOT-17,125.69,24.8579,39.4583,25.8924,27.2121
CMP-004859,ADC,Leakage Current,µA,LOT-04,126.27,5.2737,5.4711,5.5408,5.6434
CMP-004860,Driver IC,Propagation Delay,ns,LOT-16,123.79,17.4326,19.5191,24.6875,36.7211
CMP-004861,Logic IC,Iddq,µA,LOT-04,124.27,9.808,10.4215,10.5227,10.7306
CMP-004862,Memory IC,Standby Current,µA,LOT-11,125.36,25.6158,25.4699,26.25,26.3182
CMP-004863,ADC,Leakage Current,µA,LOT-05,124.82,4.5435,4.7972,4.8801,4.906
CMP-004864,Driver IC,Propagation Delay,ns,LOT-06,125.29,17.9878,18.6513,27.3339,46.1815
CMP-004865,Logic IC,Iddq,µA,LOT-05,126.34,9.6849,11.0065,22.9249,38.0821
CMP-004866,Memory IC,Standby Current,µA,LOT-18,124.98,24.5524,24.9733,25.9694,26.1053
CMP-004867,ADC,Leakage Current,µA,LOT-03,123.4,5.1328,6.8891,12.2813,18.6131
CMP-004868,Driver IC,Propagation Delay,ns,LOT-10,122.7,16.7459,17.2105,17.1562,16.999
CMP-004869,Logic IC,Iddq,µA,LOT-04,123.92,10.3781,12.4351,20.6603,36.5433
CMP-004870,Memory IC,Standby Current,µA,LOT-13,120.89,24.8211,25.1901,25.9639,25.9953
CMP-004871,ADC,Leakage Current,µA,LOT-02,127.53,4.7908,5.7628,12.6138,26.0423
CMP-004872,Driver IC,Propagation Delay,ns,LOT-11,127.47,17.3923,18.3578,26.4412,43.5765
CMP-004873,Logic IC,Iddq,µA,LOT-02,124.71,9.6792,9.8845,10.2128,10.6218
CMP-004874,Memory IC,Standby Current,µA,LOT-19,125.59,25.6174,25.7253,26.6216,26.87
CMP-004875,ADC,Leakage Current,µA,LOT-13,125.0,4.8566,4.9502,5.1662,5.2983
CMP-004876,Driver IC,Propagation Delay,ns,LOT-12,123.07,18.3194,18.8239,18.8754,19.4275
CMP-004877,Logic IC,Iddq,µA,LOT-13,124.49,9.9482,10.2494,10.5289,10.2838
CMP-004878,Memory IC,Standby Current,µA,LOT-05,124.43,24.9652,25.5237,25.9402,26.4935
CMP-004879,ADC,Leakage Current,µA,LOT-09,124.58,4.9163,5.064,5.1584,5.3392
CMP-004880,Driver IC,Propagation Delay,ns,LOT-15,129.31,18.0129,18.3436,18.7629,18.6313
CMP-004881,Logic IC,Iddq,µA,LOT-05,126.31,9.3107,11.1074,21.8692,36.2566
CMP-004882,Memory IC,Standby Current,µA,LOT-10,124.74,25.339,27.381,37.7203,60.7208
CMP-004883,ADC,Leakage Current,µA,LOT-10,126.0,4.8685,5.0502,5.1647,5.3157
CMP-004884,Driver IC,Propagation Delay,ns,LOT-01,125.24,17.9109,18.9904,24.5445,35.7562
CMP-004885,Logic IC,Iddq,µA,LOT-07,123.81,10.3743,10.1888,10.6453,10.8282
CMP-004886,Memory IC,Standby Current,µA,LOT-08,124.8,24.8173,26.7372,41.455,70.62
CMP-004887,ADC,Leakage Current,µA,LOT-19,125.57,4.868,6.4441,10.8066,18.4584
CMP-004888,Driver IC,Propagation Delay,ns,LOT-09,124.66,18.1333,18.1542,18.6388,18.517
CMP-004889,Logic IC,Iddq,µA,LOT-03,122.5,10.1114,12.9728,21.6144,34.9188
CMP-004890,Memory IC,Standby Current,µA,LOT-08,125.88,24.7897,28.3208,39.2795,71.5291
CMP-004891,ADC,Leakage Current,µA,LOT-14,126.35,5.2927,6.7733,9.9705,20.0779
CMP-004892,Driver IC,Propagation Delay,ns,LOT-13,122.65,17.5131,17.5506,17.9716,18.0897
CMP-004893,Logic IC,Iddq,µA,LOT-19,124.1,9.8145,10.1987,10.3797,10.4947
CMP-004894,Memory IC,Standby Current,µA,LOT-18,126.18,24.1607,24.2671,25.022,25.3051
CMP-004895,ADC,Leakage Current,µA,LOT-04,127.08,5.199,5.6155,11.3314,21.8991
CMP-004896,Driver IC,Propagation Delay,ns,LOT-17,126.34,17.8436,18.6026,18.4583,18.618
CMP-004897,Logic IC,Iddq,µA,LOT-13,124.72,10.4343,12.6875,18.8824,29.1901
CMP-004898,Memory IC,Standby Current,µA,LOT-13,127.03,25.0064,29.1634,37.7311,55.2
CMP-004899,ADC,Leakage Current,µA,LOT-16,124.86,4.8712,5.0138,5.0751,5.2411
CMP-004900,Driver IC,Propagation Delay,ns,LOT-13,127.24,18.2507,18.4682,18.8482,19.0162
CMP-004901,Logic IC,Iddq,µA,LOT-19,125.82,10.0712,10.1538,10.3699,10.4836
CMP-004902,Memory IC,Standby Current,µA,LOT-07,122.91,25.5375,29.9885,44.3197,64.6389
CMP-004903,ADC,Leakage Current,µA,LOT-07,125.46,5.2336,5.4077,5.6708,5.8937
CMP-004904,Driver IC,Propagation Delay,ns,LOT-12,124.04,17.6648,20.3709,27.4465,38.4033
CMP-004905,Logic IC,Iddq,µA,LOT-16,123.76,10.4083,25.2682,12.3928,15.1052
CMP-004906,Memory IC,Standby Current,µA,LOT-09,125.32,24.0676,25.3796,25.9259,26.4732
CMP-004907,ADC,Leakage Current,µA,LOT-04,125.76,5.3156,5.4665,5.6403,5.7191
CMP-004908,Driver IC,Propagation Delay,ns,LOT-18,124.36,16.9531,17.2515,17.4637,17.6861
CMP-004909,Logic IC,Iddq,µA,LOT-19,126.73,10.1789,12.6818,20.1144,37.8125
CMP-004910,Memory IC,Standby Current,µA,LOT-10,123.94,24.7218,28.9606,37.6907,61.4391
CMP-004911,ADC,Leakage Current,µA,LOT-03,124.65,5.0995,5.13,5.2685,5.3244
CMP-004912,Driver IC,Propagation Delay,ns,LOT-15,126.37,18.2502,18.3486,18.6972,19.0566
CMP-004913,Logic IC,Iddq,µA,LOT-18,125.17,9.7,11.8801,19.0675,36.8934
CMP-004914,Memory IC,Standby Current,µA,LOT-05,122.76,24.4971,26.8604,43.0476,73.3876
CMP-004915,ADC,Leakage Current,µA,LOT-03,124.67,5.3067,6.3034,13.7707,22.3857
CMP-004916,Driver IC,Propagation Delay,ns,LOT-10,126.29,18.2982,18.3534,18.7679,18.8802
CMP-004917,Logic IC,Iddq,µA,LOT-13,126.94,10.5881,11.1627,11.1955,11.5751
CMP-004918,Memory IC,Standby Current,µA,LOT-05,124.22,24.2736,24.787,25.476,25.0836
CMP-004919,ADC,Leakage Current,µA,LOT-17,125.62,5.0884,6.0662,11.9149,20.5202
CMP-004920,Driver IC,Propagation Delay,ns,LOT-10,127.23,17.5552,19.3149,25.5368,36.5335
CMP-004921,Logic IC,Iddq,µA,LOT-02,127.68,9.2842,9.5782,9.6392,10.0458
CMP-004922,Memory IC,Standby Current,µA,LOT-17,124.45,26.1528,27.5378,41.3117,65.2788
CMP-004923,ADC,Leakage Current,µA,LOT-14,126.46,5.0346,5.5094,5.5093,5.3527
CMP-004924,Driver IC,Propagation Delay,ns,LOT-05,125.86,18.4503,18.8733,18.9302,19.2239
CMP-004925,Logic IC,Iddq,µA,LOT-02,123.82,9.8565,10.1218,10.1976,10.7044
CMP-004926,Memory IC,Standby Current,µA,LOT-20,126.13,25.0334,25.1854,25.2911,26.3173
CMP-004927,ADC,Leakage Current,µA,LOT-06,125.59,4.7011,4.8415,4.9478,5.0515
CMP-004928,Driver IC,Propagation Delay,ns,LOT-04,126.12,18.3827,17.9228,18.6654,19.1654
CMP-004929,Logic IC,Iddq,µA,LOT-02,125.22,10.4076,10.7698,11.1557,11.1366
CMP-004930,Memory IC,Standby Current,µA,LOT-19,125.83,25.3204,26.7009,26.3737,27.5512
CMP-004931,ADC,Leakage Current,µA,LOT-18,124.75,4.8439,5.4153,12.5185,26.6893
CMP-004932,Driver IC,Propagation Delay,ns,LOT-14,123.37,18.8294,30.6844,19.1479,22.0145
CMP-004933,Logic IC,Iddq,µA,LOT-02,123.43,9.3449,12.2442,19.4607,36.6046
CMP-004934,Memory IC,Standby Current,µA,LOT-14,126.67,26.5579,26.2109,26.5565,27.1425
CMP-004935,ADC,Leakage Current,µA,LOT-15,124.86,4.9282,12.5149,5.736,6.7476
CMP-004936,Driver IC,Propagation Delay,ns,LOT-05,125.98,17.7657,18.0308,18.35,18.434
CMP-004937,Logic IC,Iddq,µA,LOT-01,125.05,9.9009,12.5035,20.6132,31.1076
CMP-004938,Memory IC,Standby Current,µA,LOT-16,129.59,25.0448,38.903,26.5105,29.8005
CMP-004939,ADC,Leakage Current,µA,LOT-13,124.41,5.2427,5.4416,5.6763,5.6414
CMP-004940,Driver IC,Propagation Delay,ns,LOT-01,128.49,19.0176,26.7992,19.4158,22.3028
CMP-004941,Logic IC,Iddq,µA,LOT-18,123.39,9.9055,12.799,17.8213,31.027
CMP-004942,Memory IC,Standby Current,µA,LOT-15,125.69,25.3118,45.0335,26.7427,30.1282
CMP-004943,ADC,Leakage Current,µA,LOT-11,124.37,5.047,6.73,12.6411,21.3593
CMP-004944,Driver IC,Propagation Delay,ns,LOT-13,125.36,17.979,19.6502,25.9556,42.2919
CMP-004945,Logic IC,Iddq,µA,LOT-02,126.39,9.3587,12.0594,20.9477,33.1146
CMP-004946,Memory IC,Standby Current,µA,LOT-16,123.32,24.3899,24.5485,24.8264,25.3832
CMP-004947,ADC,Leakage Current,µA,LOT-06,122.97,4.7312,4.9785,5.0427,5.1911
CMP-004948,Driver IC,Propagation Delay,ns,LOT-07,125.01,17.6464,17.9412,18.1224,18.4332
CMP-004949,Logic IC,Iddq,µA,LOT-17,127.02,10.1635,10.3789,10.507,11.0279
CMP-004950,Memory IC,Standby Current,µA,LOT-03,122.28,25.5366,26.0394,26.4597,26.495
CMP-004951,ADC,Leakage Current,µA,LOT-13,124.71,5.1283,5.2604,5.3729,5.5858
CMP-004952,Driver IC,Propagation Delay,ns,LOT-17,125.1,18.0747,18.6911,18.5459,18.8119
CMP-004953,Logic IC,Iddq,µA,LOT-05,126.52,9.1641,11.8735,18.4724,34.4085
CMP-004954,Memory IC,Standby Current,µA,LOT-18,127.39,25.1787,27.1993,37.1017,63.9564
CMP-004955,ADC,Leakage Current,µA,LOT-07,125.96,5.0027,6.0796,11.2665,19.6391
CMP-004956,Driver IC,Propagation Delay,ns,LOT-14,125.76,17.9289,18.4506,18.6794,18.6421
CMP-004957,Logic IC,Iddq,µA,LOT-03,122.84,10.1022,10.4204,10.8064,10.9406
CMP-004958,Memory IC,Standby Current,µA,LOT-16,126.61,25.0931,25.5751,26.0833,26.3854
CMP-004959,ADC,Leakage Current,µA,LOT-08,125.91,4.7882,4.9872,5.0898,5.0688
CMP-004960,Driver IC,Propagation Delay,ns,LOT-07,123.85,18.2686,27.3653,19.6517,21.683
CMP-004961,Logic IC,Iddq,µA,LOT-15,126.3,10.0351,10.9769,20.0922,32.9669
CMP-004962,Memory IC,Standby Current,µA,LOT-13,123.82,24.5451,25.2258,25.1629,25.6563
CMP-004963,ADC,Leakage Current,µA,LOT-09,127.02,5.0057,6.3357,10.5996,18.4474
CMP-004964,Driver IC,Propagation Delay,ns,LOT-14,126.53,18.2631,18.6997,18.8441,18.7779
CMP-004965,Logic IC,Iddq,µA,LOT-09,125.52,10.0625,10.6312,10.7502,11.0389
CMP-004966,Memory IC,Standby Current,µA,LOT-03,126.11,25.2293,27.1458,43.7326,79.6803
CMP-004967,ADC,Leakage Current,µA,LOT-01,124.72,5.1543,5.1431,5.3017,5.4227
CMP-004968,Driver IC,Propagation Delay,ns,LOT-17,124.15,17.5136,17.7531,18.5181,18.3355
CMP-004969,Logic IC,Iddq,µA,LOT-10,125.96,9.8536,10.012,10.1226,10.3834
CMP-004970,Memory IC,Standby Current,µA,LOT-17,124.73,25.0287,26.8786,39.4857,61.3876
CMP-004971,ADC,Leakage Current,µA,LOT-09,126.29,4.9512,6.5086,11.3139,22.2328
CMP-004972,Driver IC,Propagation Delay,ns,LOT-16,126.05,17.1234,17.0505,17.6107,17.5609
CMP-004973,Logic IC,Iddq,µA,LOT-09,127.17,9.8917,11.036,17.8655,41.3524
CMP-004974,Memory IC,Standby Current,µA,LOT-07,125.54,24.9846,27.7056,43.4008,60.4379
CMP-004975,ADC,Leakage Current,µA,LOT-09,124.93,4.6013,10.5544,5.8841,7.1764
CMP-004976,Driver IC,Propagation Delay,ns,LOT-06,126.55,18.2807,18.7007,18.7798,18.6688
CMP-004977,Logic IC,Iddq,µA,LOT-20,124.54,9.929,10.4376,10.7485,10.9613
CMP-004978,Memory IC,Standby Current,µA,LOT-08,122.41,24.6492,25.0188,25.6419,26.4145
CMP-004979,ADC,Leakage Current,µA,LOT-04,124.63,5.1577,5.3825,5.5044,5.6927
CMP-004980,Driver IC,Propagation Delay,ns,LOT-18,125.11,17.7433,19.2654,28.4501,45.6201
CMP-004981,Logic IC,Iddq,µA,LOT-02,127.26,9.8446,10.1629,10.4702,10.4421
CMP-004982,Memory IC,Standby Current,µA,LOT-03,124.59,24.7799,25.581,25.8796,25.9734
CMP-004983,ADC,Leakage Current,µA,LOT-20,125.74,4.8145,4.9331,5.1516,5.2136
CMP-004984,Driver IC,Propagation Delay,ns,LOT-02,126.03,16.88,17.8141,17.4415,17.7173
CMP-004985,Logic IC,Iddq,µA,LOT-13,124.3,9.9682,10.9119,18.2334,39.9893
CMP-004986,Memory IC,Standby Current,µA,LOT-20,125.52,24.9582,25.4835,25.2391,25.7087
CMP-004987,ADC,Leakage Current,µA,LOT-08,121.45,4.867,5.1087,5.144,5.2667
CMP-004988,Driver IC,Propagation Delay,ns,LOT-05,123.5,17.9438,19.22,26.0733,40.1877
CMP-004989,Logic IC,Iddq,µA,LOT-15,127.1,9.916,10.0228,9.8515,10.4408
CMP-004990,Memory IC,Standby Current,µA,LOT-01,124.58,25.8192,27.4223,45.0894,81.3218
CMP-004991,ADC,Leakage Current,µA,LOT-20,126.68,4.9465,5.1974,5.2713,5.494
CMP-004992,Driver IC,Propagation Delay,ns,LOT-11,124.85,17.8243,18.2269,18.4656,18.8018
CMP-004993,Logic IC,Iddq,µA,LOT-16,125.6,9.7339,12.5859,22.1925,36.9211
CMP-004994,Memory IC,Standby Current,µA,LOT-05,125.23,24.1731,24.6382,25.0623,25.0521
CMP-004995,ADC,Leakage Current,µA,LOT-19,124.75,5.2669,6.7022,12.0795,24.0584
CMP-004996,Driver IC,Propagation Delay,ns,LOT-17,126.36,17.8628,19.4281,23.7471,33.1006
CMP-004997,Logic IC,Iddq,µA,LOT-15,124.19,9.734,9.8156,9.9537,10.3653
CMP-004998,Memory IC,Standby Current,µA,LOT-07,126.5,25.6371,26.215,26.0383,26.4722
CMP-004999,ADC,Leakage Current,µA,LOT-05,124.81,4.557,11.6874,5.4582,6.0792
CMP-005000,Driver IC,Propagation Delay,ns,LOT-06,125.94,17.8569,18.4177,18.3635,18.624
CMP-005001,Logic IC,Iddq,µA,LOT-15,125.77,9.9799,10.2719,10.5377,10.5164
CMP-005002,Memory IC,Standby Current,µA,LOT-01,124.13,25.2846,25.5969,26.1793,26.2813
CMP-005003,ADC,Leakage Current,µA,LOT-09,127.61,4.9338,5.1425,5.1918,5.4034
CMP-005004,Driver IC,Propagation Delay,ns,LOT-05,124.41,18.0886,18.8755,27.9085,45.5477
CMP-005005,Logic IC,Iddq,µA,LOT-04,127.03,9.9312,22.9336,12.309,14.8375
CMP-005006,Memory IC,Standby Current,µA,LOT-15,124.18,24.3294,27.1717,40.8189,68.313
CMP-005007,ADC,Leakage Current,µA,LOT-11,125.0,5.4853,7.0257,10.5226,21.7665
CMP-005008,Driver IC,Propagation Delay,ns,LOT-16,126.7,17.7994,18.141,18.4757,18.8408
CMP-005009,Logic IC,Iddq,µA,LOT-04,122.73,10.3457,19.2601,10.6804,13.6932
CMP-005010,Memory IC,Standby Current,µA,LOT-13,124.75,25.4233,26.4046,26.4151,26.8088
CMP-005011,ADC,Leakage Current,µA,LOT-09,123.46,5.1297,11.543,6.1879,8.2369
CMP-005012,Driver IC,Propagation Delay,ns,LOT-05,122.22,17.6329,17.8579,17.7682,18.1178
CMP-005013,Logic IC,Iddq,µA,LOT-07,124.47,10.0778,10.168,10.1786,10.7331
CMP-005014,Memory IC,Standby Current,µA,LOT-12,124.7,25.2296,29.1685,39.9077,59.9948
CMP-005015,ADC,Leakage Current,µA,LOT-16,123.79,4.9542,5.0282,5.2661,5.3877
CMP-005016,Driver IC,Propagation Delay,ns,LOT-15,126.28,18.7227,19.6924,26.8104,42.4431
CMP-005017,Logic IC,Iddq,µA,LOT-18,127.41,9.8462,20.2551,11.8448,12.6482
CMP-005018,Memory IC,Standby Current,µA,LOT-19,124.89,25.353,28.1661,46.5205,69.5416
CMP-005019,ADC,Leakage Current,µA,LOT-01,123.35,4.8397,5.7737,12.7792,25.7109
CMP-005020,Driver IC,Propagation Delay,ns,LOT-18,126.39,17.6195,19.5327,25.6799,37.5417
CMP-005021,Logic IC,Iddq,µA,LOT-05,126.74,9.3663,9.5866,10.0033,10.1593
CMP-005022,Memory IC,Standby Current,µA,LOT-04,126.22,25.5086,51.8252,28.0779,31.3166
CMP-005023,ADC,Leakage Current,µA,LOT-12,125.0,5.0149,5.2791,5.2691,5.3784
CMP-005024,Driver IC,Propagation Delay,ns,LOT-04,125.48,18.5735,21.4172,27.3497,40.1608
CMP-005025,Logic IC,Iddq,µA,LOT-03,124.53,10.0133,11.0597,20.535,43.0456
CMP-005026,Memory IC,Standby Current,µA,LOT-05,126.54,25.5638,29.5503,40.5909,70.6302
CMP-005027,ADC,Leakage Current,µA,LOT-20,124.9,5.0747,5.3048,5.4922,5.6267
CMP-005028,Driver IC,Propagation Delay,ns,LOT-15,124.24,17.8078,18.1777,18.2184,18.6404
CMP-005029,Logic IC,Iddq,µA,LOT-12,125.62,10.4114,10.8147,11.0506,11.1765
CMP-005030,Memory IC,Standby Current,µA,LOT-14,126.25,24.4515,48.3595,26.6704,29.5403
CMP-005031,ADC,Leakage Current,µA,LOT-03,126.52,4.9844,5.0827,5.2246,5.3401
CMP-005032,Driver IC,Propagation Delay,ns,LOT-11,125.0,17.0211,17.3686,17.6054,17.8329
CMP-005033,Logic IC,Iddq,µA,LOT-06,124.1,9.9971,10.0024,10.4264,10.5712
CMP-005034,Memory IC,Standby Current,µA,LOT-09,126.74,24.8439,51.2141,28.9758,31.827
CMP-005035,ADC,Leakage Current,µA,LOT-09,126.86,5.0121,5.103,5.2166,5.3528
CMP-005036,Driver IC,Propagation Delay,ns,LOT-12,125.8,18.1772,18.2034,18.7999,18.7723
CMP-005037,Logic IC,Iddq,µA,LOT-18,124.94,9.5559,9.702,9.9388,10.1488
CMP-005038,Memory IC,Standby Current,µA,LOT-20,125.83,24.07,24.9345,25.4126,25.9995
CMP-005039,ADC,Leakage Current,µA,LOT-15,127.44,5.2807,5.9082,12.5964,25.7714
CMP-005040,Driver IC,Propagation Delay,ns,LOT-01,125.53,18.2035,18.4706,18.7541,18.689
CMP-005041,Logic IC,Iddq,µA,LOT-14,126.03,10.5245,10.6487,11.2807,11.3465
CMP-005042,Memory IC,Standby Current,µA,LOT-20,125.61,24.2443,26.6666,37.6757,77.2254
CMP-005043,ADC,Leakage Current,µA,LOT-12,123.13,5.1937,5.5625,5.6249,5.7374
CMP-005044,Driver IC,Propagation Delay,ns,LOT-06,124.97,18.3168,28.0077,19.7984,22.0813
CMP-005045,Logic IC,Iddq,µA,LOT-20,124.54,10.2392,12.1093,17.9851,37.1858
CMP-005046,Memory IC,Standby Current,µA,LOT-04,126.65,25.4573,29.5908,38.5259,64.8136
CMP-005047,ADC,Leakage Current,µA,LOT-02,124.21,4.7256,4.9784,5.1115,5.2987
CMP-005048,Driver IC,Propagation Delay,ns,LOT-02,124.79,17.8263,18.2533,18.0451,18.5196
CMP-005049,Logic IC,Iddq,µA,LOT-05,126.34,9.7594,19.7474,12.1557,12.7051
CMP-005050,Memory IC,Standby Current,µA,LOT-15,127.09,25.351,45.8119,28.8272,30.2526
CMP-005051,ADC,Leakage Current,µA,LOT-18,126.52,5.0931,5.2296,5.214,5.4137
CMP-005052,Driver IC,Propagation Delay,ns,LOT-13,124.19,18.2063,18.4539,18.5682,18.4195
CMP-005053,Logic IC,Iddq,µA,LOT-11,126.29,10.3114,19.088,12.0164,13.1041
CMP-005054,Memory IC,Standby Current,µA,LOT-08,125.37,24.6975,25.4687,25.2631,25.5643
CMP-005055,ADC,Leakage Current,µA,LOT-09,125.25,4.7994,9.6704,5.9797,7.036
CMP-005056,Driver IC,Propagation Delay,ns,LOT-17,122.31,18.4253,19.2703,29.3205,46.2013
CMP-005057,Logic IC,Iddq,µA,LOT-14,126.2,10.4897,13.1943,18.3279,33.3226
CMP-005058,Memory IC,Standby Current,µA,LOT-18,124.54,25.1482,29.2169,40.4644,65.9941
CMP-005059,ADC,Leakage Current,µA,LOT-10,125.5,5.006,6.4756,10.403,16.6772
CMP-005060,Driver IC,Propagation Delay,ns,LOT-01,125.52,18.1741,28.9272,19.5226,21.5029
CMP-005061,Logic IC,Iddq,µA,LOT-03,124.64,9.7191,12.3811,19.5971,38.1066
CMP-005062,Memory IC,Standby Current,µA,LOT-06,124.7,24.9434,25.3348,25.3927,26.3092
CMP-005063,ADC,Leakage Current,µA,LOT-19,125.61,5.2013,5.4437,5.4553,5.667
CMP-005064,Driver IC,Propagation Delay,ns,LOT-08,124.08,18.5712,18.662,19.0748,19.0103
CMP-005065,Logic IC,Iddq,µA,LOT-02,125.82,10.1832,10.4482,10.5194,10.8907
CMP-005066,Memory IC,Standby Current,µA,LOT-08,126.95,25.9132,27.0298,27.3788,27.7461
CMP-005067,ADC,Leakage Current,µA,LOT-11,123.24,5.2993,6.7562,9.949,19.5034
CMP-005068,Driver IC,Propagation Delay,ns,LOT-14,124.29,18.1567,18.7209,18.8909,18.8185
CMP-005069,Logic IC,Iddq,µA,LOT-02,126.53,9.901,10.1972,10.512,10.6929
CMP-005070,Memory IC,Standby Current,µA,LOT-11,124.49,24.5721,27.634,41.1157,69.1932
CMP-005071,ADC,Leakage Current,µA,LOT-20,124.18,4.9531,5.2107,5.3524,5.5802
CMP-005072,Driver IC,Propagation Delay,ns,LOT-02,122.79,17.33,17.7707,17.9328,18.131
CMP-005073,Logic IC,Iddq,µA,LOT-12,127.3,10.2424,10.5373,10.7796,11.0783
CMP-005074,Memory IC,Standby Current,µA,LOT-08,123.85,24.5675,28.7365,41.839,71.3874
CMP-005075,ADC,Leakage Current,µA,LOT-11,122.23,5.4198,5.5783,5.6067,5.805
CMP-005076,Driver IC,Propagation Delay,ns,LOT-15,124.65,18.0096,18.3616,18.2384,18.1854
CMP-005077,Logic IC,Iddq,µA,LOT-12,125.87,9.7246,10.0812,10.2639,10.6598
CMP-005078,Memory IC,Standby Current,µA,LOT-04,123.87,25.4732,27.4381,47.0367,81.2838
CMP-005079,ADC,Leakage Current,µA,LOT-15,125.71,4.9888,5.0643,5.1032,5.2681
CMP-005080,Driver IC,Propagation Delay,ns,LOT-12,123.04,18.0228,17.9138,18.6465,18.4278
CMP-005081,Logic IC,Iddq,µA,LOT-08,124.63,9.6071,11.3123,17.1608,34.7853
CMP-005082,Memory IC,Standby Current,µA,LOT-01,125.81,25.4721,26.0678,26.1675,27.3471
CMP-005083,ADC,Leakage Current,µA,LOT-05,124.67,4.4856,4.7891,4.8814,5.0213
CMP-005084,Driver IC,Propagation Delay,ns,LOT-14,125.07,18.2431,19.2096,24.2433,38.9447
CMP-005085,Logic IC,Iddq,µA,LOT-01,126.06,9.8972,11.4192,18.0184,32.3972
CMP-005086,Memory IC,Standby Current,µA,LOT-12,123.58,25.538,28.8208,44.9045,69.2176
CMP-005087,ADC,Leakage Current,µA,LOT-02,124.57,4.9288,6.334,10.8478,21.4729
CMP-005088,Driver IC,Propagation Delay,ns,LOT-09,126.91,17.8727,28.3682,19.3914,19.6078
CMP-005089,Logic IC,Iddq,µA,LOT-10,124.49,9.873,11.7609,20.4315,34.5116
CMP-005090,Memory IC,Standby Current,µA,LOT-15,125.05,25.3383,25.6917,25.9784,26.7136
CMP-005091,ADC,Leakage Current,µA,LOT-05,122.77,4.5389,4.65,4.7488,4.9718
CMP-005092,Driver IC,Propagation Delay,ns,LOT-17,124.92,17.9386,27.2403,19.3134,19.9474
CMP-005093,Logic IC,Iddq,µA,LOT-10,127.3,9.4682,11.9235,19.7087,38.2664
CMP-005094,Memory IC,Standby Current,µA,LOT-03,123.07,24.7761,25.1622,25.8442,26.1965
CMP-005095,ADC,Leakage Current,µA,LOT-05,124.83,4.43,4.5827,4.6708,4.8895
CMP-005096,Driver IC,Propagation Delay,ns,LOT-04,126.08,18.1791,20.9492,26.0523,37.8412
CMP-005097,Logic IC,Iddq,µA,LOT-19,125.19,10.0898,18.7565,11.1461,12.1113
CMP-005098,Memory IC,Standby Current,µA,LOT-19,128.03,24.19,27.2402,42.4703,73.8618
CMP-005099,ADC,Leakage Current,µA,LOT-17,125.74,5.1473,5.1782,5.3592,5.5074
CMP-005100,Driver IC,Propagation Delay,ns,LOT-15,125.18,18.4192,18.3578,18.4639,18.8717
CMP-005101,Logic IC,Iddq,µA,LOT-03,125.88,10.548,10.7254,11.1768,11.521
CMP-005102,Memory IC,Standby Current,µA,LOT-16,124.96,25.7212,27.4678,43.1564,79.5264
CMP-005103,ADC,Leakage Current,µA,LOT-16,124.22,4.7147,4.747,4.975,4.9915
CMP-005104,Driver IC,Propagation Delay,ns,LOT-01,123.82,18.0119,18.575,25.7334,37.5614
CMP-005105,Logic IC,Iddq,µA,LOT-14,124.32,10.583,10.3648,10.8309,11.0687
CMP-005106,Memory IC,Standby Current,µA,LOT-06,124.12,24.6709,51.3247,27.1473,28.7619
CMP-005107,ADC,Leakage Current,µA,LOT-17,122.64,4.984,5.125,5.2391,5.5037
CMP-005108,Driver IC,Propagation Delay,ns,LOT-10,124.78,17.8477,18.4787,18.5864,18.7217
CMP-005109,Logic IC,Iddq,µA,LOT-11,122.28,9.97,9.9619,10.0203,10.1081
CMP-005110,Memory IC,Standby Current,µA,LOT-03,121.45,24.8812,29.0222,37.7562,58.9962
CMP-005111,ADC,Leakage Current,µA,LOT-17,123.79,5.0906,5.347,5.3163,5.4267
CMP-005112,Driver IC,Propagation Delay,ns,LOT-04,124.58,18.1707,18.3451,18.2426,18.5667
CMP-005113,Logic IC,Iddq,µA,LOT-10,125.43,9.6966,12.3659,21.4015,34.6553
CMP-005114,Memory IC,Standby Current,µA,LOT-11,124.48,25.0121,25.4431,26.457,27.1643
CMP-005115,ADC,Leakage Current,µA,LOT-09,123.53,4.6673,4.903,5.0522,5.1455
CMP-005116,Driver IC,Propagation Delay,ns,LOT-04,124.91,17.8465,25.8522,18.983,21.1731
CMP-005117,Logic IC,Iddq,µA,LOT-09,123.76,9.703,21.4262,10.7286,13.1262
CMP-005118,Memory IC,Standby Current,µA,LOT-04,126.39,24.4224,28.4608,41.7604,71.9765
CMP-005119,ADC,Leakage Current,µA,LOT-10,124.39,4.875,5.0275,5.2885,5.3676
CMP-005120,Driver IC,Propagation Delay,ns,LOT-07,124.48,18.7391,18.8845,18.6814,18.7566
CMP-005121,Logic IC,Iddq,µA,LOT-19,129.32,10.176,10.5539,10.782,11.1852
CMP-005122,Memory IC,Standby Current,µA,LOT-14,125.37,24.3211,25.7794,42.1263,82.306
CMP-005123,ADC,Leakage Current,µA,LOT-19,125.7,4.96,5.2026,5.2828,5.3332
CMP-005124,Driver IC,Propagation Delay,ns,LOT-16,123.62,18.3469,18.7443,18.6704,18.5451
CMP-005125,Logic IC,Iddq,µA,LOT-02,123.78,9.4504,21.4379,10.9648,14.4985
CMP-005126,Memory IC,Standby Current,µA,LOT-13,123.32,24.988,51.155,27.5698,33.2306
CMP-005127,ADC,Leakage Current,µA,LOT-01,124.56,5.0768,10.1539,6.5652,8.4459
CMP-005128,Driver IC,Propagation Delay,ns,LOT-02,124.52,18.1024,18.0108,18.7156,18.7854
CMP-005129,Logic IC,Iddq,µA,LOT-07,123.1,10.301,12.3592,20.8968,35.1296
CMP-005130,Memory IC,Standby Current,µA,LOT-05,124.62,24.0984,27.0933,38.853,61.6899
CMP-005131,ADC,Leakage Current,µA,LOT-09,127.89,4.7892,5.0912,5.0714,5.2019
CMP-005132,Driver IC,Propagation Delay,ns,LOT-20,122.48,17.5449,18.0859,18.2754,18.3182
CMP-005133,Logic IC,Iddq,µA,LOT-15,124.99,10.0494,10.5432,10.6687,10.8018
CMP-005134,Memory IC,Standby Current,µA,LOT-04,126.0,24.8203,28.1835,47.1902,73.9311
CMP-005135,ADC,Leakage Current,µA,LOT-07,127.97,4.8312,5.872,10.1854,17.9126
CMP-005136,Driver IC,Propagation Delay,ns,LOT-04,124.66,18.6967,18.7272,19.2561,19.383
CMP-005137,Logic IC,Iddq,µA,LOT-20,122.86,10.3429,10.7844,10.8801,11.1643
CMP-005138,Memory IC,Standby Current,µA,LOT-19,125.05,24.193,24.508,25.0855,25.0446
CMP-005139,ADC,Leakage Current,µA,LOT-13,125.09,5.0944,5.0683,5.3438,5.4842
CMP-005140,Driver IC,Propagation Delay,ns,LOT-01,122.95,18.6049,18.4576,18.5572,18.673
CMP-005141,Logic IC,Iddq,µA,LOT-16,125.51,9.7114,11.3601,18.2186,31.1394
CMP-005142,Memory IC,Standby Current,µA,LOT-19,125.67,25.2833,37.5157,28.6288,30.6998
CMP-005143,ADC,Leakage Current,µA,LOT-05,125.83,4.4379,4.4105,4.7058,4.7756
CMP-005144,Driver IC,Propagation Delay,ns,LOT-05,125.04,17.5337,17.7197,18.1183,17.9402
CMP-005145,Logic IC,Iddq,µA,LOT-11,125.13,10.3725,12.4375,21.6006,40.0136
CMP-005146,Memory IC,Standby Current,µA,LOT-19,123.57,25.5808,26.0996,26.5676,26.9287
CMP-005147,ADC,Leakage Current,µA,LOT-02,124.83,4.6246,5.3466,11.1284,23.6395
CMP-005148,Driver IC,Propagation Delay,ns,LOT-11,127.04,18.1365,20.15,27.9742,36.9794
CMP-005149,Logic IC,Iddq,µA,LOT-14,126.07,9.9327,10.2556,10.4884,10.7863
CMP-005150,Memory IC,Standby Current,µA,LOT-09,122.19,25.6378,25.863,26.2273,26.7997
CMP-005151,ADC,Leakage Current,µA,LOT-19,124.47,5.0529,5.7057,11.5686,21.469
CMP-005152,Driver IC,Propagation Delay,ns,LOT-01,126.19,18.378,19.6939,26.5708,39.7542
CMP-005153,Logic IC,Iddq,µA,LOT-19,125.59,9.7695,17.4552,11.1055,13.9319
CMP-005154,Memory IC,Standby Current,µA,LOT-07,125.5,25.4471,25.6003,27.3384,26.7623
CMP-005155,ADC,Leakage Current,µA,LOT-17,126.65,4.9688,5.1823,5.428,5.5219
CMP-005156,Driver IC,Propagation Delay,ns,LOT-20,125.51,17.3253,17.5928,17.6751,17.7557
CMP-005157,Logic IC,Iddq,µA,LOT-03,125.37,10.2182,17.9363,12.3301,13.9403
CMP-005158,Memory IC,Standby Current,µA,LOT-16,124.61,24.8224,24.7053,25.7745,25.6308
CMP-005159,ADC,Leakage Current,µA,LOT-01,123.41,4.9721,10.3963,5.838,7.4908
CMP-005160,Driver IC,Propagation Delay,ns,LOT-11,123.82,18.0423,18.909,24.0368,37.0684
CMP-005161,Logic IC,Iddq,µA,LOT-18,126.31,9.9986,10.2133,10.206,10.4087
CMP-005162,Memory IC,Standby Current,µA,LOT-10,126.82,24.9246,26.1338,37.8044,75.4639
CMP-005163,ADC,Leakage Current,µA,LOT-03,123.9,5.0974,5.1636,5.2617,5.4605
CMP-005164,Driver IC,Propagation Delay,ns,LOT-09,123.46,17.2329,24.2166,17.5796,18.4924
CMP-005165,Logic IC,Iddq,µA,LOT-11,123.93,10.2996,10.5414,10.7996,10.8292
CMP-005166,Memory IC,Standby Current,µA,LOT-20,127.09,24.6515,25.1631,25.4153,25.7646
CMP-005167,ADC,Leakage Current,µA,LOT-03,125.91,4.9046,5.1772,5.2204,5.342
CMP-005168,Driver IC,Propagation Delay,ns,LOT-12,124.55,18.1119,18.5343,18.7345,19.0835
CMP-005169,Logic IC,Iddq,µA,LOT-12,123.14,9.6955,9.9481,10.1835,10.5494
CMP-005170,Memory IC,Standby Current,µA,LOT-10,123.0,25.0228,27.5713,38.0013,65.6828
CMP-005171,ADC,Leakage Current,µA,LOT-07,124.95,5.2231,5.2355,5.5033,5.4472
CMP-005172,Driver IC,Propagation Delay,ns,LOT-03,125.34,17.8543,18.0402,18.4261,18.8252
CMP-005173,Logic IC,Iddq,µA,LOT-10,123.4,9.5812,9.825,10.0321,10.231
CMP-005174,Memory IC,Standby Current,µA,LOT-07,125.9,24.6498,24.755,25.9902,26.0724
CMP-005175,ADC,Leakage Current,µA,LOT-08,127.25,4.8214,4.9816,5.1019,5.1712
CMP-005176,Driver IC,Propagation Delay,ns,LOT-13,122.19,18.7264,19.6704,29.5709,40.9208
CMP-005177,Logic IC,Iddq,µA,LOT-16,121.94,9.2128,9.3295,9.8719,10.055
CMP-005178,Memory IC,Standby Current,µA,LOT-18,123.25,24.7641,24.8679,25.4236,26.1787
CMP-005179,ADC,Leakage Current,µA,LOT-12,125.81,5.1913,5.2744,5.5291,5.604
CMP-005180,Driver IC,Propagation Delay,ns,LOT-08,125.63,17.5036,19.4987,25.2279,35.0478
CMP-005181,Logic IC,Iddq,µA,LOT-01,127.54,10.3217,12.6533,21.9914,32.4763
CMP-005182,Memory IC,Standby Current,µA,LOT-01,124.04,23.9251,27.7388,40.9444,65.8969
CMP-005183,ADC,Leakage Current,µA,LOT-13,125.46,5.4039,5.6231,5.7457,6.0395
CMP-005184,Driver IC,Propagation Delay,ns,LOT-16,125.19,18.4422,19.0269,27.8955,47.7862
CMP-005185,Logic IC,Iddq,µA,LOT-17,124.33,10.0413,10.5435,10.6122,11.0369
CMP-005186,Memory IC,Standby Current,µA,LOT-15,124.39,25.4429,26.0594,26.3669,26.7417
CMP-005187,ADC,Leakage Current,µA,LOT-15,124.11,4.87,5.8871,9.9774,17.3084
CMP-005188,Driver IC,Propagation Delay,ns,LOT-17,123.68,17.9,19.6831,25.9989,35.0733
CMP-005189,Logic IC,Iddq,µA,LOT-05,124.4,9.3453,11.8392,17.4339,36.7873
CMP-005190,Memory IC,Standby Current,µA,LOT-07,124.52,24.397,28.4416,42.2491,72.1773
CMP-005191,ADC,Leakage Current,µA,LOT-10,123.18,4.9223,5.0451,5.0324,5.2361
CMP-005192,Driver IC,Propagation Delay,ns,LOT-02,126.91,18.5582,19.8267,28.3383,42.2569
CMP-005193,Logic IC,Iddq,µA,LOT-04,124.95,10.1092,20.8968,11.2417,14.8745
CMP-005194,Memory IC,Standby Current,µA,LOT-13,123.57,25.1485,45.9832,26.6131,30.6411
CMP-005195,ADC,Leakage Current,µA,LOT-14,125.86,5.2147,5.4127,5.5763,5.6717
CMP-005196,Driver IC,Propagation Delay,ns,LOT-18,123.38,17.7955,17.598,18.217,17.9574
CMP-005197,Logic IC,Iddq,µA,LOT-07,125.68,10.0201,10.575,10.7187,10.9731
CMP-005198,Memory IC,Standby Current,µA,LOT-18,123.54,23.9624,24.304,24.6123,24.7872
CMP-005199,ADC,Leakage Current,µA,LOT-15,124.92,4.9741,4.9468,5.2582,5.3711
CMP-005200,Driver IC,Propagation Delay,ns,LOT-01,123.1,18.318,19.2147,25.9547,34.8059
CMP-005201,Logic IC,Iddq,µA,LOT-07,124.3,9.4943,9.7984,9.9005,10.2133
CMP-005202,Memory IC,Standby Current,µA,LOT-17,126.53,25.0713,29.0793,40.7577,67.7148
CMP-005203,ADC,Leakage Current,µA,LOT-04,124.87,5.1059,5.6535,12.2773,23.0824
CMP-005204,Driver IC,Propagation Delay,ns,LOT-07,124.76,18.6333,19.9479,27.1931,39.839
CMP-005205,Logic IC,Iddq,µA,LOT-01,123.89,10.3821,10.324,10.6761,10.8251
CMP-005206,Memory IC,Standby Current,µA,LOT-15,123.72,23.9546,27.299,36.5562,64.7678
CMP-005207,ADC,Leakage Current,µA,LOT-20,127.2,4.9857,5.8951,12.9812,21.4315
CMP-005208,Driver IC,Propagation Delay,ns,LOT-06,127.14,18.381,18.1808,18.5468,18.5276
CMP-005209,Logic IC,Iddq,µA,LOT-13,126.15,10.2344,12.7047,20.9345,39.6931
CMP-005210,Memory IC,Standby Current,µA,LOT-07,126.11,25.5164,28.3225,44.1878,62.2429
CMP-005211,ADC,Leakage Current,µA,LOT-15,127.93,5.0688,5.4089,5.4895,5.8139
CMP-005212,Driver IC,Propagation Delay,ns,LOT-12,125.07,17.9427,18.2348,18.4118,18.8934
CMP-005213,Logic IC,Iddq,µA,LOT-07,122.25,10.2202,10.3876,10.7425,10.7757
CMP-005214,Memory IC,Standby Current,µA,LOT-15,123.54,25.1004,25.3561,25.9492,26.4945
CMP-005215,ADC,Leakage Current,µA,LOT-16,125.32,4.8709,4.9238,5.1257,5.19
CMP-005216,Driver IC,Propagation Delay,ns,LOT-13,125.7,17.1146,27.8388,18.4765,19.946
CMP-005217,Logic IC,Iddq,µA,LOT-11,125.53,10.2965,12.124,19.7376,40.7388
CMP-005218,Memory IC,Standby Current,µA,LOT-07,123.07,26.1446,26.2282,26.3838,27.1896
CMP-005219,ADC,Leakage Current,µA,LOT-19,125.94,5.1486,6.1062,11.1674,18.6847
CMP-005220,Driver IC,Propagation Delay,ns,LOT-03,124.14,18.2933,19.8474,26.6699,37.6413
CMP-005221,Logic IC,Iddq,µA,LOT-01,125.79,9.9541,10.1475,10.3576,10.6382
CMP-005222,Memory IC,Standby Current,µA,LOT-18,124.73,24.2267,24.9183,25.2203,25.5867
CMP-005223,ADC,Leakage Current,µA,LOT-01,123.1,5.1446,5.3111,5.6045,5.6573
CMP-005224,Driver IC,Propagation Delay,ns,LOT-02,125.9,17.3084,17.7854,17.6301,17.9137
CMP-005225,Logic IC,Iddq,µA,LOT-08,128.21,10.5317,10.5242,10.91,11.2018
CMP-005226,Memory IC,Standby Current,µA,LOT-01,124.94,24.773,24.9534,25.1944,26.3741
CMP-005227,ADC,Leakage Current,µA,LOT-04,127.26,5.3523,5.5068,5.6244,5.6873
CMP-005228,Driver IC,Propagation Delay,ns,LOT-09,126.32,18.0087,28.6725,19.5354,21.8747
CMP-005229,Logic IC,Iddq,µA,LOT-15,124.63,10.4422,12.1784,19.4347,41.2149
CMP-005230,Memory IC,Standby Current,µA,LOT-11,125.88,23.8197,28.1018,38.9903,67.3671
CMP-005231,ADC,Leakage Current,µA,LOT-01,126.64,4.8997,5.3638,11.5314,26.1904
CMP-005232,Driver IC,Propagation Delay,ns,LOT-09,124.3,17.7918,27.497,19.675,20.5082
CMP-005233,Logic IC,Iddq,µA,LOT-11,128.86,10.1922,10.4799,10.6792,10.8218
CMP-005234,Memory IC,Standby Current,µA,LOT-18,125.85,25.0266,28.6121,43.5337,73.4729
CMP-005235,ADC,Leakage Current,µA,LOT-01,127.79,5.2229,5.4936,5.6828,5.8632
CMP-005236,Driver IC,Propagation Delay,ns,LOT-15,125.94,17.9521,19.6495,25.5779,36.3216
CMP-005237,Logic IC,Iddq,µA,LOT-02,125.91,10.2528,12.2842,17.3118,37.1834
CMP-005238,Memory IC,Standby Current,µA,LOT-20,123.72,24.0908,24.0906,24.5149,24.9735
CMP-005239,ADC,Leakage Current,µA,LOT-10,124.52,4.686,5.8206,10.2668,16.3473
CMP-005240,Driver IC,Propagation Delay,ns,LOT-19,124.6,18.0439,18.764,18.7838,18.7488
CMP-005241,Logic IC,Iddq,µA,LOT-16,124.94,10.6447,11.496,23.8166,43.4233
CMP-005242,Memory IC,Standby Current,µA,LOT-19,123.47,25.0981,25.8445,26.0001,26.2073
CMP-005243,ADC,Leakage Current,µA,LOT-07,125.64,4.8795,5.0441,5.1503,5.2617
CMP-005244,Driver IC,Propagation Delay,ns,LOT-12,123.34,18.3811,18.3174,18.7473,18.7592
CMP-005245,Logic IC,Iddq,µA,LOT-17,123.1,9.9783,12.7656,20.3861,31.1624
CMP-005246,Memory IC,Standby Current,µA,LOT-14,127.9,25.2287,26.0686,25.9455,26.5095
CMP-005247,ADC,Leakage Current,µA,LOT-02,124.12,4.9753,5.1783,5.3009,5.3063
CMP-005248,Driver IC,Propagation Delay,ns,LOT-06,123.38,17.1391,19.1962,23.2583,37.6145
CMP-005249,Logic IC,Iddq,µA,LOT-13,129.18,9.4795,10.9008,17.5615,38.1973
CMP-005250,Memory IC,Standby Current,µA,LOT-06,124.9,24.927,28.0185,45.5318,70.3324
CMP-005251,ADC,Leakage Current,µA,LOT-10,123.82,4.9255,6.3592,12.2165,19.7593
CMP-005252,Driver IC,Propagation Delay,ns,LOT-08,122.92,17.4121,17.6535,17.5034,17.8987
CMP-005253,Logic IC,Iddq,µA,LOT-11,124.36,9.938,12.5787,22.1885,33.9065
CMP-005254,Memory IC,Standby Current,µA,LOT-10,123.46,25.1978,25.6822,25.935,26.7412
CMP-005255,ADC,Leakage Current,µA,LOT-09,124.46,5.0194,4.892,5.0236,5.2077
CMP-005256,Driver IC,Propagation Delay,ns,LOT-10,126.71,17.1559,17.5769,17.9627,18.4288
CMP-005257,Logic IC,Iddq,µA,LOT-02,126.31,9.6012,11.7893,21.7059,32.0764
CMP-005258,Memory IC,Standby Current,µA,LOT-01,122.54,25.3852,27.6765,46.2737,71.7218
CMP-005259,ADC,Leakage Current,µA,LOT-02,125.27,4.9015,5.024,5.1879,5.4577
CMP-005260,Driver IC,Propagation Delay,ns,LOT-05,124.15,17.3861,18.2275,24.0133,43.1633
CMP-005261,Logic IC,Iddq,µA,LOT-18,127.26,9.5007,9.8,9.9085,10.2401
CMP-005262,Memory IC,Standby Current,µA,LOT-15,124.52,25.343,25.8278,25.4886,25.69
CMP-005263,ADC,Leakage Current,µA,LOT-04,122.24,5.4106,6.9301,11.6277,21.0565
CMP-005264,Driver IC,Propagation Delay,ns,LOT-04,124.06,18.5816,18.5038,18.9897,18.7772
CMP-005265,Logic IC,Iddq,µA,LOT-20,122.23,10.2217,10.3333,10.671,10.9289
CMP-005266,Memory IC,Standby Current,µA,LOT-11,124.76,25.0911,28.2097,42.0016,69.9221
CMP-005267,ADC,Leakage Current,µA,LOT-14,123.81,5.3454,11.7569,6.6924,7.226
CMP-005268,Driver IC,Propagation Delay,ns,LOT-01,125.21,18.0491,20.0407,27.1191,41.4773
CMP-005269,Logic IC,Iddq,µA,LOT-20,125.39,10.0498,10.4357,10.6573,11.099
CMP-005270,Memory IC,Standby Current,µA,LOT-06,124.87,24.3393,24.5712,25.3589,25.3587
CMP-005271,ADC,Leakage Current,µA,LOT-10,125.94,5.0162,6.6301,11.985,19.7864
CMP-005272,Driver IC,Propagation Delay,ns,LOT-14,125.97,18.2302,18.3109,18.2276,18.3964
CMP-005273,Logic IC,Iddq,µA,LOT-11,123.86,9.689,11.7808,17.6043,36.9015
CMP-005274,Memory IC,Standby Current,µA,LOT-03,125.94,25.2551,27.9389,43.8941,70.87
CMP-005275,ADC,Leakage Current,µA,LOT-16,123.99,5.0958,5.1786,5.4444,5.57
CMP-005276,Driver IC,Propagation Delay,ns,LOT-02,122.89,18.3,18.4892,18.9447,19.3485
CMP-005277,Logic IC,Iddq,µA,LOT-06,123.63,9.7071,9.9388,10.0601,10.2636
CMP-005278,Memory IC,Standby Current,µA,LOT-12,127.2,24.576,27.5258,35.9552,55.4479
CMP-005279,ADC,Leakage Current,µA,LOT-04,125.63,5.1861,5.2867,5.4958,5.7144
CMP-005280,Driver IC,Propagation Delay,ns,LOT-10,125.66,18.0944,19.5377,27.2215,39.1243
CMP-005281,Logic IC,Iddq,µA,LOT-09,127.61,9.8431,12.2332,20.0917,37.5296
CMP-005282,Memory IC,Standby Current,µA,LOT-12,124.87,25.7613,30.0166,43.9086,74.9135
CMP-005283,ADC,Leakage Current,µA,LOT-07,125.55,4.904,4.9487,5.1095,5.3051
CMP-005284,Driver IC,Propagation Delay,ns,LOT-15,124.99,18.5099,18.5263,18.9415,19.2712
CMP-005285,Logic IC,Iddq,µA,LOT-18,122.13,9.7991,10.0609,10.4826,10.7766
CMP-005286,Memory IC,Standby Current,µA,LOT-05,125.07,24.1905,24.4227,24.8976,25.1708
CMP-005287,ADC,Leakage Current,µA,LOT-15,125.84,4.9518,5.893,11.6364,19.3231
CMP-005288,Driver IC,Propagation Delay,ns,LOT-03,127.55,17.621,19.0007,28.6288,39.0113
CMP-005289,Logic IC,Iddq,µA,LOT-13,125.3,9.0495,9.2661,9.4908,9.7795
CMP-005290,Memory IC,Standby Current,µA,LOT-06,125.14,25.3639,25.7398,26.0174,26.59
CMP-005291,ADC,Leakage Current,µA,LOT-08,124.89,5.0544,5.1444,5.3835,5.7041
CMP-005292,Driver IC,Propagation Delay,ns,LOT-06,124.89,17.7673,17.4403,17.5171,17.9451
CMP-005293,Logic IC,Iddq,µA,LOT-20,123.63,9.8465,10.243,10.5554,10.8379
CMP-005294,Memory IC,Standby Current,µA,LOT-17,123.57,25.4808,28.1498,38.4911,65.7246
CMP-005295,ADC,Leakage Current,µA,LOT-07,126.22,5.1632,5.3151,5.4432,5.599
CMP-005296,Driver IC,Propagation Delay,ns,LOT-17,124.66,18.1892,19.876,23.7679,32.9841
CMP-005297,Logic IC,Iddq,µA,LOT-06,122.4,9.4523,9.6624,10.0695,10.6724
CMP-005298,Memory IC,Standby Current,µA,LOT-18,126.14,24.6629,25.2295,25.4621,26.3954
CMP-005299,ADC,Leakage Current,µA,LOT-09,125.29,4.9775,5.1295,5.234,5.4713
CMP-005300,Driver IC,Propagation Delay,ns,LOT-07,125.6,17.7983,17.8311,17.895,18.2274
CMP-005301,Logic IC,Iddq,µA,LOT-08,126.18,10.6089,10.9183,11.3215,11.5227
CMP-005302,Memory IC,Standby Current,µA,LOT-02,123.67,24.9737,28.2039,47.7601,81.8519
CMP-005303,ADC,Leakage Current,µA,LOT-01,125.87,4.8348,6.0654,11.7989,19.2277
CMP-005304,Driver IC,Propagation Delay,ns,LOT-08,126.24,17.4489,17.8502,17.9339,18.2435
CMP-005305,Logic IC,Iddq,µA,LOT-13,126.58,9.7425,11.3755,20.2687,33.7575
CMP-005306,Memory IC,Standby Current,µA,LOT-05,125.98,24.2454,25.1534,24.6281,25.4711
CMP-005307,ADC,Leakage Current,µA,LOT-15,126.66,5.3434,5.4964,5.7319,5.9096
CMP-005308,Driver IC,Propagation Delay,ns,LOT-05,123.22,17.0499,17.0871,17.7668,17.8094
CMP-005309,Logic IC,Iddq,µA,LOT-06,125.65,9.9793,10.1561,10.4551,10.6916
CMP-005310,Memory IC,Standby Current,µA,LOT-12,125.3,25.8397,50.6545,28.0493,31.1627
CMP-005311,ADC,Leakage Current,µA,LOT-11,123.4,5.0615,6.0881,10.2407,20.2928
CMP-005312,Driver IC,Propagation Delay,ns,LOT-16,123.46,17.5816,19.9397,24.4728,39.2398
CMP-005313,Logic IC,Iddq,µA,LOT-16,128.04,9.6326,11.8136,19.298,37.7067
CMP-005314,Memory IC,Standby Current,µA,LOT-20,127.36,25.0747,25.8761,26.1583,26.7659
CMP-005315,ADC,Leakage Current,µA,LOT-12,126.56,5.2414,5.8064,12.9372,24.1597
CMP-005316,Driver IC,Propagation Delay,ns,LOT-09,125.08,18.0993,18.6253,18.5084,18.743
CMP-005317,Logic IC,Iddq,µA,LOT-03,123.82,10.1957,10.7616,11.0547,11.3272
CMP-005318,Memory IC,Standby Current,µA,LOT-11,125.5,25.1579,25.9923,26.0709,26.7823
CMP-005319,ADC,Leakage Current,µA,LOT-20,124.32,4.8318,5.0229,5.2308,5.5424
CMP-005320,Driver IC,Propagation Delay,ns,LOT-10,125.66,18.1321,20.435,24.4913,32.8754
CMP-005321,Logic IC,Iddq,µA,LOT-05,123.04,10.0727,12.8331,21.0198,37.0319
CMP-005322,Memory IC,Standby Current,µA,LOT-03,127.18,25.2711,26.2065,26.2717,26.8452
CMP-005323,ADC,Leakage Current,µA,LOT-14,124.08,5.3609,5.4159,5.4421,5.6988
CMP-005324,Driver IC,Propagation Delay,ns,LOT-12,125.85,17.9472,17.9328,17.9338,18.1404
CMP-005325,Logic IC,Iddq,µA,LOT-18,125.75,9.8414,12.8252,20.5686,38.3682
CMP-005326,Memory IC,Standby Current,µA,LOT-12,126.37,25.605,28.5157,42.6137,61.137
CMP-005327,ADC,Leakage Current,µA,LOT-05,123.87,4.4492,4.6376,4.8199,4.9403
CMP-005328,Driver IC,Propagation Delay,ns,LOT-16,122.67,17.8883,20.2235,25.9854,34.7587
CMP-005329,Logic IC,Iddq,µA,LOT-07,122.06,10.1182,18.6904,10.6656,12.0353
CMP-005330,Memory IC,Standby Current,µA,LOT-18,126.26,24.5292,25.0201,25.7572,25.8373
CMP-005331,ADC,Leakage Current,µA,LOT-09,122.25,4.8368,5.003,5.2229,5.2833
CMP-005332,Driver IC,Propagation Delay,ns,LOT-07,124.25,18.0908,19.2005,23.4732,37.6165
CMP-005333,Logic IC,Iddq,µA,LOT-11,124.38,9.6625,11.4197,20.3518,35.2673
CMP-005334,Memory IC,Standby Current,µA,LOT-17,125.11,24.2542,27.3171,42.6091,64.0328
CMP-005335,ADC,Leakage Current,µA,LOT-11,123.44,5.3499,13.64,5.8952,7.5215
CMP-005336,Driver IC,Propagation Delay,ns,LOT-12,125.03,18.4576,18.5037,18.9258,19.0024
CMP-005337,Logic IC,Iddq,µA,LOT-04,125.89,10.6465,10.793,11.1652,11.2777
CMP-005338,Memory IC,Standby Current,µA,LOT-17,125.61,24.0697,25.707,38.2374,74.0805
CMP-005339,ADC,Leakage Current,µA,LOT-15,124.04,5.0646,6.0203,10.6894,19.3881
CMP-005340,Driver IC,Propagation Delay,ns,LOT-15,124.22,17.9244,18.1007,18.1766,18.4952
CMP-005341,Logic IC,Iddq,µA,LOT-06,126.4,10.308,20.2505,11.2061,12.0794
CMP-005342,Memory IC,Standby Current,µA,LOT-13,127.96,25.5123,26.632,41.0735,69.6319
CMP-005343,ADC,Leakage Current,µA,LOT-01,122.79,5.2164,5.2832,5.5682,5.7017
CMP-005344,Driver IC,Propagation Delay,ns,LOT-12,123.67,18.6308,19.5683,27.4601,38.6009
CMP-005345,Logic IC,Iddq,µA,LOT-09,124.48,10.2391,12.0895,19.2364,43.6563
CMP-005346,Memory IC,Standby Current,µA,LOT-19,125.77,25.407,25.9222,25.8181,26.1486
CMP-005347,ADC,Leakage Current,µA,LOT-08,123.64,4.6978,4.7814,5.0383,5.0798
CMP-005348,Driver IC,Propagation Delay,ns,LOT-10,124.97,17.5779,18.2437,18.316,17.9838
CMP-005349,Logic IC,Iddq,µA,LOT-07,126.38,9.5761,10.0119,10.3227,10.2527
CMP-005350,Memory IC,Standby Current,µA,LOT-19,124.23,25.3332,29.8351,38.3307,61.1522
CMP-005351,ADC,Leakage Current,µA,LOT-04,126.03,5.2306,5.3898,5.4431,5.5797
CMP-005352,Driver IC,Propagation Delay,ns,LOT-12,125.46,17.8277,19.6874,23.7668,33.4663
CMP-005353,Logic IC,Iddq,µA,LOT-19,126.16,10.5691,10.8587,11.1039,11.554
CMP-005354,Memory IC,Standby Current,µA,LOT-01,123.65,24.8206,25.6842,26.0882,25.8908
CMP-005355,ADC,Leakage Current,µA,LOT-17,122.94,4.8428,4.9801,5.1503,5.3429
CMP-005356,Driver IC,Propagation Delay,ns,LOT-05,126.54,18.0587,18.4443,18.3134,18.7649
CMP-005357,Logic IC,Iddq,µA,LOT-14,126.13,10.1182,11.0961,19.9647,40.3865
CMP-005358,Memory IC,Standby Current,µA,LOT-06,125.11,24.9656,25.0608,24.9356,26.0905
CMP-005359,ADC,Leakage Current,µA,LOT-15,125.63,5.0894,5.3373,5.3991,5.4905
CMP-005360,Driver IC,Propagation Delay,ns,LOT-14,126.38,17.8702,17.7765,17.9678,18.0774
CMP-005361,Logic IC,Iddq,µA,LOT-16,123.57,9.9921,10.1198,10.4366,10.4853
CMP-005362,Memory IC,Standby Current,µA,LOT-09,124.17,24.8002,25.224,25.6208,26.0473
CMP-005363,ADC,Leakage Current,µA,LOT-13,123.44,4.9015,5.0017,5.2519,5.4533
CMP-005364,Driver IC,Propagation Delay,ns,LOT-07,125.18,18.2216,18.2753,18.3102,18.9457
CMP-005365,Logic IC,Iddq,µA,LOT-16,123.95,10.0387,10.2647,10.3634,10.3643
CMP-005366,Memory IC,Standby Current,µA,LOT-01,124.34,25.246,25.5994,25.8218,26.0624
CMP-005367,ADC,Leakage Current,µA,LOT-05,125.09,4.877,5.0191,5.0725,5.297
CMP-005368,Driver IC,Propagation Delay,ns,LOT-07,124.78,17.7964,18.0458,18.2584,18.6437
CMP-005369,Logic IC,Iddq,µA,LOT-05,124.12,9.4969,9.8657,9.951,10.363
CMP-005370,Memory IC,Standby Current,µA,LOT-15,125.46,25.0823,25.3811,25.3428,26.1556
CMP-005371,ADC,Leakage Current,µA,LOT-17,122.94,5.1664,6.194,10.74,22.3735
CMP-005372,Driver IC,Propagation Delay,ns,LOT-04,127.35,18.4778,19.745,27.4381,47.0521
CMP-005373,Logic IC,Iddq,µA,LOT-04,126.5,10.2713,12.0763,23.8265,39.8533
CMP-005374,Memory IC,Standby Current,µA,LOT-11,125.54,25.6304,28.7405,43.621,79.2965
CMP-005375,ADC,Leakage Current,µA,LOT-05,126.6,4.6682,4.8724,5.0222,5.0716
CMP-005376,Driver IC,Propagation Delay,ns,LOT-01,126.65,18.0973,19.1726,28.0983,40.4802
CMP-005377,Logic IC,Iddq,µA,LOT-16,124.1,9.9568,18.1734,11.9406,14.6269
CMP-005378,Memory IC,Standby Current,µA,LOT-03,125.34,24.7082,27.9392,36.4328,59.2534
CMP-005379,ADC,Leakage Current,µA,LOT-10,127.05,5.1645,5.3228,5.4808,5.6576
CMP-005380,Driver IC,Propagation Delay,ns,LOT-04,123.92,18.1922,31.2332,19.2435,20.9903
CMP-005381,Logic IC,Iddq,µA,LOT-14,124.55,10.5562,10.5661,10.8753,11.3166
CMP-005382,Memory IC,Standby Current,µA,LOT-02,123.07,24.9134,27.3391,44.8812,69.4435
CMP-005383,ADC,Leakage Current,µA,LOT-04,125.3,5.1822,5.4315,5.4875,5.7142
CMP-005384,Driver IC,Propagation Delay,ns,LOT-11,125.51,17.715,24.9944,18.6113,21.0339
CMP-005385,Logic IC,Iddq,µA,LOT-02,124.63,9.6831,11.8662,18.5312,29.2965
CMP-005386,Memory IC,Standby Current,µA,LOT-18,124.22,24.1791,24.1181,24.314,25.254
CMP-005387,ADC,Leakage Current,µA,LOT-17,122.45,4.7992,10.9399,5.4644,6.0728
CMP-005388,Driver IC,Propagation Delay,ns,LOT-08,126.18,17.9001,17.8964,18.6315,18.1457
CMP-005389,Logic IC,Iddq,µA,LOT-17,124.47,10.2263,10.2699,10.6911,11.1743
CMP-005390,Memory IC,Standby Current,µA,LOT-15,125.4,25.0596,25.6119,25.9993,26.5936
CMP-005391,ADC,Leakage Current,µA,LOT-01,125.95,4.8906,4.9791,5.1485,5.2753
CMP-005392,Driver IC,Propagation Delay,ns,LOT-08,127.06,17.3662,17.8253,17.8493,18.5094
CMP-005393,Logic IC,Iddq,µA,LOT-05,122.88,9.4202,11.6934,18.3132,35.4341
CMP-005394,Memory IC,Standby Current,µA,LOT-08,124.89,23.2854,26.2978,41.8193,78.5964
CMP-005395,ADC,Leakage Current,µA,LOT-12,128.09,5.2034,5.3116,5.6651,5.5935
CMP-005396,Driver IC,Propagation Delay,ns,LOT-02,124.44,17.6755,17.5299,18.1277,18.223
CMP-005397,Logic IC,Iddq,µA,LOT-13,121.06,9.9702,10.5524,10.839,10.947
CMP-005398,Memory IC,Standby Current,µA,LOT-17,123.4,25.3635,25.4488,26.4025,26.3997
CMP-005399,ADC,Leakage Current,µA,LOT-03,125.05,5.0625,5.2518,5.3535,5.3602
CMP-005400,Driver IC,Propagation Delay,ns,LOT-18,122.1,17.6753,18.0112,18.3073,18.1334
CMP-005401,Logic IC,Iddq,µA,LOT-07,124.11,10.193,11.1343,17.5628,36.3091
CMP-005402,Memory IC,Standby Current,µA,LOT-08,122.33,25.1304,26.8086,43.614,77.6585
CMP-005403,ADC,Leakage Current,µA,LOT-20,125.04,4.9082,13.4062,5.781,7.6534
CMP-005404,Driver IC,Propagation Delay,ns,LOT-08,125.67,17.6021,19.4923,26.4712,36.2324
CMP-005405,Logic IC,Iddq,µA,LOT-05,126.41,9.5621,11.7962,18.0615,32.0824
CMP-005406,Memory IC,Standby Current,µA,LOT-14,123.14,25.0718,25.8757,25.3662,25.9093
CMP-005407,ADC,Leakage Current,µA,LOT-17,125.59,4.9666,5.1169,5.3859,5.4462
CMP-005408,Driver IC,Propagation Delay,ns,LOT-02,123.47,17.4914,18.5363,26.7495,37.1526
CMP-005409,Logic IC,Iddq,µA,LOT-16,126.55,9.8979,10.0661,10.1731,10.3763
CMP-005410,Memory IC,Standby Current,µA,LOT-20,124.91,24.1777,24.9436,25.6564,25.757
CMP-005411,ADC,Leakage Current,µA,LOT-14,125.58,5.1479,5.2234,5.4073,5.6154
CMP-005412,Driver IC,Propagation Delay,ns,LOT-12,124.75,18.2835,25.0652,20.2352,21.1915
CMP-005413,Logic IC,Iddq,µA,LOT-03,122.99,10.0908,10.2317,10.3981,10.6893
CMP-005414,Memory IC,Standby Current,µA,LOT-17,125.21,27.1453,30.9541,46.817,73.7082
CMP-005415,ADC,Leakage Current,µA,LOT-15,122.58,5.1004,5.2231,5.3959,5.5149
CMP-005416,Driver IC,Propagation Delay,ns,LOT-20,122.26,18.2049,18.0044,18.3854,18.3603
CMP-005417,Logic IC,Iddq,µA,LOT-02,124.2,10.0261,12.7054,19.1985,30.6418
CMP-005418,Memory IC,Standby Current,µA,LOT-05,125.5,25.6198,26.0022,26.3589,26.3335
CMP-005419,ADC,Leakage Current,µA,LOT-11,130.19,5.1346,5.1593,5.3682,5.4399
CMP-005420,Driver IC,Propagation Delay,ns,LOT-14,124.63,18.3706,18.6116,18.852,19.1864
CMP-005421,Logic IC,Iddq,µA,LOT-16,129.24,10.4188,10.9217,11.0443,11.4269
CMP-005422,Memory IC,Standby Current,µA,LOT-14,124.71,24.0764,26.3268,39.1435,78.3126
CMP-005423,ADC,Leakage Current,µA,LOT-11,126.67,4.9542,14.5299,5.8397,7.8461
CMP-005424,Driver IC,Propagation Delay,ns,LOT-07,126.75,18.3129,18.402,18.6163,18.5873
CMP-005425,Logic IC,Iddq,µA,LOT-07,124.57,10.306,10.3801,10.8601,11.0271
CMP-005426,Memory IC,Standby Current,µA,LOT-20,126.28,24.7767,25.3993,25.676,25.6695
CMP-005427,ADC,Leakage Current,µA,LOT-08,127.31,4.8323,5.1563,5.3554,5.4463
CMP-005428,Driver IC,Propagation Delay,ns,LOT-06,126.81,18.3586,20.2421,26.8676,38.1049
CMP-005429,Logic IC,Iddq,µA,LOT-12,127.15,10.142,12.0363,19.4662,36.1006
CMP-005430,Memory IC,Standby Current,µA,LOT-20,125.82,24.9471,25.1004,26.5239,26.2813
CMP-005431,ADC,Leakage Current,µA,LOT-11,123.6,5.3686,5.5345,5.8245,5.8649
CMP-005432,Driver IC,Propagation Delay,ns,LOT-06,125.34,17.9376,18.6744,18.7775,18.7754
CMP-005433,Logic IC,Iddq,µA,LOT-10,126.56,9.4296,9.9052,9.9692,10.3193
CMP-005434,Memory IC,Standby Current,µA,LOT-01,124.04,25.1815,25.9093,26.301,26.9345
CMP-005435,ADC,Leakage Current,µA,LOT-08,124.98,4.6503,4.7773,4.9757,5.0538
CMP-005436,Driver IC,Propagation Delay,ns,LOT-07,127.52,17.3418,18.0983,18.4581,18.3815
CMP-005437,Logic IC,Iddq,µA,LOT-02,126.19,9.6978,19.8769,11.9675,15.0435
CMP-005438,Memory IC,Standby Current,µA,LOT-18,125.7,25.3339,26.7061,42.8609,64.9124
CMP-005439,ADC,Leakage Current,µA,LOT-04,124.49,5.1218,6.1256,10.1663,18.9752
CMP-005440,Driver IC,Propagation Delay,ns,LOT-14,123.11,18.5788,18.7242,18.7738,18.57
CMP-005441,Logic IC,Iddq,µA,LOT-06,126.19,10.0127,10.2445,10.7002,10.9608
CMP-005442,Memory IC,Standby Current,µA,LOT-20,122.26,24.452,25.0657,24.8779,25.3537
CMP-005443,ADC,Leakage Current,µA,LOT-08,126.73,5.0372,6.8125,9.9474,20.2495
CMP-005444,Driver IC,Propagation Delay,ns,LOT-05,124.7,17.9732,18.631,26.6776,43.0751
CMP-005445,Logic IC,Iddq,µA,LOT-02,125.09,9.5832,9.8207,10.0021,10.3577
CMP-005446,Memory IC,Standby Current,µA,LOT-03,123.93,25.7297,26.0807,27.2658,26.7952
CMP-005447,ADC,Leakage Current,µA,LOT-12,125.66,5.3855,6.4806,13.1654,21.1577
CMP-005448,Driver IC,Propagation Delay,ns,LOT-19,121.33,18.482,18.6933,18.8912,18.934
CMP-005449,Logic IC,Iddq,µA,LOT-03,124.93,9.9213,11.5667,19.8866,39.8412
CMP-005450,Memory IC,Standby Current,µA,LOT-15,124.19,25.2277,24.8314,25.2482,26.3427
CMP-005451,ADC,Leakage Current,µA,LOT-18,124.79,4.5171,9.5996,5.3552,6.519
CMP-005452,Driver IC,Propagation Delay,ns,LOT-05,126.62,17.3008,17.5838,17.572,17.6917
CMP-005453,Logic IC,Iddq,µA,LOT-05,125.13,10.1253,10.2561,10.5981,10.5377
CMP-005454,Memory IC,Standby Current,µA,LOT-07,124.8,26.02,26.7457,26.7784,27.1581
CMP-005455,ADC,Leakage Current,µA,LOT-06,126.93,4.6876,4.6817,4.9252,5.0298
CMP-005456,Driver IC,Propagation Delay,ns,LOT-19,125.95,18.2003,18.8219,24.2953,40.4811
CMP-005457,Logic IC,Iddq,µA,LOT-08,126.9,9.9634,11.741,19.3225,31.7802
CMP-005458,Memory IC,Standby Current,µA,LOT-13,124.43,25.2791,49.2499,26.29,32.5779
CMP-005459,ADC,Leakage Current,µA,LOT-05,128.67,4.5381,4.8573,4.7852,5.0533
CMP-005460,Driver IC,Propagation Delay,ns,LOT-13,124.62,18.1493,24.8295,20.1584,21.6284
CMP-005461,Logic IC,Iddq,µA,LOT-13,126.5,10.0237,10.8134,10.9452,11.359
CMP-005462,Memory IC,Standby Current,µA,LOT-17,121.88,25.2326,27.7799,39.9612,78.6069
CMP-005463,ADC,Leakage Current,µA,LOT-04,123.5,5.1566,5.4944,5.5602,5.7721
CMP-005464,Driver IC,Propagation Delay,ns,LOT-13,126.68,18.0091,30.1645,19.1956,21.0824
CMP-005465,Logic IC,Iddq,µA,LOT-10,128.08,9.8877,10.0463,10.3682,10.3507
CMP-005466,Memory IC,Standby Current,µA,LOT-17,124.65,24.9746,25.6209,26.0693,26.3086
CMP-005467,ADC,Leakage Current,µA,LOT-12,124.27,5.0772,6.1763,10.1342,20.691
CMP-005468,Driver IC,Propagation Delay,ns,LOT-11,124.98,18.3353,20.2617,25.383,37.0556
CMP-005469,Logic IC,Iddq,µA,LOT-04,126.77,9.7866,11.0216,20.9132,43.5613
CMP-005470,Memory IC,Standby Current,µA,LOT-11,124.29,24.5647,25.0538,25.4343,25.8258
CMP-005471,ADC,Leakage Current,µA,LOT-09,125.52,4.8209,4.9824,5.0861,5.263
CMP-005472,Driver IC,Propagation Delay,ns,LOT-06,124.05,17.8591,19.4766,24.8909,40.6152
CMP-005473,Logic IC,Iddq,µA,LOT-12,124.57,10.3381,10.6904,11.0847,11.4756
CMP-005474,Memory IC,Standby Current,µA,LOT-14,125.19,25.4325,28.8672,42.7611,61.2712
CMP-005475,ADC,Leakage Current,µA,LOT-11,122.81,5.2763,6.2982,9.3209,17.5655
CMP-005476,Driver IC,Propagation Delay,ns,LOT-06,127.57,17.786,19.1213,24.0372,42.859
CMP-005477,Logic IC,Iddq,µA,LOT-11,124.23,10.138,11.8348,17.2794,33.1597
CMP-005478,Memory IC,Standby Current,µA,LOT-08,123.54,25.2915,27.924,44.5581,66.9788
CMP-005479,ADC,Leakage Current,µA,LOT-12,123.91,4.9451,5.0257,5.2746,5.484
CMP-005480,Driver IC,Propagation Delay,ns,LOT-17,126.08,18.5247,20.334,28.0924,42.1634
CMP-005481,Logic IC,Iddq,µA,LOT-17,123.19,10.1008,10.3912,10.8392,10.9237
CMP-005482,Memory IC,Standby Current,µA,LOT-08,126.33,25.6664,25.9099,25.7168,27.2205
CMP-005483,ADC,Leakage Current,µA,LOT-20,121.69,4.8292,6.4629,11.1276,19.4776
CMP-005484,Driver IC,Propagation Delay,ns,LOT-02,123.55,16.9996,19.6234,24.4857,34.4104
CMP-005485,Logic IC,Iddq,µA,LOT-08,124.68,9.7271,10.0739,10.5705,10.6558
CMP-005486,Memory IC,Standby Current,µA,LOT-16,128.23,24.999,25.3146,25.6471,25.613
CMP-005487,ADC,Leakage Current,µA,LOT-17,123.99,4.9952,5.1049,5.2404,5.5068
CMP-005488,Driver IC,Propagation Delay,ns,LOT-17,122.35,18.7543,29.9056,20.1723,20.9124
CMP-005489,Logic IC,Iddq,µA,LOT-15,123.0,10.4576,11.7471,19.7647,37.5021
CMP-005490,Memory IC,Standby Current,µA,LOT-18,128.12,25.0702,29.1681,39.2512,56.8439
CMP-005491,ADC,Leakage Current,µA,LOT-16,123.92,4.801,4.9585,5.0797,5.2566
CMP-005492,Driver IC,Propagation Delay,ns,LOT-09,124.54,18.6041,18.61,19.0661,19.3121
CMP-005493,Logic IC,Iddq,µA,LOT-04,124.27,9.8472,11.4066,21.2619,40.7801
CMP-005494,Memory IC,Standby Current,µA,LOT-15,125.53,26.6667,26.8436,26.8345,27.1394
CMP-005495,ADC,Leakage Current,µA,LOT-14,125.79,5.3723,5.5782,5.7162,5.7701
CMP-005496,Driver IC,Propagation Delay,ns,LOT-05,124.22,17.4938,18.8232,22.9565,34.4529
CMP-005497,Logic IC,Iddq,µA,LOT-12,123.95,10.2943,10.6624,10.8309,10.855
CMP-005498,Memory IC,Standby Current,µA,LOT-07,122.95,24.5505,27.2172,44.0542,81.3777
CMP-005499,ADC,Leakage Current,µA,LOT-10,125.52,4.98,5.1647,5.3049,5.3618
CMP-005500,Driver IC,Propagation Delay,ns,LOT-04,127.32,18.5984,20.0056,27.7832,42.7582
CMP-005501,Logic IC,Iddq,µA,LOT-08,125.26,9.791,10.3632,10.379,10.8034
CMP-005502,Memory IC,Standby Current,µA,LOT-06,123.51,25.0847,25.4543,26.8829,26.5555
CMP-005503,ADC,Leakage Current,µA,LOT-16,125.75,4.8963,6.3647,9.7322,17.4873
CMP-005504,Driver IC,Propagation Delay,ns,LOT-05,124.58,18.0824,19.7004,25.5606,40.2334
CMP-005505,Logic IC,Iddq,µA,LOT-07,123.05,10.2039,13.133,21.6978,40.1183
CMP-005506,Memory IC,Standby Current,µA,LOT-15,126.28,25.5576,27.1138,41.5166,67.792
CMP-005507,ADC,Leakage Current,µA,LOT-18,124.75,4.7196,4.8848,5.1243,5.1605
CMP-005508,Driver IC,Propagation Delay,ns,LOT-05,126.51,17.1283,18.366,22.6251,35.1931
CMP-005509,Logic IC,Iddq,µA,LOT-03,124.47,9.9957,9.9122,10.4008,10.5709
CMP-005510,Memory IC,Standby Current,µA,LOT-18,124.81,24.8947,25.4341,25.5821,25.6878
CMP-005511,ADC,Leakage Current,µA,LOT-13,124.05,4.9406,6.4469,11.0382,18.685
CMP-005512,Driver IC,Propagation Delay,ns,LOT-16,123.5,17.804,17.9208,18.4638,18.1783
CMP-005513,Logic IC,Iddq,µA,LOT-16,125.76,8.8996,9.1233,9.6346,9.9364
CMP-005514,Memory IC,Standby Current,µA,LOT-01,126.39,25.0592,28.2287,41.1543,65.0424
CMP-005515,ADC,Leakage Current,µA,LOT-19,125.84,5.2247,5.4255,5.4657,5.5759
CMP-005516,Driver IC,Propagation Delay,ns,LOT-01,124.09,17.3749,17.742,17.9868,18.08
CMP-005517,Logic IC,Iddq,µA,LOT-05,125.03,9.206,11.6929,21.0557,39.42
CMP-005518,Memory IC,Standby Current,µA,LOT-17,121.84,24.2884,28.7069,43.3912,73.3234
CMP-005519,ADC,Leakage Current,µA,LOT-06,127.98,4.8094,5.6091,9.7934,22.2398
CMP-005520,Driver IC,Propagation Delay,ns,LOT-03,122.86,18.4944,19.6771,24.8877,36.665
CMP-005521,Logic IC,Iddq,µA,LOT-05,126.1,9.6549,10.138,10.4929,10.7733
CMP-005522,Memory IC,Standby Current,µA,LOT-11,124.2,25.9781,26.2506,27.2897,27.4688
CMP-005523,ADC,Leakage Current,µA,LOT-10,124.6,4.79,9.9956,5.1094,7.0726
CMP-005524,Driver IC,Propagation Delay,ns,LOT-08,123.44,18.2323,18.1894,18.4244,18.8368
CMP-005525,Logic IC,Iddq,µA,LOT-07,124.33,10.3567,12.5995,21.1159,40.0369
CMP-005526,Memory IC,Standby Current,µA,LOT-11,125.72,25.9646,26.318,26.8863,26.3181
CMP-005527,ADC,Leakage Current,µA,LOT-12,123.53,5.3645,5.4244,5.6001,5.7708
CMP-005528,Driver IC,Propagation Delay,ns,LOT-03,124.33,18.0319,19.557,26.5078,44.4325
CMP-005529,Logic IC,Iddq,µA,LOT-17,125.01,10.3441,11.9857,20.313,31.0374
CMP-005530,Memory IC,Standby Current,µA,LOT-01,125.37,25.8238,28.4368,43.459,73.3054
CMP-005531,ADC,Leakage Current,µA,LOT-13,125.95,4.5585,10.3088,5.499,6.1183
CMP-005532,Driver IC,Propagation Delay,ns,LOT-04,128.56,17.6459,23.8298,19.2783,22.0814
CMP-005533,Logic IC,Iddq,µA,LOT-13,124.2,9.7076,19.9401,11.8326,14.2886
CMP-005534,Memory IC,Standby Current,µA,LOT-07,123.82,24.9674,29.196,37.5362,59.6091
CMP-005535,ADC,Leakage Current,µA,LOT-11,127.7,5.1663,6.1857,13.6616,23.981
CMP-005536,Driver IC,Propagation Delay,ns,LOT-15,127.45,18.3823,20.3542,24.5228,38.1757
CMP-005537,Logic IC,Iddq,µA,LOT-05,125.81,9.8478,10.1331,10.5435,11.2802
CMP-005538,Memory IC,Standby Current,µA,LOT-11,123.65,26.0169,29.6857,43.8495,70.6254
CMP-005539,ADC,Leakage Current,µA,LOT-09,124.58,4.9294,5.1518,5.2756,5.578
CMP-005540,Driver IC,Propagation Delay,ns,LOT-18,128.68,18.9103,18.9896,19.3307,18.8438
CMP-005541,Logic IC,Iddq,µA,LOT-14,124.47,10.7467,24.9604,11.8988,13.9431
CMP-005542,Memory IC,Standby Current,µA,LOT-17,125.56,25.4484,45.5321,28.495,34.138
CMP-005543,ADC,Leakage Current,µA,LOT-08,125.4,4.8883,5.1523,5.2187,5.365
CMP-005544,Driver IC,Propagation Delay,ns,LOT-04,123.77,18.4793,19.0088,19.1833,19.3333
CMP-005545,Logic IC,Iddq,µA,LOT-18,126.29,9.3749,9.4721,9.9364,10.2312
CMP-005546,Memory IC,Standby Current,µA,LOT-07,125.45,24.6739,25.2191,25.1479,25.7195
CMP-005547,ADC,Leakage Current,µA,LOT-08,123.9,4.8502,5.038,5.0659,5.2315
CMP-005548,Driver IC,Propagation Delay,ns,LOT-15,126.63,17.3139,17.7814,17.8669,17.5343
CMP-005549,Logic IC,Iddq,µA,LOT-10,124.33,9.5173,9.7179,9.9685,10.2515
CMP-005550,Memory IC,Standby Current,µA,LOT-03,123.92,25.9016,25.6793,26.0119,26.4628
CMP-005551,ADC,Leakage Current,µA,LOT-11,123.67,5.6021,6.1469,12.4011,27.4536
CMP-005552,Driver IC,Propagation Delay,ns,LOT-10,125.87,17.6939,17.7626,18.2971,18.174
CMP-005553,Logic IC,Iddq,µA,LOT-11,126.02,9.9856,10.6161,10.5298,10.9037
CMP-005554,Memory IC,Standby Current,µA,LOT-16,124.02,24.6116,25.4956,25.6856,25.5422
CMP-005555,ADC,Leakage Current,µA,LOT-20,123.08,4.9524,6.3801,10.5743,18.5827
CMP-005556,Driver IC,Propagation Delay,ns,LOT-11,126.68,18.1519,18.5278,18.9166,18.8408
CMP-005557,Logic IC,Iddq,µA,LOT-19,123.71,9.8181,9.9869,10.0843,10.5108
CMP-005558,Memory IC,Standby Current,µA,LOT-13,125.59,25.1927,45.1915,27.6572,28.4698
CMP-005559,ADC,Leakage Current,µA,LOT-17,124.6,5.0706,5.1801,5.4283,5.4641
CMP-005560,Driver IC,Propagation Delay,ns,LOT-16,126.1,18.5325,18.5699,18.3354,18.6556
CMP-005561,Logic IC,Iddq,µA,LOT-18,127.16,9.8434,10.031,10.5578,10.5445
CMP-005562,Memory IC,Standby Current,µA,LOT-17,123.15,25.6595,25.0111,26.1211,26.4345
CMP-005563,ADC,Leakage Current,µA,LOT-11,124.91,5.0487,6.8666,10.4206,19.8721
CMP-005564,Driver IC,Propagation Delay,ns,LOT-01,127.32,18.2343,19.4879,26.3988,38.8562
CMP-005565,Logic IC,Iddq,µA,LOT-14,121.84,10.1611,10.3932,10.5361,10.7005
CMP-005566,Memory IC,Standby Current,µA,LOT-16,124.51,25.0945,25.2545,25.9481,25.7609
CMP-005567,ADC,Leakage Current,µA,LOT-09,126.13,5.0488,6.0689,9.364,19.8721
CMP-005568,Driver IC,Propagation Delay,ns,LOT-18,124.2,17.5427,17.3074,18.1157,18.4223
CMP-005569,Logic IC,Iddq,µA,LOT-07,124.71,10.0263,10.2792,10.5165,10.7237
CMP-005570,Memory IC,Standby Current,µA,LOT-18,125.27,24.6179,25.3491,25.9332,25.7925
CMP-005571,ADC,Leakage Current,µA,LOT-06,125.05,4.9436,5.5427,12.9082,25.1553
CMP-005572,Driver IC,Propagation Delay,ns,LOT-04,121.47,18.3794,18.7573,18.8885,19.1584
CMP-005573,Logic IC,Iddq,µA,LOT-04,124.49,9.9122,10.2233,10.5785,10.904
CMP-005574,Memory IC,Standby Current,µA,LOT-14,126.61,25.3066,26.0654,25.6549,26.4518
CMP-005575,ADC,Leakage Current,µA,LOT-08,121.75,5.0247,5.103,5.2854,5.5468
CMP-005576,Driver IC,Propagation Delay,ns,LOT-09,128.71,18.3883,20.6251,27.6563,41.7492
CMP-005577,Logic IC,Iddq,µA,LOT-06,126.05,9.5566,9.8478,9.9767,10.2947
CMP-005578,Memory IC,Standby Current,µA,LOT-20,127.52,24.7662,24.9256,25.4083,25.6984
CMP-005579,ADC,Leakage Current,µA,LOT-17,124.36,5.1703,6.0974,13.3975,21.4619
CMP-005580,Driver IC,Propagation Delay,ns,LOT-08,126.33,17.873,18.3687,18.4231,19.0971
CMP-005581,Logic IC,Iddq,µA,LOT-17,127.58,10.19,10.1939,10.6418,10.5144
CMP-005582,Memory IC,Standby Current,µA,LOT-18,126.31,24.5422,24.1198,24.6663,25.1059
CMP-005583,ADC,Leakage Current,µA,LOT-17,126.94,5.0527,5.2863,5.3947,5.6868
CMP-005584,Driver IC,Propagation Delay,ns,LOT-02,127.35,17.9979,19.0516,28.9616,43.1717
CMP-005585,Logic IC,Iddq,µA,LOT-12,123.59,10.1224,10.3775,10.5521,10.7098
CMP-005586,Memory IC,Standby Current,µA,LOT-06,126.71,24.4151,24.6271,25.1898,24.9889
CMP-005587,ADC,Leakage Current,µA,LOT-17,126.36,4.7124,5.7821,11.572,19.4052
CMP-005588,Driver IC,Propagation Delay,ns,LOT-05,124.22,17.4887,26.1225,17.8392,19.0297
CMP-005589,Logic IC,Iddq,µA,LOT-05,127.23,9.1134,9.0556,9.3189,9.7022
CMP-005590,Memory IC,Standby Current,µA,LOT-04,125.48,25.2973,25.7278,26.0855,26.4715
CMP-005591,ADC,Leakage Current,µA,LOT-13,124.6,4.8885,5.0486,5.1529,5.2827
CMP-005592,Driver IC,Propagation Delay,ns,LOT-17,125.91,18.4446,18.691,18.8887,19.1791
CMP-005593,Logic IC,Iddq,µA,LOT-16,126.93,9.5175,10.0572,10.085,10.4045
CMP-005594,Memory IC,Standby Current,µA,LOT-03,125.0,24.6483,24.7973,25.5444,25.5429
CMP-005595,ADC,Leakage Current,µA,LOT-06,124.36,4.5826,6.3942,10.2666,20.4089
CMP-005596,Driver IC,Propagation Delay,ns,LOT-08,126.2,17.0307,18.4757,26.6087,35.1085
CMP-005597,Logic IC,Iddq,µA,LOT-16,123.97,10.1515,10.133,10.4778,10.8169
CMP-005598,Memory IC,Standby Current,µA,LOT-16,128.69,25.8794,25.8825,26.3471,26.6598
CMP-005599,ADC,Leakage Current,µA,LOT-12,124.95,5.0034,6.5597,10.2385,21.9615
CMP-005600,Driver IC,Propagation Delay,ns,LOT-13,125.94,17.5358,17.6786,18.119,17.8662
CMP-005601,Logic IC,Iddq,µA,LOT-14,124.48,10.4803,10.7523,10.7615,11.3184
CMP-005602,Memory IC,Standby Current,µA,LOT-16,126.05,24.8159,25.1275,25.9216,25.7571
CMP-005603,ADC,Leakage Current,µA,LOT-19,122.64,5.0308,5.2871,5.4341,5.4839
CMP-005604,Driver IC,Propagation Delay,ns,LOT-19,125.61,17.6189,18.2872,24.3405,34.5177
CMP-005605,Logic IC,Iddq,µA,LOT-15,128.09,10.6382,10.899,11.1231,11.2162
CMP-005606,Memory IC,Standby Current,µA,LOT-16,127.23,24.3704,25.0674,25.4832,25.2149
CMP-005607,ADC,Leakage Current,µA,LOT-11,124.17,5.0555,5.0775,5.1375,5.4642
CMP-005608,Driver IC,Propagation Delay,ns,LOT-04,129.09,18.1602,20.1121,26.7303,34.6669
CMP-005609,Logic IC,Iddq,µA,LOT-14,126.95,10.2079,19.9318,11.3242,14.35
CMP-005610,Memory IC,Standby Current,µA,LOT-14,123.71,25.4609,25.6327,26.2366,26.0214
CMP-005611,ADC,Leakage Current,µA,LOT-20,124.64,4.8922,4.9813,5.1833,5.2383
CMP-005612,Driver IC,Propagation Delay,ns,LOT-14,122.67,17.8507,18.0124,18.6383,18.9817
CMP-005613,Logic IC,Iddq,µA,LOT-12,126.6,10.3954,18.9953,11.3506,13.61
CMP-005614,Memory IC,Standby Current,µA,LOT-03,127.67,25.4979,26.8929,37.5668,77.3147
CMP-005615,ADC,Leakage Current,µA,LOT-12,124.02,4.833,4.8762,4.9668,4.9208
CMP-005616,Driver IC,Propagation Delay,ns,LOT-07,126.65,18.6041,18.6185,19.3181,19.2794
CMP-005617,Logic IC,Iddq,µA,LOT-06,126.31,9.6987,9.8286,10.0955,10.5467
CMP-005618,Memory IC,Standby Current,µA,LOT-19,125.79,25.4855,28.5894,36.8595,67.919
CMP-005619,ADC,Leakage Current,µA,LOT-08,124.16,4.8796,11.9604,6.1829,6.493
CMP-005620,Driver IC,Propagation Delay,ns,LOT-19,124.9,17.7739,19.0894,25.4459,37.9107
CMP-005621,Logic IC,Iddq,µA,LOT-04,123.79,10.4917,10.3729,11.0894,11.1371
CMP-005622,Memory IC,Standby Current,µA,LOT-12,124.8,25.0502,26.2295,25.474,26.5225
CMP-005623,ADC,Leakage Current,µA,LOT-10,124.66,4.6512,5.5822,10.4092,23.0429
CMP-005624,Driver IC,Propagation Delay,ns,LOT-15,123.96,18.3536,20.2555,27.525,36.536
CMP-005625,Logic IC,Iddq,µA,LOT-17,125.42,10.2616,11.9652,21.9356,34.8701
CMP-005626,Memory IC,Standby Current,µA,LOT-16,124.36,24.4308,28.6863,39.4577,55.4574
CMP-005627,ADC,Leakage Current,µA,LOT-20,124.25,5.1343,6.2169,12.9914,21.2074
CMP-005628,Driver IC,Propagation Delay,ns,LOT-19,127.03,17.661,17.6509,17.5807,18.3147
CMP-005629,Logic IC,Iddq,µA,LOT-06,125.42,9.8878,10.3508,10.4142,10.8656
CMP-005630,Memory IC,Standby Current,µA,LOT-19,124.48,25.6988,26.1946,25.4816,26.6272
CMP-005631,ADC,Leakage Current,µA,LOT-16,122.85,4.7596,12.6547,5.7872,5.9817
CMP-005632,Driver IC,Propagation Delay,ns,LOT-03,123.84,17.9252,18.0214,18.3862,18.7739
CMP-005633,Logic IC,Iddq,µA,LOT-18,127.53,9.8775,10.2314,10.6009,10.8165
CMP-005634,Memory IC,Standby Current,µA,LOT-14,125.69,24.7391,27.9587,40.5033,65.287
CMP-005635,ADC,Leakage Current,µA,LOT-06,125.58,4.6724,4.9462,5.1113,5.2765
CMP-005636,Driver IC,Propagation Delay,ns,LOT-08,126.13,17.9268,19.0414,28.0691,45.836
CMP-005637,Logic IC,Iddq,µA,LOT-05,124.58,9.5747,9.781,9.8876,10.6904
CMP-005638,Memory IC,Standby Current,µA,LOT-14,126.9,24.8086,25.1297,25.2725,25.8738
CMP-005639,ADC,Leakage Current,µA,LOT-13,125.14,5.0559,6.5369,9.9579,17.8936
CMP-005640,Driver IC,Propagation Delay,ns,LOT-09,124.22,17.5658,17.9342,18.0163,18.1004
CMP-005641,Logic IC,Iddq,µA,LOT-06,123.63,9.5915,10.2381,20.8115,41.8613
CMP-005642,Memory IC,Standby Current,µA,LOT-06,126.28,24.6781,24.7632,25.0123,24.9799
CMP-005643,ADC,Leakage Current,µA,LOT-11,125.5,5.0292,6.0946,12.9987,21.7277
CMP-005644,Driver IC,Propagation Delay,ns,LOT-03,123.97,18.2011,18.3854,18.5367,19.088
CMP-005645,Logic IC,Iddq,µA,LOT-10,126.19,9.8067,11.2642,21.153,35.5046
CMP-005646,Memory IC,Standby Current,µA,LOT-16,126.87,24.7063,24.7227,25.8939,25.8546
CMP-005647,ADC,Leakage Current,µA,LOT-08,125.23,5.0073,4.9754,5.173,5.2664
CMP-005648,Driver IC,Propagation Delay,ns,LOT-05,125.31,17.7021,18.3364,24.2191,39.4902
CMP-005649,Logic IC,Iddq,µA,LOT-12,124.37,9.8835,9.8575,10.3902,10.6023
CMP-005650,Memory IC,Standby Current,µA,LOT-03,123.28,25.1166,28.7761,43.1188,68.4176
CMP-005651,ADC,Leakage Current,µA,LOT-17,123.98,4.9588,5.2615,5.2355,5.4412
CMP-005652,Driver IC,Propagation Delay,ns,LOT-18,124.17,17.6384,19.2871,24.9636,37.5261
CMP-005653,Logic IC,Iddq,µA,LOT-11,125.41,10.0065,10.4904,10.5344,10.8633
CMP-005654,Memory IC,Standby Current,µA,LOT-02,127.09,25.1162,25.0575,25.8019,25.9852
CMP-005655,ADC,Leakage Current,µA,LOT-06,125.59,4.9317,5.7337,12.1623,21.3167
CMP-005656,Driver IC,Propagation Delay,ns,LOT-08,123.17,17.4906,17.7999,17.8713,18.3012
CMP-005657,Logic IC,Iddq,µA,LOT-17,125.15,10.2793,13.0393,20.087,32.8841
CMP-005658,Memory IC,Standby Current,µA,LOT-08,125.44,25.0606,27.5785,41.4779,65.5289
CMP-005659,ADC,Leakage Current,µA,LOT-03,124.71,5.2536,6.1802,12.2584,20.6734
CMP-005660,Driver IC,Propagation Delay,ns,LOT-15,126.87,17.9732,24.3877,18.6686,21.7238
CMP-005661,Logic IC,Iddq,µA,LOT-10,127.2,9.493,11.6183,21.314,35.3456
CMP-005662,Memory IC,Standby Current,µA,LOT-08,124.24,24.4552,24.9434,25.2287,25.5387
CMP-005663,ADC,Leakage Current,µA,LOT-07,125.21,5.0547,12.1269,5.9534,7.0528
CMP-005664,Driver IC,Propagation Delay,ns,LOT-14,125.7,17.9518,18.2211,17.952,18.3359
CMP-005665,Logic IC,Iddq,µA,LOT-16,127.07,9.9769,10.301,10.534,10.9825
CMP-005666,Memory IC,Standby Current,µA,LOT-19,124.34,25.1189,26.5168,37.047,66.7006
CMP-005667,ADC,Leakage Current,µA,LOT-14,122.49,5.1055,5.7035,9.6037,23.5735
CMP-005668,Driver IC,Propagation Delay,ns,LOT-16,123.28,18.3895,18.3915,18.7822,18.891
CMP-005669,Logic IC,Iddq,µA,LOT-10,126.78,9.4452,9.8777,10.1133,10.2132
CMP-005670,Memory IC,Standby Current,µA,LOT-06,123.31,24.6094,24.8275,25.2743,25.1933
CMP-005671,ADC,Leakage Current,µA,LOT-20,126.07,4.8121,6.5974,12.1509,18.1231
CMP-005672,Driver IC,Propagation Delay,ns,LOT-15,124.54,18.4745,18.7803,18.8738,19.4695
CMP-005673,Logic IC,Iddq,µA,LOT-15,123.72,9.6341,9.647,9.9441,10.0702
CMP-005674,Memory IC,Standby Current,µA,LOT-05,125.54,24.1031,26.8742,37.9165,64.5404
CMP-005675,ADC,Leakage Current,µA,LOT-03,124.75,5.2053,6.2474,10.1034,17.8338
CMP-005676,Driver IC,Propagation Delay,ns,LOT-11,127.4,18.6428,19.5103,29.7347,45.0514
CMP-005677,Logic IC,Iddq,µA,LOT-15,122.87,10.3408,25.3561,10.9961,13.5734
CMP-005678,Memory IC,Standby Current,µA,LOT-18,124.01,25.3386,43.2218,29.1353,33.8143
CMP-005679,ADC,Leakage Current,µA,LOT-06,126.17,4.6986,5.0243,5.242,5.4788
CMP-005680,Driver IC,Propagation Delay,ns,LOT-10,127.54,17.6929,19.8698,26.11,34.1955
CMP-005681,Logic IC,Iddq,µA,LOT-15,123.14,9.9874,11.8915,20.1267,38.6375
CMP-005682,Memory IC,Standby Current,µA,LOT-15,122.35,25.7352,28.441,47.4846,77.3928
CMP-005683,ADC,Leakage Current,µA,LOT-09,123.58,5.1697,6.3113,11.5882,22.3922
CMP-005684,Driver IC,Propagation Delay,ns,LOT-02,123.18,17.5037,17.6812,17.8318,17.9662
CMP-005685,Logic IC,Iddq,µA,LOT-03,123.45,10.1845,12.8903,22.2754,37.4625
CMP-005686,Memory IC,Standby Current,µA,LOT-16,124.56,24.4592,25.336,25.8962,26.3813
CMP-005687,ADC,Leakage Current,µA,LOT-17,125.55,4.9626,5.3171,5.3177,5.5641
CMP-005688,Driver IC,Propagation Delay,ns,LOT-10,125.54,17.3453,18.6986,27.2072,45.5133
CMP-005689,Logic IC,Iddq,µA,LOT-20,125.32,10.2071,12.9747,22.8661,40.4585
CMP-005690,Memory IC,Standby Current,µA,LOT-16,125.43,24.8227,24.6473,25.8528,25.9308
CMP-005691,ADC,Leakage Current,µA,LOT-20,125.11,5.1526,5.3483,5.4836,5.6647
CMP-005692,Driver IC,Propagation Delay,ns,LOT-19,125.07,18.3497,19.3955,26.7133,39.8492
CMP-005693,Logic IC,Iddq,µA,LOT-16,127.24,9.5951,11.9815,19.5206,37.3936
CMP-005694,Memory IC,Standby Current,µA,LOT-12,122.95,25.489,49.5465,27.7029,30.8368
CMP-005695,ADC,Leakage Current,µA,LOT-08,124.22,4.7595,5.0234,5.2299,5.239
CMP-005696,Driver IC,Propagation Delay,ns,LOT-18,125.26,18.4461,18.1399,18.7888,19.0161
CMP-005697,Logic IC,Iddq,µA,LOT-20,123.57,9.6589,12.5264,18.0876,35.6494
CMP-005698,Memory IC,Standby Current,µA,LOT-16,126.56,24.4148,24.8191,24.8111,25.2286
CMP-005699,ADC,Leakage Current,µA,LOT-05,125.48,4.9587,5.9926,12.6913,24.8581
CMP-005700,Driver IC,Propagation Delay,ns,LOT-03,126.67,18.7946,18.7416,18.829,19.1481
CMP-005701,Logic IC,Iddq,µA,LOT-18,124.29,9.5753,10.0144,10.2158,10.7012
CMP-005702,Memory IC,Standby Current,µA,LOT-07,124.22,25.3178,26.2553,26.0845,26.6644
CMP-005703,ADC,Leakage Current,µA,LOT-06,125.76,4.9033,5.0949,5.1723,5.4481
CMP-005704,Driver IC,Propagation Delay,ns,LOT-16,125.55,18.0962,24.2319,18.0822,20.1154
CMP-005705,Logic IC,Iddq,µA,LOT-15,128.01,9.6283,9.7396,10.0257,10.3195
CMP-005706,Memory IC,Standby Current,µA,LOT-14,122.76,24.9284,25.6571,25.6809,26.922
CMP-005707,ADC,Leakage Current,µA,LOT-01,127.01,5.0535,6.0269,11.3089,22.461
CMP-005708,Driver IC,Propagation Delay,ns,LOT-08,126.6,18.4681,20.3118,26.173,36.7456
CMP-005709,Logic IC,Iddq,µA,LOT-11,124.53,10.0273,11.531,19.4997,33.7291
CMP-005710,Memory IC,Standby Current,µA,LOT-05,124.32,24.5832,25.1566,25.4547,26.0546
CMP-005711,ADC,Leakage Current,µA,LOT-02,124.74,4.4193,5.2303,10.2132,22.5263
CMP-005712,Driver IC,Propagation Delay,ns,LOT-08,123.77,17.6884,18.1128,18.4826,18.0785
CMP-005713,Logic IC,Iddq,µA,LOT-19,125.49,10.1489,11.0766,19.8648,42.4205
CMP-005714,Memory IC,Standby Current,µA,LOT-05,122.52,24.0501,27.4374,47.0494,68.3049
CMP-005715,ADC,Leakage Current,µA,LOT-05,125.52,4.6771,14.6374,5.449,7.5704
CMP-005716,Driver IC,Propagation Delay,ns,LOT-01,127.92,18.4229,18.5105,19.0033,18.8783
CMP-005717,Logic IC,Iddq,µA,LOT-20,127.51,10.122,12.9746,19.4222,35.5434
CMP-005718,Memory IC,Standby Current,µA,LOT-07,126.99,24.3979,24.9026,24.8659,25.3576
CMP-005719,ADC,Leakage Current,µA,LOT-05,124.82,4.3402,8.9013,4.8857,5.9042
CMP-005720,Driver IC,Propagation Delay,ns,LOT-08,125.21,17.7062,17.8529,17.9806,17.9211
CMP-005721,Logic IC,Iddq,µA,LOT-02,125.39,9.704,11.4632,17.6472,32.3688
CMP-005722,Memory IC,Standby Current,µA,LOT-12,125.43,25.6898,25.7449,26.9409,26.9307
CMP-005723,ADC,Leakage Current,µA,LOT-08,124.89,5.0498,5.3011,5.4385,5.4409
CMP-005724,Driver IC,Propagation Delay,ns,LOT-18,125.05,17.5952,18.3412,18.3077,18.4117
CMP-005725,Logic IC,Iddq,µA,LOT-11,123.58,10.2838,10.6048,10.9452,11.1793
CMP-005726,Memory IC,Standby Current,µA,LOT-11,124.88,24.7115,27.6203,41.9141,75.2334
CMP-005727,ADC,Leakage Current,µA,LOT-12,123.47,5.3788,5.5695,5.7557,5.8562
CMP-005728,Driver IC,Propagation Delay,ns,LOT-10,124.19,17.8969,18.4488,18.1143,18.5933
CMP-005729,Logic IC,Iddq,µA,LOT-03,123.48,10.2338,13.099,18.4041,31.3818
CMP-005730,Memory IC,Standby Current,µA,LOT-05,124.72,24.4369,25.0028,25.2348,25.6475
CMP-005731,ADC,Leakage Current,µA,LOT-09,123.58,5.1819,5.2005,5.3373,5.5185
CMP-005732,Driver IC,Propagation Delay,ns,LOT-17,125.15,17.8844,18.9728,28.8349,45.751
CMP-005733,Logic IC,Iddq,µA,LOT-15,123.87,9.9738,10.5267,10.67,11.1251
CMP-005734,Memory IC,Standby Current,µA,LOT-20,125.46,24.8803,28.6919,42.9755,73.0806
CMP-005735,ADC,Leakage Current,µA,LOT-10,126.39,4.5471,6.2488,11.456,21.9751
CMP-005736,Driver IC,Propagation Delay,ns,LOT-06,125.82,17.788,19.0311,25.7204,42.5333
CMP-005737,Logic IC,Iddq,µA,LOT-11,126.98,9.8019,10.1185,10.368,10.5497
CMP-005738,Memory IC,Standby Current,µA,LOT-11,123.1,24.6334,24.7061,25.3041,26.1131
CMP-005739,ADC,Leakage Current,µA,LOT-05,124.96,4.662,4.7802,4.9035,5.0736
CMP-005740,Driver IC,Propagation Delay,ns,LOT-12,125.16,18.3388,19.5364,25.5013,41.0921
CMP-005741,Logic IC,Iddq,µA,LOT-11,123.52,10.1253,10.2599,10.8152,10.8557
CMP-005742,Memory IC,Standby Current,µA,LOT-07,123.0,24.1275,25.249,25.0391,25.4001
CMP-005743,ADC,Leakage Current,µA,LOT-01,126.75,5.1715,5.2119,5.4944,5.6137
CMP-005744,Driver IC,Propagation Delay,ns,LOT-04,126.26,17.3512,19.0206,26.6004,45.6494
CMP-005745,Logic IC,Iddq,µA,LOT-14,123.64,9.9789,11.767,19.8331,43.1656
CMP-005746,Memory IC,Standby Current,µA,LOT-02,124.2,24.8607,24.9394,26.2436,26.3331
CMP-005747,ADC,Leakage Current,µA,LOT-19,126.77,5.0188,5.1758,5.2969,5.6652
CMP-005748,Driver IC,Propagation Delay,ns,LOT-04,126.64,17.8576,19.6415,27.2209,40.9172
CMP-005749,Logic IC,Iddq,µA,LOT-02,127.38,9.4259,12.3118,19.6035,32.9218
CMP-005750,Memory IC,Standby Current,µA,LOT-11,123.83,24.5542,25.1767,25.5559,26.984
CMP-005751,ADC,Leakage Current,µA,LOT-08,124.75,5.114,6.2373,10.8076,18.1879
CMP-005752,Driver IC,Propagation Delay,ns,LOT-10,121.19,16.1213,17.0355,16.8168,17.3285
CMP-005753,Logic IC,Iddq,µA,LOT-18,123.96,10.1599,10.2105,10.5479,10.9272
CMP-005754,Memory IC,Standby Current,µA,LOT-12,125.98,24.3701,37.6603,25.2427,29.6255
CMP-005755,ADC,Leakage Current,µA,LOT-19,125.57,4.995,6.2547,11.2099,21.1325
CMP-005756,Driver IC,Propagation Delay,ns,LOT-18,128.12,17.6204,18.1322,18.0096,18.3556
CMP-005757,Logic IC,Iddq,µA,LOT-01,121.61,9.8537,10.1461,10.2774,10.3931
CMP-005758,Memory IC,Standby Current,µA,LOT-17,123.15,25.6437,29.4476,40.1507,65.1618
CMP-005759,ADC,Leakage Current,µA,LOT-01,126.71,4.7974,13.6105,5.4764,6.9755
CMP-005760,Driver IC,Propagation Delay,ns,LOT-02,123.62,18.4622,18.458,18.7475,18.5199
CMP-005761,Logic IC,Iddq,µA,LOT-19,124.78,10.4818,21.6646,12.1194,14.4964
CMP-005762,Memory IC,Standby Current,µA,LOT-15,125.85,24.6043,25.961,38.9784,71.3367
CMP-005763,ADC,Leakage Current,µA,LOT-08,125.85,4.6365,4.8653,5.1846,5.278
CMP-005764,Driver IC,Propagation Delay,ns,LOT-03,126.07,17.8203,18.115,18.2817,18.5819
CMP-005765,Logic IC,Iddq,µA,LOT-11,123.56,10.2741,12.414,22.191,40.9663
CMP-005766,Memory IC,Standby Current,µA,LOT-03,123.2,24.8535,40.0783,26.4965,30.9274
CMP-005767,ADC,Leakage Current,µA,LOT-09,127.33,4.9571,5.2066,5.3997,5.4109
CMP-005768,Driver IC,Propagation Delay,ns,LOT-12,124.49,17.8684,20.007,25.164,36.9697
CMP-005769,Logic IC,Iddq,µA,LOT-17,126.66,10.0537,10.3409,10.4218,10.7296
CMP-005770,Memory IC,Standby Current,µA,LOT-08,125.65,25.082,25.7296,25.8095,26.733
CMP-005771,ADC,Leakage Current,µA,LOT-06,123.09,4.8299,5.0939,5.1596,5.3118
CMP-005772,Driver IC,Propagation Delay,ns,LOT-04,125.83,18.4999,19.327,28.9934,41.8052
CMP-005773,Logic IC,Iddq,µA,LOT-04,123.61,10.5,10.6887,10.9472,10.9548
CMP-005774,Memory IC,Standby Current,µA,LOT-06,125.45,24.7997,24.6704,24.609,25.9398
CMP-005775,ADC,Leakage Current,µA,LOT-12,123.01,5.0554,6.328,11.8713,21.9939
CMP-005776,Driver IC,Propagation Delay,ns,LOT-02,123.74,17.2742,29.4853,17.5492,19.6935
CMP-005777,Logic IC,Iddq,µA,LOT-16,124.88,9.3986,9.6828,9.7406,10.1457
CMP-005778,Memory IC,Standby Current,µA,LOT-07,126.96,25.2444,26.4805,46.3578,78.1638
CMP-005779,ADC,Leakage Current,µA,LOT-18,123.57,4.8038,4.9427,5.0212,5.3767
CMP-005780,Driver IC,Propagation Delay,ns,LOT-05,125.91,17.62,18.7623,26.1365,34.6602
CMP-005781,Logic IC,Iddq,µA,LOT-09,128.35,10.39,10.1886,10.5801,10.7186
CMP-005782,Memory IC,Standby Current,µA,LOT-09,126.28,24.918,24.7473,26.5361,26.6227
CMP-005783,ADC,Leakage Current,µA,LOT-20,124.93,5.1602,5.3155,5.5327,5.6307
CMP-005784,Driver IC,Propagation Delay,ns,LOT-10,122.93,17.6832,20.0603,27.533,38.3127
CMP-005785,Logic IC,Iddq,µA,LOT-08,124.03,9.6954,9.9377,10.1816,10.1903
CMP-005786,Memory IC,Standby Current,µA,LOT-04,125.66,25.0637,25.5441,25.2723,25.5533
CMP-005787,ADC,Leakage Current,µA,LOT-13,124.05,5.0488,5.235,5.3457,5.522
CMP-005788,Driver IC,Propagation Delay,ns,LOT-14,124.23,17.8574,17.8313,18.3785,18.56
CMP-005789,Logic IC,Iddq,µA,LOT-08,126.66,10.2353,10.6726,10.6508,10.9932
CMP-005790,Memory IC,Standby Current,µA,LOT-02,125.31,24.7122,38.759,27.9588,32.1129
CMP-005791,ADC,Leakage Current,µA,LOT-15,124.47,5.0621,5.4155,5.3591,5.5533
CMP-005792,Driver IC,Propagation Delay,ns,LOT-17,125.46,17.2452,17.163,17.6266,17.781
CMP-005793,Logic IC,Iddq,µA,LOT-07,126.53,10.2846,11.8118,22.8611,35.6898
CMP-005794,Memory IC,Standby Current,µA,LOT-12,125.91,24.7942,25.6364,26.2185,26.1683
CMP-005795,ADC,Leakage Current,µA,LOT-01,121.69,5.0086,5.2222,5.3653,5.5087
CMP-005796,Driver IC,Propagation Delay,ns,LOT-08,123.59,18.5372,18.6537,18.8307,19.2362
CMP-005797,Logic IC,Iddq,µA,LOT-02,127.18,10.0659,20.312,10.8597,13.1185
CMP-005798,Memory IC,Standby Current,µA,LOT-06,124.2,24.4424,24.654,24.9992,25.2793
CMP-005799,ADC,Leakage Current,µA,LOT-03,124.7,5.0565,5.1701,5.2742,5.6655
CMP-005800,Driver IC,Propagation Delay,ns,LOT-18,123.81,17.1846,17.2041,17.9901,17.9204
CMP-005801,Logic IC,Iddq,µA,LOT-20,126.76,9.8619,24.4889,10.8753,11.6383
CMP-005802,Memory IC,Standby Current,µA,LOT-07,127.47,24.3566,25.0796,25.6733,25.0384
CMP-005803,ADC,Leakage Current,µA,LOT-07,126.75,5.0305,5.098,5.1851,5.3682
CMP-005804,Driver IC,Propagation Delay,ns,LOT-19,121.69,18.4925,18.7672,19.2719,19.667
CMP-005805,Logic IC,Iddq,µA,LOT-07,125.33,10.0364,10.239,10.7609,10.8324
CMP-005806,Memory IC,Standby Current,µA,LOT-13,126.29,25.4656,26.2347,26.6623,26.6522
CMP-005807,ADC,Leakage Current,µA,LOT-02,127.47,4.8325,5.0084,5.1388,5.3863
CMP-005808,Driver IC,Propagation Delay,ns,LOT-19,123.14,18.8517,26.081,19.8759,21.887
CMP-005809,Logic IC,Iddq,µA,LOT-06,125.27,9.8205,10.0516,10.2048,10.4693
CMP-005810,Memory IC,Standby Current,µA,LOT-15,126.49,25.4673,25.1468,25.802,25.7356
CMP-005811,ADC,Leakage Current,µA,LOT-05,122.8,4.5737,4.7511,4.8905,5.005
CMP-005812,Driver IC,Propagation Delay,ns,LOT-12,124.45,18.0947,18.3749,18.7167,18.6978
CMP-005813,Logic IC,Iddq,µA,LOT-14,124.05,10.1187,25.4882,12.0728,14.0942
CMP-005814,Memory IC,Standby Current,µA,LOT-08,124.74,25.082,26.2065,26.4009,26.2561
CMP-005815,ADC,Leakage Current,µA,LOT-01,124.81,4.9541,5.2688,5.4148,5.5928
CMP-005816,Driver IC,Propagation Delay,ns,LOT-20,123.77,17.9596,18.2405,18.4001,18.6795
CMP-005817,Logic IC,Iddq,µA,LOT-18,127.1,9.7905,20.1601,10.7584,12.6624
CMP-005818,Memory IC,Standby Current,µA,LOT-15,125.8,24.213,29.1978,44.7793,72.237
CMP-005819,ADC,Leakage Current,µA,LOT-05,124.97,4.8166,5.9081,13.0451,25.5857
CMP-005820,Driver IC,Propagation Delay,ns,LOT-09,126.47,18.0381,18.351,18.5715,18.6976
CMP-005821,Logic IC,Iddq,µA,LOT-11,124.65,10.1096,11.8654,19.3633,36.0737
CMP-005822,Memory IC,Standby Current,µA,LOT-11,125.16,25.1265,51.0716,27.8715,30.8652
CMP-005823,ADC,Leakage Current,µA,LOT-15,123.89,5.0679,6.055,12.2637,26.3122
CMP-005824,Driver IC,Propagation Delay,ns,LOT-10,122.25,18.0195,18.1642,18.1804,18.6312
CMP-005825,Logic IC,Iddq,µA,LOT-05,123.26,9.5629,9.9278,10.1034,10.3368
CMP-005826,Memory IC,Standby Current,µA,LOT-10,124.77,25.0382,28.4963,39.29,70.5214
CMP-005827,ADC,Leakage Current,µA,LOT-19,123.4,4.9952,6.6154,12.6188,20.5037
CMP-005828,Driver IC,Propagation Delay,ns,LOT-04,124.55,18.5272,18.3213,18.8555,19.0117
CMP-005829,Logic IC,Iddq,µA,LOT-08,125.87,9.7683,9.9107,10.3421,10.2611
CMP-005830,Memory IC,Standby Current,µA,LOT-05,127.16,24.1364,24.2019,25.1323,25.4118
CMP-005831,ADC,Leakage Current,µA,LOT-15,125.81,5.1336,6.8933,10.8634,21.256
CMP-005832,Driver IC,Propagation Delay,ns,LOT-20,127.25,17.6222,18.4534,27.8357,41.771
CMP-005833,Logic IC,Iddq,µA,LOT-06,125.2,9.7445,11.8867,18.0183,31.445
CMP-005834,Memory IC,Standby Current,µA,LOT-16,124.91,24.4587,27.1641,37.7624,72.0569
CMP-005835,ADC,Leakage Current,µA,LOT-10,124.28,4.7235,4.7931,5.0299,5.2321
CMP-005836,Driver IC,Propagation Delay,ns,LOT-20,126.35,17.7163,19.459,24.5697,38.0479
CMP-005837,Logic IC,Iddq,µA,LOT-10,125.28,9.7025,9.8082,10.0398,10.2497
CMP-005838,Memory IC,Standby Current,µA,LOT-04,125.45,24.8626,28.0005,39.6356,70.9293
CMP-005839,ADC,Leakage Current,µA,LOT-05,122.06,4.7398,5.7858,10.797,19.7334
CMP-005840,Driver IC,Propagation Delay,ns,LOT-07,123.3,18.1687,18.3118,18.3328,18.5213
CMP-005841,Logic IC,Iddq,µA,LOT-07,127.36,10.4337,23.0314,12.7874,16.2702
CMP-005842,Memory IC,Standby Current,µA,LOT-13,125.42,25.5797,25.7914,25.7209,25.7463
CMP-005843,ADC,Leakage Current,µA,LOT-12,124.36,5.3188,5.5932,5.5927,5.8205
CMP-005844,Driver IC,Propagation Delay,ns,LOT-07,126.7,17.9638,18.2728,26.009,43.1057
CMP-005845,Logic IC,Iddq,µA,LOT-08,127.18,9.6623,12.0221,17.3891,36.2168
CMP-005846,Memory IC,Standby Current,µA,LOT-12,124.86,25.0188,38.7866,26.3803,27.3891
CMP-005847,ADC,Leakage Current,µA,LOT-05,126.01,4.8269,6.2369,10.2653,20.8368
CMP-005848,Driver IC,Propagation Delay,ns,LOT-07,125.84,17.6437,27.1827,18.9402,20.4896
CMP-005849,Logic IC,Iddq,µA,LOT-13,125.0,9.7311,10.0974,10.52,10.8144
CMP-005850,Memory IC,Standby Current,µA,LOT-03,125.91,25.4546,25.5553,25.2645,25.8544
CMP-005851,ADC,Leakage Current,µA,LOT-17,122.48,5.1118,6.4035,10.9135,22.7158
CMP-005852,Driver IC,Propagation Delay,ns,LOT-05,126.53,17.6173,19.7912,24.2262,32.6332
CMP-005853,Logic IC,Iddq,µA,LOT-11,123.32,10.2842,12.9112,21.0053,36.5296
CMP-005854,Memory IC,Standby Current,µA,LOT-07,126.33,24.8627,25.4757,25.4044,26.2091
CMP-005855,ADC,Leakage Current,µA,LOT-02,125.26,4.7689,4.9393,5.0023,5.119
CMP-005856,Driver IC,Propagation Delay,ns,LOT-11,123.36,17.2201,17.7835,17.9189,17.6057
CMP-005857,Logic IC,Iddq,µA,LOT-17,122.83,10.1941,10.3447,10.6736,10.732
CMP-005858,Memory IC,Standby Current,µA,LOT-14,125.19,25.6758,26.0633,26.709,27.7003
CMP-005859,ADC,Leakage Current,µA,LOT-15,124.36,5.4811,5.768,5.7954,5.7822
CMP-005860,Driver IC,Propagation Delay,ns,LOT-09,125.3,18.2126,18.5382,18.4976,18.2995
CMP-005861,Logic IC,Iddq,µA,LOT-09,123.73,10.0745,12.2088,20.6629,36.6137
CMP-005862,Memory IC,Standby Current,µA,LOT-02,122.45,25.0193,25.34,26.4055,26.6862
CMP-005863,ADC,Leakage Current,µA,LOT-08,123.22,4.7677,6.2481,11.6577,21.1701
CMP-005864,Driver IC,Propagation Delay,ns,LOT-08,122.6,17.9625,18.3273,18.3299,18.2926
CMP-005865,Logic IC,Iddq,µA,LOT-15,125.07,9.6695,17.4996,11.1882,14.7502
CMP-005866,Memory IC,Standby Current,µA,LOT-05,127.9,24.4255,25.017,25.4219,25.6976
CMP-005867,ADC,Leakage Current,µA,LOT-10,124.25,4.8322,6.3041,10.5464,17.9306
CMP-005868,Driver IC,Propagation Delay,ns,LOT-12,125.72,17.9144,17.9876,18.5846,18.7164
CMP-005869,Logic IC,Iddq,µA,LOT-08,123.16,9.6421,9.8444,10.1531,10.7289
CMP-005870,Memory IC,Standby Current,µA,LOT-01,122.46,24.7439,25.2937,25.1165,26.4209
CMP-005871,ADC,Leakage Current,µA,LOT-07,123.17,5.1813,5.2164,5.3954,5.5983
CMP-005872,Driver IC,Propagation Delay,ns,LOT-08,125.88,17.5783,17.5862,17.5706,17.9612
CMP-005873,Logic IC,Iddq,µA,LOT-15,124.99,9.9874,19.7798,11.0639,14.2057
CMP-005874,Memory IC,Standby Current,µA,LOT-13,124.83,24.8273,29.3093,45.3905,73.7685
CMP-005875,ADC,Leakage Current,µA,LOT-15,123.85,5.0508,5.1715,5.3077,5.5281
CMP-005876,Driver IC,Propagation Delay,ns,LOT-03,125.02,18.2082,18.1103,18.3326,18.83
CMP-005877,Logic IC,Iddq,µA,LOT-04,127.18,10.0582,19.6291,11.5418,12.8069
CMP-005878,Memory IC,Standby Current,µA,LOT-19,125.23,24.6187,41.5437,28.4586,31.5289
CMP-005879,ADC,Leakage Current,µA,LOT-09,126.46,5.0855,5.1572,5.3216,5.5598
CMP-005880,Driver IC,Propagation Delay,ns,LOT-04,126.9,18.4508,29.965,20.6357,22.8266
CMP-005881,Logic IC,Iddq,µA,LOT-12,126.88,10.3479,12.2383,23.402,43.0444
CMP-005882,Memory IC,Standby Current,µA,LOT-12,128.75,25.822,26.0968,26.3745,27.6563
CMP-005883,ADC,Leakage Current,µA,LOT-05,124.07,4.7527,6.4094,9.6733,20.7446
CMP-005884,Driver IC,Propagation Delay,ns,LOT-12,126.25,17.4523,19.2614,27.3206,39.4033
CMP-005885,Logic IC,Iddq,µA,LOT-14,123.0,10.5399,10.6684,11.0175,11.1369
CMP-005886,Memory IC,Standby Current,µA,LOT-19,125.4,25.1848,25.3222,25.8431,26.1288
CMP-005887,ADC,Leakage Current,µA,LOT-16,126.9,4.8719,11.4798,6.077,7.8844
CMP-005888,Driver IC,Propagation Delay,ns,LOT-12,125.67,18.2317,18.0241,18.5314,18.7256
CMP-005889,Logic IC,Iddq,µA,LOT-18,126.25,9.4584,9.6541,9.9359,10.0363
CMP-005890,Memory IC,Standby Current,µA,LOT-13,122.34,26.0021,26.6004,26.6889,26.9094
CMP-005891,ADC,Leakage Current,µA,LOT-02,123.44,4.6568,4.8047,5.0314,5.1799
CMP-005892,Driver IC,Propagation Delay,ns,LOT-20,124.65,17.77,18.3001,18.2572,18.8202
CMP-005893,Logic IC,Iddq,µA,LOT-04,124.45,9.9839,10.4063,10.6489,10.5902
CMP-005894,Memory IC,Standby Current,µA,LOT-16,125.38,25.5617,44.4184,28.32,32.7187
CMP-005895,ADC,Leakage Current,µA,LOT-20,123.78,4.9715,5.1964,5.226,5.3775
CMP-005896,Driver IC,Propagation Delay,ns,LOT-05,126.0,17.5313,17.5111,17.7232,17.9826
CMP-005897,Logic IC,Iddq,µA,LOT-05,127.16,10.0073,10.1418,10.4415,10.8376
CMP-005898,Memory IC,Standby Current,µA,LOT-08,125.85,24.9115,24.9228,25.2884,25.5752
CMP-005899,ADC,Leakage Current,µA,LOT-16,125.1,4.7645,5.0165,5.0553,5.2458
CMP-005900,Driver IC,Propagation Delay,ns,LOT-16,123.5,17.919,17.9576,18.0063,18.6136
CMP-005901,Logic IC,Iddq,µA,LOT-04,125.85,10.6288,10.9823,11.1969,11.4452
CMP-005902,Memory IC,Standby Current,µA,LOT-10,123.76,24.5372,24.7848,25.2904,25.5567
CMP-005903,ADC,Leakage Current,µA,LOT-05,126.69,4.6526,5.4972,10.0888,22.7255
CMP-005904,Driver IC,Propagation Delay,ns,LOT-07,126.25,17.7562,18.1455,18.5176,18.8217
CMP-005905,Logic IC,Iddq,µA,LOT-02,124.65,9.7935,11.2757,20.7264,45.9114
CMP-005906,Memory IC,Standby Current,µA,LOT-01,123.76,25.0442,27.5625,41.4238,77.3104
CMP-005907,ADC,Leakage Current,µA,LOT-09,127.5,4.9906,6.0845,12.9581,22.7069
CMP-005908,Driver IC,Propagation Delay,ns,LOT-12,125.89,17.4967,29.7898,19.806,21.752
CMP-005909,Logic IC,Iddq,µA,LOT-12,125.54,10.6666,10.7844,11.0328,11.426
CMP-005910,Memory IC,Standby Current,µA,LOT-07,123.92,24.9859,27.7788,39.497,71.6088
CMP-005911,ADC,Leakage Current,µA,LOT-03,126.16,5.1394,5.336,5.5148,5.8389
CMP-005912,Driver IC,Propagation Delay,ns,LOT-15,125.87,18.9792,20.4202,27.7171,40.8758
CMP-005913,Logic IC,Iddq,µA,LOT-20,128.15,9.9975,10.342,10.8205,11.1331
CMP-005914,Memory IC,Standby Current,µA,LOT-11,124.5,24.8311,24.8996,25.3263,26.6192
CMP-005915,ADC,Leakage Current,µA,LOT-18,124.78,4.9122,5.0126,5.1946,5.2467
CMP-005916,Driver IC,Propagation Delay,ns,LOT-02,126.06,17.84,18.0239,17.8657,18.1001
CMP-005917,Logic IC,Iddq,µA,LOT-01,125.56,10.352,10.6729,10.8967,11.3665
CMP-005918,Memory IC,Standby Current,µA,LOT-10,124.48,24.9592,25.2544,25.6817,25.5596
CMP-005919,ADC,Leakage Current,µA,LOT-19,125.29,4.943,6.0424,12.1916,26.4679
CMP-005920,Driver IC,Propagation Delay,ns,LOT-20,127.03,19.1184,19.9543,27.597,38.3272
CMP-005921,Logic IC,Iddq,µA,LOT-15,124.94,9.8805,12.163,17.3717,35.4785
CMP-005922,Memory IC,Standby Current,µA,LOT-03,126.58,25.6681,26.2589,26.4654,27.5674
CMP-005923,ADC,Leakage Current,µA,LOT-10,124.85,4.8706,4.8918,5.0089,5.0239
CMP-005924,Driver IC,Propagation Delay,ns,LOT-07,126.42,17.9012,17.884,18.462,18.7101
CMP-005925,Logic IC,Iddq,µA,LOT-20,124.19,9.9593,10.0944,10.5412,10.9521
CMP-005926,Memory IC,Standby Current,µA,LOT-17,125.7,26.7978,27.1557,27.4626,28.4167
CMP-005927,ADC,Leakage Current,µA,LOT-06,123.92,4.8374,4.9239,5.0657,5.42
CMP-005928,Driver IC,Propagation Delay,ns,LOT-14,126.64,18.399,18.3714,19.041,18.9942
CMP-005929,Logic IC,Iddq,µA,LOT-05,124.84,9.4463,9.695,9.9586,10.3179
CMP-005930,Memory IC,Standby Current,µA,LOT-05,123.85,24.5666,24.9105,25.326,25.3472
CMP-005931,ADC,Leakage Current,µA,LOT-01,123.76,5.0489,15.3957,5.4293,6.3181
CMP-005932,Driver IC,Propagation Delay,ns,LOT-07,125.92,17.9215,19.4316,25.589,40.4431
CMP-005933,Logic IC,Iddq,µA,LOT-06,123.07,9.8091,10.301,10.4982,10.6432
CMP-005934,Memory IC,Standby Current,µA,LOT-11,123.97,25.3133,25.5175,26.3709,26.3135
CMP-005935,ADC,Leakage Current,µA,LOT-07,128.01,4.8633,5.0463,5.1056,5.3865
CMP-005936,Driver IC,Propagation Delay,ns,LOT-15,124.89,19.1157,21.127,26.1564,39.0817
CMP-005937,Logic IC,Iddq,µA,LOT-18,125.38,9.3709,9.6369,10.1938,10.3511
CMP-005938,Memory IC,Standby Current,µA,LOT-07,123.64,24.3796,24.9037,25.6086,26.0753
CMP-005939,ADC,Leakage Current,µA,LOT-15,127.12,5.3271,6.2982,11.9724,26.1837
CMP-005940,Driver IC,Propagation Delay,ns,LOT-02,126.82,17.6733,17.8852,17.8579,17.9178
CMP-005941,Logic IC,Iddq,µA,LOT-07,125.1,9.9559,10.1834,10.653,10.8502
CMP-005942,Memory IC,Standby Current,µA,LOT-07,126.95,25.5932,27.5233,41.5423,68.4711
CMP-005943,ADC,Leakage Current,µA,LOT-12,124.48,5.0331,5.2647,5.5101,5.6786
CMP-005944,Driver IC,Propagation Delay,ns,LOT-14,124.86,18.5845,18.991,18.7527,18.8492
CMP-005945,Logic IC,Iddq,µA,LOT-08,123.05,9.8716,11.7591,23.4819,46.4668
CMP-005946,Memory IC,Standby Current,µA,LOT-11,127.46,24.8795,28.5406,42.1527,69.2292
CMP-005947,ADC,Leakage Current,µA,LOT-18,123.23,4.8442,5.0152,5.301,5.5445
CMP-005948,Driver IC,Propagation Delay,ns,LOT-04,125.54,18.541,18.4584,18.8284,19.59
CMP-005949,Logic IC,Iddq,µA,LOT-12,126.59,9.6365,11.9558,18.6546,31.2967
CMP-005950,Memory IC,Standby Current,µA,LOT-19,124.2,23.3799,26.6733,41.5123,66.9511
CMP-005951,ADC,Leakage Current,µA,LOT-05,124.63,4.4693,5.3654,12.203,25.6841
CMP-005952,Driver IC,Propagation Delay,ns,LOT-17,123.58,17.5861,30.0467,18.7457,20.3056
CMP-005953,Logic IC,Iddq,µA,LOT-10,122.67,9.4993,9.7308,9.9348,10.2693
CMP-005954,Memory IC,Standby Current,µA,LOT-18,124.73,24.636,26.0811,39.1997,65.9994
CMP-005955,ADC,Leakage Current,µA,LOT-08,124.19,4.9068,5.0607,5.254,5.4557
CMP-005956,Driver IC,Propagation Delay,ns,LOT-04,123.79,18.5747,18.8738,18.9557,19.4629
CMP-005957,Logic IC,Iddq,µA,LOT-20,124.62,9.9594,26.4446,11.3704,12.5864
CMP-005958,Memory IC,Standby Current,µA,LOT-08,126.48,24.2723,24.5325,25.0882,24.472
CMP-005959,ADC,Leakage Current,µA,LOT-20,125.94,5.0835,5.076,5.2251,5.2936
CMP-005960,Driver IC,Propagation Delay,ns,LOT-13,123.2,18.583,24.807,19.1533,20.0777
CMP-005961,Logic IC,Iddq,µA,LOT-01,123.05,10.1625,10.5611,10.4788,10.8502
CMP-005962,Memory IC,Standby Current,µA,LOT-01,126.57,25.587,25.2136,25.6341,26.634
CMP-005963,ADC,Leakage Current,µA,LOT-11,126.12,5.4843,6.8881,11.6172,23.0111
CMP-005964,Driver IC,Propagation Delay,ns,LOT-01,125.71,17.5032,17.9924,18.2527,18.2769
CMP-005965,Logic IC,Iddq,µA,LOT-11,126.04,10.03,10.4215,10.7961,10.9767
CMP-005966,Memory IC,Standby Current,µA,LOT-11,123.17,25.6852,43.238,28.4394,34.221
CMP-005967,ADC,Leakage Current,µA,LOT-02,123.91,4.4677,4.8047,4.9775,4.9948
CMP-005968,Driver IC,Propagation Delay,ns,LOT-19,123.43,18.004,18.6602,18.5213,18.9301
CMP-005969,Logic IC,Iddq,µA,LOT-20,124.26,10.0148,11.2424,20.8624,43.1669
CMP-005970,Memory IC,Standby Current,µA,LOT-14,122.75,24.0741,25.2264,25.374,26.4652
CMP-005971,ADC,Leakage Current,µA,LOT-09,123.06,4.9312,5.1143,5.2115,5.2393
CMP-005972,Driver IC,Propagation Delay,ns,LOT-10,122.41,18.3398,18.7744,26.781,38.4408
CMP-005973,Logic IC,Iddq,µA,LOT-14,128.62,10.4062,10.7746,10.9621,10.8947
CMP-005974,Memory IC,Standby Current,µA,LOT-16,126.21,24.5548,25.1276,25.2806,25.8339
CMP-005975,ADC,Leakage Current,µA,LOT-01,123.52,5.144,5.3942,5.5446,5.6893
CMP-005976,Driver IC,Propagation Delay,ns,LOT-11,123.1,18.1502,29.2939,19.2168,21.3451
CMP-005977,Logic IC,Iddq,µA,LOT-20,125.04,10.3439,10.8945,11.0589,10.9337
CMP-005978,Memory IC,Standby Current,µA,LOT-05,123.67,24.3353,24.8163,25.1125,25.1315
CMP-005979,ADC,Leakage Current,µA,LOT-10,126.93,5.0932,5.1019,5.2972,5.3852
CMP-005980,Driver IC,Propagation Delay,ns,LOT-15,125.75,17.514,17.8614,18.1852,17.7433
CMP-005981,Logic IC,Iddq,µA,LOT-14,126.16,10.8026,11.1253,11.4584,11.6012
CMP-005982,Memory IC,Standby Current,µA,LOT-20,124.96,23.8284,24.3396,24.6553,24.9259
CMP-005983,ADC,Leakage Current,µA,LOT-03,123.1,4.9736,5.0675,5.2133,5.2378
CMP-005984,Driver IC,Propagation Delay,ns,LOT-09,124.26,18.2512,18.3366,18.467,18.9317
CMP-005985,Logic IC,Iddq,µA,LOT-17,125.88,9.8233,22.0554,11.7078,13.0899
CMP-005986,Memory IC,Standby Current,µA,LOT-03,128.76,24.8969,25.3942,25.8356,26.282
CMP-005987,ADC,Leakage Current,µA,LOT-18,124.14,5.0395,5.1786,5.3483,5.3332
CMP-005988,Driver IC,Propagation Delay,ns,LOT-15,125.61,17.8565,18.6109,18.2534,18.6623
CMP-005989,Logic IC,Iddq,µA,LOT-16,127.81,9.9386,10.119,10.4837,10.4946
CMP-005990,Memory IC,Standby Current,µA,LOT-17,126.15,25.0843,25.3342,26.3857,26.257
CMP-005991,ADC,Leakage Current,µA,LOT-09,124.19,5.0497,5.2087,5.2894,5.5336
CMP-005992,Driver IC,Propagation Delay,ns,LOT-05,123.88,16.9152,31.1156,19.1439,21.1516
CMP-005993,Logic IC,Iddq,µA,LOT-12,126.52,10.4112,10.8788,11.261,11.4329
CMP-005994,Memory IC,Standby Current,µA,LOT-18,123.2,25.7464,27.0788,42.0435,70.9654
CMP-005995,ADC,Leakage Current,µA,LOT-08,122.76,4.8227,5.4265,9.964,18.0298
CMP-005996,Driver IC,Propagation Delay,ns,LOT-10,122.1,17.3034,17.7434,17.6919,17.5935
CMP-005997,Logic IC,Iddq,µA,LOT-04,125.6,10.2409,10.7295,11.1294,10.9542
CMP-005998,Memory IC,Standby Current,µA,LOT-12,124.47,24.9595,25.3353,25.7614,26.1605
CMP-005999,ADC,Leakage Current,µA,LOT-03,126.62,5.1493,5.1533,5.4504,5.531
CMP-006000,Driver IC,Propagation Delay,ns,LOT-03,123.93,17.9932,28.3671,18.6515,19.9249
CMP-006001,Logic IC,Iddq,µA,LOT-02,123.02,9.7389,9.7591,10.1566,10.0863
CMP-006002,Memory IC,Standby Current,µA,LOT-17,125.0,24.7587,26.9245,39.7082,65.9269
CMP-006003,ADC,Leakage Current,µA,LOT-12,125.64,4.9452,5.1891,5.4127,5.5962
CMP-006004,Driver IC,Propagation Delay,ns,LOT-04,125.65,17.3731,18.0308,18.2657,18.3654
CMP-006005,Logic IC,Iddq,µA,LOT-03,125.31,9.9437,10.157,10.5023,10.6527
CMP-006006,Memory IC,Standby Current,µA,LOT-05,125.94,24.5602,25.0056,25.7763,25.9702
CMP-006007,ADC,Leakage Current,µA,LOT-07,125.18,4.9156,11.1547,5.6572,6.9472
CMP-006008,Driver IC,Propagation Delay,ns,LOT-03,126.35,18.7402,18.8959,19.3491,19.2986
CMP-006009,Logic IC,Iddq,µA,LOT-14,124.7,10.3663,10.8784,11.2847,11.1089
CMP-006010,Memory IC,Standby Current,µA,LOT-16,126.66,24.946,24.798,25.4897,25.7702
CMP-006011,ADC,Leakage Current,µA,LOT-05,128.46,4.6467,6.0498,10.1352,20.8361
CMP-006012,Driver IC,Propagation Delay,ns,LOT-11,124.72,17.8065,18.9565,24.1091,33.1995
CMP-006013,Logic IC,Iddq,µA,LOT-20,123.52,9.8037,10.7513,19.1635,43.957
CMP-006014,Memory IC,Standby Current,µA,LOT-15,125.97,25.3567,29.5671,38.8575,64.6024
CMP-006015,ADC,Leakage Current,µA,LOT-12,124.82,5.0769,6.1116,10.1467,20.2564
CMP-006016,Driver IC,Propagation Delay,ns,LOT-17,124.91,18.4913,18.7249,19.1314,18.9643
CMP-006017,Logic IC,Iddq,µA,LOT-14,124.1,10.6219,10.7719,11.3226,11.5522
CMP-006018,Memory IC,Standby Current,µA,LOT-12,125.27,24.63,25.7133,26.5449,26.5674
CMP-006019,ADC,Leakage Current,µA,LOT-17,126.44,5.1437,5.3302,5.3506,5.5928
CMP-006020,Driver IC,Propagation Delay,ns,LOT-08,124.19,18.4545,30.0314,19.7707,20.8389
CMP-006021,Logic IC,Iddq,µA,LOT-06,125.12,9.4952,10.8341,18.8354,38.9094
CMP-006022,Memory IC,Standby Current,µA,LOT-06,124.13,24.9755,44.3759,28.0321,34.0675
CMP-006023,ADC,Leakage Current,µA,LOT-17,125.14,5.0203,5.3759,5.4939,5.6785
CMP-006024,Driver IC,Propagation Delay,ns,LOT-11,125.29,18.2463,19.7747,27.9997,38.5838
CMP-006025,Logic IC,Iddq,µA,LOT-06,124.17,9.5289,12.5922,21.5158,32.6259
CMP-006026,Memory IC,Standby Current,µA,LOT-05,124.26,24.8445,24.7094,25.5174,25.8496
CMP-006027,ADC,Leakage Current,µA,LOT-01,125.93,4.8859,5.2218,5.2393,5.4299
CMP-006028,Driver IC,Propagation Delay,ns,LOT-15,125.57,18.2385,18.9668,24.8912,37.89
CMP-006029,Logic IC,Iddq,µA,LOT-06,129.03,9.7204,9.8891,10.0779,10.3059
CMP-006030,Memory IC,Standby Current,µA,LOT-18,124.9,24.9006,25.1142,25.6348,25.9814
CMP-006031,ADC,Leakage Current,µA,LOT-01,127.79,5.2448,13.9646,5.5608,6.3087
CMP-006032,Driver IC,Propagation Delay,ns,LOT-04,127.12,18.3191,20.4069,26.0347,41.0622
CMP-006033,Logic IC,Iddq,µA,LOT-09,126.58,9.7899,11.4708,18.5571,33.3454
CMP-006034,Memory IC,Standby Current,µA,LOT-09,126.0,25.1677,25.8458,26.2319,26.8364
CMP-006035,ADC,Leakage Current,µA,LOT-06,124.03,4.7066,4.8054,5.0365,5.1649
CMP-006036,Driver IC,Propagation Delay,ns,LOT-16,124.71,18.6437,18.6662,19.0132,18.8546
CMP-006037,Logic IC,Iddq,µA,LOT-15,124.86,9.5875,18.9043,12.0019,14.942
CMP-006038,Memory IC,Standby Current,µA,LOT-05,124.75,23.7668,23.9457,24.8024,25.4202
CMP-006039,ADC,Leakage Current,µA,LOT-06,126.22,4.6507,5.4328,11.2682,24.0242
CMP-006040,Driver IC,Propagation Delay,ns,LOT-07,123.84,17.8636,18.8384,26.6617,43.5568
CMP-006041,Logic IC,Iddq,µA,LOT-02,122.77,10.6945,12.4165,17.6687,30.0512
CMP-006042,Memory IC,Standby Current,µA,LOT-09,123.08,24.663,27.4075,42.794,64.0157
CMP-006043,ADC,Leakage Current,µA,LOT-09,127.04,4.9373,5.2461,5.3113,5.4872
CMP-006044,Driver IC,Propagation Delay,ns,LOT-07,125.31,17.7147,18.7658,26.9883,45.0794
CMP-006045,Logic IC,Iddq,µA,LOT-14,125.58,10.1987,10.6192,10.8384,11.1011
CMP-006046,Memory IC,Standby Current,µA,LOT-01,126.55,24.7721,25.4692,25.8767,25.9569
CMP-006047,ADC,Leakage Current,µA,LOT-03,126.73,5.2229,5.5388,5.6585,5.7689
CMP-006048,Driver IC,Propagation Delay,ns,LOT-17,122.98,17.7449,17.8178,18.3352,18.3305
CMP-006049,Logic IC,Iddq,µA,LOT-14,123.02,10.3636,21.7567,12.2904,15.9699
CMP-006050,Memory IC,Standby Current,µA,LOT-01,126.36,24.9417,25.5345,25.3589,26.4403
CMP-006051,ADC,Leakage Current,µA,LOT-19,125.45,5.3147,14.6633,5.9924,6.8197
CMP-006052,Driver IC,Propagation Delay,ns,LOT-20,124.72,18.1797,18.5824,18.6121,19.0885
CMP-006053,Logic IC,Iddq,µA,LOT-12,122.87,10.1817,13.0663,20.5555,37.3618
CMP-006054,Memory IC,Standby Current,µA,LOT-14,125.3,23.8072,51.8163,26.0005,29.439
CMP-006055,ADC,Leakage Current,µA,LOT-07,125.15,5.2448,6.0869,13.2174,24.6097
CMP-006056,Driver IC,Propagation Delay,ns,LOT-04,126.34,18.4406,18.2575,19.0289,18.4808
CMP-006057,Logic IC,Iddq,µA,LOT-12,125.27,10.319,10.5681,10.8348,11.1159
CMP-006058,Memory IC,Standby Current,µA,LOT-17,124.84,25.9012,25.3953,26.2405,26.6083
CMP-006059,ADC,Leakage Current,µA,LOT-15,127.83,5.1985,6.8619,9.9336,18.9404
CMP-006060,Driver IC,Propagation Delay,ns,LOT-14,124.33,19.0555,19.0739,18.8473,19.6935
CMP-006061,Logic IC,Iddq,µA,LOT-12,126.33,10.3905,10.5396,10.9533,11.2006
CMP-006062,Memory IC,Standby Current,µA,LOT-10,125.24,24.5242,28.2437,45.1795,62.9012
CMP-006063,ADC,Leakage Current,µA,LOT-09,123.68,4.9964,6.1838,10.8304,17.7002
CMP-006064,Driver IC,Propagation Delay,ns,LOT-14,126.38,18.4075,18.7124,18.6435,18.9515
CMP-006065,Logic IC,Iddq,µA,LOT-06,124.05,9.407,23.1706,10.4525,13.3214
CMP-006066,Memory IC,Standby Current,µA,LOT-12,123.27,24.4504,24.9806,25.6697,26.0245
CMP-006067,ADC,Leakage Current,µA,LOT-20,126.36,4.8589,5.1785,5.379,5.3509
CMP-006068,Driver IC,Propagation Delay,ns,LOT-11,127.13,17.9499,19.0844,26.3109,41.4662
CMP-006069,Logic IC,Iddq,µA,LOT-16,125.93,9.8995,17.8141,11.2152,14.5099
CMP-006070,Memory IC,Standby Current,µA,LOT-01,125.72,24.9904,28.9582,40.3115,62.231
CMP-006071,ADC,Leakage Current,µA,LOT-17,125.09,5.1421,5.4111,5.4435,5.5554
CMP-006072,Driver IC,Propagation Delay,ns,LOT-14,124.62,18.614,21.018,27.179,41.7864
CMP-006073,Logic IC,Iddq,µA,LOT-14,125.25,10.5069,10.7992,10.7924,11.2497
CMP-006074,Memory IC,Standby Current,µA,LOT-14,123.7,24.8276,26.6643,45.1094,72.7437
CMP-006075,ADC,Leakage Current,µA,LOT-12,124.74,4.888,5.1308,5.2378,5.2894
CMP-006076,Driver IC,Propagation Delay,ns,LOT-14,127.22,17.85,18.6028,18.5265,18.6332
CMP-006077,Logic IC,Iddq,µA,LOT-15,126.24,10.2438,10.2614,10.4523,10.485
CMP-006078,Memory IC,Standby Current,µA,LOT-05,124.61,25.2415,25.4261,25.9175,25.9062
CMP-006079,ADC,Leakage Current,µA,LOT-02,126.64,4.5214,5.8786,10.3254,19.8936
CMP-006080,Driver IC,Propagation Delay,ns,LOT-20,125.94,18.2401,18.5164,18.8825,18.7943
CMP-006081,Logic IC,Iddq,µA,LOT-06,125.5,9.7664,11.562,19.6873,44.6091
CMP-006082,Memory IC,Standby Current,µA,LOT-02,124.44,25.473,28.1641,46.2474,84.3801
CMP-006083,ADC,Leakage Current,µA,LOT-14,125.37,5.3488,14.3456,6.1899,8.0014
CMP-006084,Driver IC,Propagation Delay,ns,LOT-04,124.9,18.0182,20.1837,26.5308,34.4745
CMP-006085,Logic IC,Iddq,µA,LOT-01,123.9,10.184,10.4255,10.5975,10.8089
CMP-006086,Memory IC,Standby Current,µA,LOT-04,124.77,24.8238,25.246,25.3572,25.9531
CMP-006087,ADC,Leakage Current,µA,LOT-10,124.21,5.1157,15.5207,6.1634,7.3787
CMP-006088,Driver IC,Propagation Delay,ns,LOT-01,122.92,17.5904,18.1052,17.919,18.6093
CMP-006089,Logic IC,Iddq,µA,LOT-08,124.38,9.9759,11.4437,22.8657,45.4964
CMP-006090,Memory IC,Standby Current,µA,LOT-13,127.12,24.4499,25.1638,25.5504,26.4988
CMP-006091,ADC,Leakage Current,µA,LOT-11,126.71,4.9533,5.8011,11.2106,25.378
CMP-006092,Driver IC,Propagation Delay,ns,LOT-19,124.19,17.9089,18.2352,18.1929,18.594
CMP-006093,Logic IC,Iddq,µA,LOT-17,123.73,10.171,10.2131,10.5576,10.5085
CMP-006094,Memory IC,Standby Current,µA,LOT-04,125.05,26.3271,26.1114,26.7574,27.6169
CMP-006095,ADC,Leakage Current,µA,LOT-10,125.83,4.9407,5.1434,5.1231,5.3699
CMP-006096,Driver IC,Propagation Delay,ns,LOT-20,125.12,18.2471,19.9517,27.0338,37.8087
CMP-006097,Logic IC,Iddq,µA,LOT-05,125.02,9.4429,9.4525,10.211,10.297
CMP-006098,Memory IC,Standby Current,µA,LOT-11,125.14,25.0789,26.3693,26.3991,26.4724
CMP-006099,ADC,Leakage Current,µA,LOT-15,125.54,5.1906,6.6793,12.3024,20.235
CMP-006100,Driver IC,Propagation Delay,ns,LOT-18,123.48,17.4683,17.8176,18.0187,18.2554
CMP-006101,Logic IC,Iddq,µA,LOT-07,124.7,9.5779,9.5948,10.1686,10.2342
CMP-006102,Memory IC,Standby Current,µA,LOT-01,124.34,25.2802,25.4727,25.976,26.4447
CMP-006103,ADC,Leakage Current,µA,LOT-03,124.49,5.0942,5.2027,5.3097,5.5773
CMP-006104,Driver IC,Propagation Delay,ns,LOT-14,125.98,18.4842,18.8519,18.9343,18.851
CMP-006105,Logic IC,Iddq,µA,LOT-20,126.44,9.8976,12.8604,20.407,33.6465
CMP-006106,Memory IC,Standby Current,µA,LOT-06,123.38,24.5903,26.3426,44.1415,69.8891
CMP-006107,ADC,Leakage Current,µA,LOT-06,126.65,4.6109,4.9079,4.9094,5.1189
CMP-006108,Driver IC,Propagation Delay,ns,LOT-17,126.52,18.2373,20.2072,25.7466,35.961
CMP-006109,Logic IC,Iddq,µA,LOT-04,125.23,10.111,10.3454,10.5591,10.9242
CMP-006110,Memory IC,Standby Current,µA,LOT-14,125.14,26.043,25.4291,26.7997,27.4532
CMP-006111,ADC,Leakage Current,µA,LOT-16,124.51,4.7804,4.8912,4.8883,5.0293
CMP-006112,Driver IC,Propagation Delay,ns,LOT-08,124.83,18.2405,18.1476,18.9236,18.7092
CMP-006113,Logic IC,Iddq,µA,LOT-20,123.77,10.5742,11.9663,24.0647,43.5004
CMP-006114,Memory IC,Standby Current,µA,LOT-11,125.23,25.6719,26.5813,27.2074,27.7523
CMP-006115,ADC,Leakage Current,µA,LOT-09,125.73,4.7699,11.6198,6.3288,7.7714
CMP-006116,Driver IC,Propagation Delay,ns,LOT-05,123.33,17.7845,18.5944,25.3686,42.98
CMP-006117,Logic IC,Iddq,µA,LOT-20,126.66,10.1723,12.3962,20.916,33.4176
CMP-006118,Memory IC,Standby Current,µA,LOT-09,126.31,24.4979,26.484,37.1362,66.924
CMP-006119,ADC,Leakage Current,µA,LOT-02,127.11,4.5174,4.6584,4.8016,4.804
CMP-006120,Driver IC,Propagation Delay,ns,LOT-19,126.23,18.4293,18.3626,18.7684,19.4079
CMP-006121,Logic IC,Iddq,µA,LOT-13,127.17,10.1414,24.9278,11.437,12.2634
CMP-006122,Memory IC,Standby Current,µA,LOT-06,123.68,24.495,25.1325,25.3343,25.2502
CMP-006123,ADC,Leakage Current,µA,LOT-11,125.91,5.375,5.4651,5.6855,5.7679
CMP-006124,Driver IC,Propagation Delay,ns,LOT-14,125.16,17.8683,24.3611,19.5248,20.6712
CMP-006125,Logic IC,Iddq,µA,LOT-09,126.76,9.93,10.1179,10.1587,10.6109
CMP-006126,Memory IC,Standby Current,µA,LOT-15,126.34,25.0598,28.1962,37.6539,63.1047
CMP-006127,ADC,Leakage Current,µA,LOT-02,124.2,4.8512,5.6153,9.6782,23.0568
CMP-006128,Driver IC,Propagation Delay,ns,LOT-05,123.13,16.8292,18.1365,26.9696,43.6086
CMP-006129,Logic IC,Iddq,µA,LOT-15,126.01,9.9299,12.3966,19.2132,30.1619
CMP-006130,Memory IC,Standby Current,µA,LOT-15,124.2,23.8943,24.4392,24.8999,25.3261
CMP-006131,ADC,Leakage Current,µA,LOT-07,122.06,4.8564,4.9579,4.9737,5.1583
CMP-006132,Driver IC,Propagation Delay,ns,LOT-19,125.72,18.1439,18.1608,18.1845,18.6169
CMP-006133,Logic IC,Iddq,µA,LOT-20,125.28,9.739,9.8753,10.1973,10.2212
CMP-006134,Memory IC,Standby Current,µA,LOT-11,126.5,25.0852,45.4508,26.7559,30.1084
CMP-006135,ADC,Leakage Current,µA,LOT-19,128.57,5.1755,5.3295,5.3049,5.4445
CMP-006136,Driver IC,Propagation Delay,ns,LOT-14,124.46,18.2992,19.9066,25.4048,34.1661
CMP-006137,Logic IC,Iddq,µA,LOT-20,124.63,9.2582,25.0938,10.2066,10.9158
CMP-006138,Memory IC,Standby Current,µA,LOT-20,124.06,24.5733,27.1029,39.8599,59.7343
CMP-006139,ADC,Leakage Current,µA,LOT-19,128.48,5.2846,5.4613,5.5812,5.6703
CMP-006140,Driver IC,Propagation Delay,ns,LOT-13,127.01,17.5318,18.4003,28.3185,46.8301
CMP-006141,Logic IC,Iddq,µA,LOT-05,125.57,9.881,19.1607,10.8283,13.7327
CMP-006142,Memory IC,Standby Current,µA,LOT-19,125.85,25.0526,25.7797,25.6492,26.1295
CMP-006143,ADC,Leakage Current,µA,LOT-10,121.49,4.5308,4.6622,4.8309,4.8976
CMP-006144,Driver IC,Propagation Delay,ns,LOT-18,126.84,17.1986,25.7077,17.8093,19.1236
CMP-006145,Logic IC,Iddq,µA,LOT-08,126.19,9.8302,26.6761,11.6628,15.2408
CMP-006146,Memory IC,Standby Current,µA,LOT-07,125.82,24.6832,25.9256,26.0502,26.5551
CMP-006147,ADC,Leakage Current,µA,LOT-16,123.32,4.8796,4.9857,5.2622,5.4093
CMP-006148,Driver IC,Propagation Delay,ns,LOT-03,125.12,18.1531,18.3483,18.5918,18.6154
CMP-006149,Logic IC,Iddq,µA,LOT-01,125.33,10.0158,12.3676,20.7832,34.9258
CMP-006150,Memory IC,Standby Current,µA,LOT-02,126.3,24.3715,27.275,38.9087,69.8079
CMP-006151,ADC,Leakage Current,µA,LOT-10,126.62,4.8918,5.0222,5.1282,5.3425
CMP-006152,Driver IC,Propagation Delay,ns,LOT-20,123.94,18.1791,29.229,18.9945,20.8849
CMP-006153,Logic IC,Iddq,µA,LOT-09,124.8,10.1569,12.4257,22.4745,38.1337
CMP-006154,Memory IC,Standby Current,µA,LOT-20,123.57,25.4152,29.0902,41.8059,68.5033
CMP-006155,ADC,Leakage Current,µA,LOT-20,125.83,5.0865,6.4312,11.7989,20.8138
CMP-006156,Driver IC,Propagation Delay,ns,LOT-14,125.44,18.0902,19.046,24.4918,33.2165
CMP-006157,Logic IC,Iddq,µA,LOT-10,127.43,10.0613,10.4974,10.5547,10.7557
CMP-006158,Memory IC,Standby Current,µA,LOT-19,122.21,24.6334,25.5458,25.3169,26.5893
CMP-006159,ADC,Leakage Current,µA,LOT-15,123.62,5.0849,6.0318,13.0443,28.0055
CMP-006160,Driver IC,Propagation Delay,ns,LOT-05,126.11,17.8533,19.9691,25.9202,40.263
CMP-006161,Logic IC,Iddq,µA,LOT-08,123.96,9.689,9.8846,10.163,10.2281
CMP-006162,Memory IC,Standby Current,µA,LOT-10,125.51,24.7656,24.8846,25.5762,26.2721
CMP-006163,ADC,Leakage Current,µA,LOT-13,126.32,4.9478,11.456,5.8836,7.4535
CMP-006164,Driver IC,Propagation Delay,ns,LOT-09,124.7,18.4845,18.7089,19.1336,19.4604
CMP-006165,Logic IC,Iddq,µA,LOT-19,126.12,10.2575,10.5583,11.044,11.352
CMP-006166,Memory IC,Standby Current,µA,LOT-11,122.71,24.3368,26.5213,40.5256,80.5812
CMP-006167,ADC,Leakage Current,µA,LOT-19,126.48,5.3445,5.4843,5.818,5.7989
CMP-006168,Driver IC,Propagation Delay,ns,LOT-19,126.51,18.6664,18.5955,18.8847,18.9481
CMP-006169,Logic IC,Iddq,µA,LOT-18,125.6,9.8751,10.0261,10.3152,10.7772
CMP-006170,Memory IC,Standby Current,µA,LOT-09,124.24,25.5102,25.305,25.5015,25.9197
CMP-006171,ADC,Leakage Current,µA,LOT-07,125.21,5.1625,10.3346,6.1054,7.1888
CMP-006172,Driver IC,Propagation Delay,ns,LOT-05,125.37,17.3867,27.8829,18.9006,20.6507
CMP-006173,Logic IC,Iddq,µA,LOT-03,123.76,10.2441,12.554,20.9026,38.0378
CMP-006174,Memory IC,Standby Current,µA,LOT-08,126.76,26.7415,26.7978,27.2245,27.2217
CMP-006175,ADC,Leakage Current,µA,LOT-15,124.44,4.8964,6.5656,9.6685,17.8727
CMP-006176,Driver IC,Propagation Delay,ns,LOT-11,123.63,17.8351,18.7855,26.0077,37.6622
CMP-006177,Logic IC,Iddq,µA,LOT-05,125.01,10.2132,10.3113,10.5555,10.6586
CMP-006178,Memory IC,Standby Current,µA,LOT-03,124.29,24.5536,25.2263,25.7254,25.9124
CMP-006179,ADC,Leakage Current,µA,LOT-09,124.71,5.1255,5.2921,5.4135,5.5574
CMP-006180,Driver IC,Propagation Delay,ns,LOT-20,126.54,17.6165,27.962,19.8214,20.6201
CMP-006181,Logic IC,Iddq,µA,LOT-06,128.01,10.1037,10.0636,10.2261,10.3635
CMP-006182,Memory IC,Standby Current,µA,LOT-06,124.74,23.707,25.4771,41.0534,71.3978
CMP-006183,ADC,Leakage Current,µA,LOT-12,124.51,5.004,5.2372,5.3393,5.6635
CMP-006184,Driver IC,Propagation Delay,ns,LOT-14,124.58,18.1349,18.5249,18.8839,18.7049
CMP-006185,Logic IC,Iddq,µA,LOT-14,124.75,9.9529,10.0656,10.4039,10.5747
CMP-006186,Memory IC,Standby Current,µA,LOT-19,125.72,25.8065,25.7485,26.6537,27.0251
CMP-006187,ADC,Leakage Current,µA,LOT-01,125.43,4.9044,6.3502,10.5585,18.1448
CMP-006188,Driver IC,Propagation Delay,ns,LOT-16,123.49,18.3461,18.8904,24.3318,42.3871
CMP-006189,Logic IC,Iddq,µA,LOT-06,124.57,9.9275,11.4524,19.6411,39.6517
CMP-006190,Memory IC,Standby Current,µA,LOT-14,126.27,25.6884,28.117,41.5711,77.0808
CMP-006191,ADC,Leakage Current,µA,LOT-08,122.97,4.7977,6.3354,11.8205,18.5051
CMP-006192,Driver IC,Propagation Delay,ns,LOT-06,125.54,17.1135,19.1754,27.1383,41.3225
CMP-006193,Logic IC,Iddq,µA,LOT-08,124.81,10.2151,12.2222,18.9954,30.871
CMP-006194,Memory IC,Standby Current,µA,LOT-03,124.42,25.0657,25.9843,26.4766,26.2775
CMP-006195,ADC,Leakage Current,µA,LOT-10,125.48,4.8372,11.0266,5.6986,6.2636
CMP-006196,Driver IC,Propagation Delay,ns,LOT-03,123.9,18.1399,18.5764,18.5233,18.851
CMP-006197,Logic IC,Iddq,µA,LOT-07,124.9,9.9266,11.906,19.9928,41.5863
CMP-006198,Memory IC,Standby Current,µA,LOT-01,125.95,25.5722,25.4388,26.3123,26.3311
CMP-006199,ADC,Leakage Current,µA,LOT-10,124.13,4.8449,4.9536,5.1688,5.5794
CMP-006200,Driver IC,Propagation Delay,ns,LOT-06,124.18,17.9906,18.3646,18.4872,18.3091
CMP-006201,Logic IC,Iddq,µA,LOT-02,126.13,9.5087,9.7364,10.2745,10.218
CMP-006202,Memory IC,Standby Current,µA,LOT-09,123.4,25.0439,26.5815,38.4896,76.1364
CMP-006203,ADC,Leakage Current,µA,LOT-02,125.64,4.8428,4.8432,5.0688,5.0419
CMP-006204,Driver IC,Propagation Delay,ns,LOT-08,125.64,17.943,18.9338,24.7533,35.3252
CMP-006205,Logic IC,Iddq,µA,LOT-02,125.7,9.3786,9.7485,9.9103,10.214
CMP-006206,Memory IC,Standby Current,µA,LOT-01,126.97,23.9734,24.8235,25.313,25.8796
CMP-006207,ADC,Leakage Current,µA,LOT-10,123.02,4.7516,5.9674,11.3849,18.5247
CMP-006208,Driver IC,Propagation Delay,ns,LOT-17,124.66,18.2966,18.2152,18.5363,19.0073
CMP-006209,Logic IC,Iddq,µA,LOT-10,126.19,9.8586,10.1121,10.2383,10.6394
CMP-006210,Memory IC,Standby Current,µA,LOT-05,124.18,25.4858,25.9647,40.0912,64.5093
CMP-006211,ADC,Leakage Current,µA,LOT-10,127.14,4.8327,6.4941,10.8574,16.9462
CMP-006212,Driver IC,Propagation Delay,ns,LOT-19,124.35,18.1041,27.18,19.0716,19.692
CMP-006213,Logic IC,Iddq,µA,LOT-12,125.35,10.2978,10.4566,10.5785,10.7932
CMP-006214,Memory IC,Standby Current,µA,LOT-19,121.25,24.4417,29.2357,44.7312,73.9767
CMP-006215,ADC,Leakage Current,µA,LOT-02,124.56,4.7207,4.8208,5.0515,5.3312
CMP-006216,Driver IC,Propagation Delay,ns,LOT-04,125.11,18.2473,18.6325,18.2966,18.3452
CMP-006217,Logic IC,Iddq,µA,LOT-02,121.81,9.9184,10.0774,10.2801,10.6407
CMP-006218,Memory IC,Standby Current,µA,LOT-06,127.16,23.9037,26.4688,41.0949,73.7234
CMP-006219,ADC,Leakage Current,µA,LOT-03,126.85,4.9702,5.2417,5.4482,5.5966
CMP-006220,Driver IC,Propagation Delay,ns,LOT-06,123.9,17.8587,19.5717,24.2546,34.9631
CMP-006221,Logic IC,Iddq,µA,LOT-08,125.68,9.7408,10.3591,10.2529,10.7242
CMP-006222,Memory IC,Standby Current,µA,LOT-13,127.06,25.3609,26.3582,36.7959,68.2089
CMP-006223,ADC,Leakage Current,µA,LOT-12,125.63,5.3627,5.5784,5.7348,5.7492
CMP-006224,Driver IC,Propagation Delay,ns,LOT-14,126.27,17.9557,25.0524,19.227,22.1053
CMP-006225,Logic IC,Iddq,µA,LOT-18,122.63,9.6814,24.6983,11.4398,14.4261
CMP-006226,Memory IC,Standby Current,µA,LOT-14,125.96,25.4085,29.0407,39.7178,60.707
CMP-006227,ADC,Leakage Current,µA,LOT-01,123.63,5.0562,6.2535,11.2772,21.691
CMP-006228,Driver IC,Propagation Delay,ns,LOT-14,123.78,18.3026,19.8781,24.2766,35.9842
CMP-006229,Logic IC,Iddq,µA,LOT-13,125.28,9.8631,11.896,19.0015,38.5246
CMP-006230,Memory IC,Standby Current,µA,LOT-04,122.32,25.8578,26.3749,26.2941,27.0961
CMP-006231,ADC,Leakage Current,µA,LOT-17,126.07,5.0378,5.0198,5.0817,5.3333
CMP-006232,Driver IC,Propagation Delay,ns,LOT-05,126.95,17.3043,18.9922,24.1557,42.3518
CMP-006233,Logic IC,Iddq,µA,LOT-10,122.75,9.8339,10.0363,10.4541,10.8278
CMP-006234,Memory IC,Standby Current,µA,LOT-05,124.44,24.8552,26.1357,26.3164,26.927
CMP-006235,ADC,Leakage Current,µA,LOT-09,127.93,5.2167,5.3849,5.5439,5.6687
CMP-006236,Driver IC,Propagation Delay,ns,LOT-13,126.77,17.7397,18.2413,18.2533,18.8651
CMP-006237,Logic IC,Iddq,µA,LOT-01,126.69,10.0081,10.6461,10.862,11.1519
CMP-006238,Memory IC,Standby Current,µA,LOT-05,125.37,24.7974,42.078,28.8707,31.273
CMP-006239,ADC,Leakage Current,µA,LOT-08,124.38,5.0943,14.5945,5.5537,7.6499
CMP-006240,Driver IC,Propagation Delay,ns,LOT-12,124.46,17.2512,18.7239,26.4285,45.9313
CMP-006241,Logic IC,Iddq,µA,LOT-06,124.53,10.0663,11.4473,18.6467,31.8946
CMP-006242,Memory IC,Standby Current,µA,LOT-04,124.52,25.3018,25.8215,26.0274,26.4486
CMP-006243,ADC,Leakage Current,µA,LOT-12,126.63,4.9376,5.0291,5.1994,5.2934
CMP-006244,Driver IC,Propagation Delay,ns,LOT-11,124.85,18.0237,17.9418,18.0738,18.4858
CMP-006245,Logic IC,Iddq,µA,LOT-20,121.7,9.659,9.8119,10.0884,10.2491
CMP-006246,Memory IC,Standby Current,µA,LOT-14,128.22,25.8417,51.388,26.8181,30.3244
CMP-006247,ADC,Leakage Current,µA,LOT-11,123.75,5.2305,5.4269,5.5647,5.9326
CMP-006248,Driver IC,Propagation Delay,ns,LOT-16,125.23,17.5535,19.2276,24.7543,35.6378
CMP-006249,Logic IC,Iddq,µA,LOT-05,124.13,10.0115,10.4848,10.7033,10.8401
CMP-006250,Memory IC,Standby Current,µA,LOT-14,125.97,25.8051,26.0696,26.2057,27.1569
CMP-006251,ADC,Leakage Current,µA,LOT-14,126.12,5.2855,5.9309,10.394,23.5343
CMP-006252,Driver IC,Propagation Delay,ns,LOT-20,126.79,17.9427,17.9738,18.6274,18.3317
CMP-006253,Logic IC,Iddq,µA,LOT-16,125.34,9.8538,10.2843,10.4428,10.6747
CMP-006254,Memory IC,Standby Current,µA,LOT-15,123.31,25.913,29.4747,44.7596,70.3656
CMP-006255,ADC,Leakage Current,µA,LOT-12,124.85,5.1603,6.2442,10.2579,22.0513
CMP-006256,Driver IC,Propagation Delay,ns,LOT-15,127.44,17.637,19.4944,27.498,42.3227
CMP-006257,Logic IC,Iddq,µA,LOT-13,127.06,9.9428,10.093,10.5901,10.671
CMP-006258,Memory IC,Standby Current,µA,LOT-10,124.26,24.747,25.0572,25.5745,26.0547
CMP-006259,ADC,Leakage Current,µA,LOT-10,128.03,5.0719,6.3424,11.4641,17.7897
CMP-006260,Driver IC,Propagation Delay,ns,LOT-10,122.47,18.1871,29.4487,19.8764,20.398
CMP-006261,Logic IC,Iddq,µA,LOT-06,123.73,9.8856,18.5631,11.969,14.8653
CMP-006262,Memory IC,Standby Current,µA,LOT-01,124.75,24.918,45.8443,27.2559,33.0342
CMP-006263,ADC,Leakage Current,µA,LOT-03,127.56,4.6216,4.8758,4.9317,5.1115
CMP-006264,Driver IC,Propagation Delay,ns,LOT-10,126.26,18.2563,20.5888,28.167,41.9314
CMP-006265,Logic IC,Iddq,µA,LOT-04,124.13,10.3838,13.4613,22.8436,34.0434
CMP-006266,Memory IC,Standby Current,µA,LOT-12,124.89,25.4501,27.0516,45.3499,82.4148
CMP-006267,ADC,Leakage Current,µA,LOT-07,126.31,5.2266,5.5104,5.5884,5.7273
CMP-006268,Driver IC,Propagation Delay,ns,LOT-17,123.62,18.0386,18.0594,18.3748,18.5539
CMP-006269,Logic IC,Iddq,µA,LOT-11,125.63,10.4718,10.5714,10.9559,10.9499
CMP-006270,Memory IC,Standby Current,µA,LOT-20,126.77,24.7857,27.5807,36.3824,59.7129
CMP-006271,ADC,Leakage Current,µA,LOT-04,123.23,4.9984,6.0447,10.1951,19.3735
CMP-006272,Driver IC,Propagation Delay,ns,LOT-07,124.31,17.9425,17.7377,17.5936,18.146
CMP-006273,Logic IC,Iddq,µA,LOT-01,122.57,10.1424,11.7887,22.5313,36.2687
CMP-006274,Memory IC,Standby Current,µA,LOT-12,125.67,25.4842,28.0447,44.9411,74.8552
CMP-006275,ADC,Leakage Current,µA,LOT-02,124.95,4.7035,5.3584,9.3572,23.3943
CMP-006276,Driver IC,Propagation Delay,ns,LOT-06,126.9,17.47,17.7905,18.0299,18.2626
CMP-006277,Logic IC,Iddq,µA,LOT-03,127.16,10.1712,10.3553,10.6312,10.8453
CMP-006278,Memory IC,Standby Current,µA,LOT-04,124.58,24.3486,25.2305,44.8132,68.0164
CMP-006279,ADC,Leakage Current,µA,LOT-03,125.65,5.158,5.8674,10.2589,18.9697
CMP-006280,Driver IC,Propagation Delay,ns,LOT-13,124.25,18.277,18.4168,18.7002,19.1224
CMP-006281,Logic IC,Iddq,µA,LOT-12,128.93,10.091,11.8588,20.2894,41.3638
CMP-006282,Memory IC,Standby Current,µA,LOT-05,123.01,24.6318,24.6677,25.4479,25.694
CMP-006283,ADC,Leakage Current,µA,LOT-04,122.98,5.2074,10.7402,5.9005,7.8095
CMP-006284,Driver IC,Propagation Delay,ns,LOT-12,127.26,18.4855,18.7524,18.8078,18.8767
CMP-006285,Logic IC,Iddq,µA,LOT-10,126.32,9.825,9.7875,10.1138,10.4742
CMP-006286,Memory IC,Standby Current,µA,LOT-03,126.52,25.1307,25.5541,26.1392,26.4729
CMP-006287,ADC,Leakage Current,µA,LOT-14,123.41,5.4355,5.6294,5.8121,5.9249
CMP-006288,Driver IC,Propagation Delay,ns,LOT-09,125.98,17.5715,19.9135,25.4793,37.5175
CMP-006289,Logic IC,Iddq,µA,LOT-03,127.77,10.2955,10.2553,10.5859,10.8482
CMP-006290,Memory IC,Standby Current,µA,LOT-18,124.69,24.4353,24.8062,24.8196,25.3132
CMP-006291,ADC,Leakage Current,µA,LOT-02,125.48,4.8111,4.9664,5.0531,5.2596
CMP-006292,Driver IC,Propagation Delay,ns,LOT-11,124.45,17.8685,20.0525,26.7209,36.2898
CMP-006293,Logic IC,Iddq,µA,LOT-01,123.35,9.8536,25.3929,10.797,12.7476
CMP-006294,Memory IC,Standby Current,µA,LOT-11,125.26,25.7316,28.1023,44.7246,76.653
CMP-006295,ADC,Leakage Current,µA,LOT-20,126.74,4.9872,5.1267,5.3931,5.517
CMP-006296,Driver IC,Propagation Delay,ns,LOT-19,125.32,18.5411,18.7154,18.9845,18.8957
CMP-006297,Logic IC,Iddq,µA,LOT-20,123.67,9.9928,10.3297,10.5534,10.6613
CMP-006298,Memory IC,Standby Current,µA,LOT-07,123.88,25.3202,28.956,41.9499,66.2543
CMP-006299,ADC,Leakage Current,µA,LOT-11,121.36,5.1925,5.2087,5.4249,5.5164
CMP-006300,Driver IC,Propagation Delay,ns,LOT-18,124.27,17.854,17.9939,18.419,18.5254
CMP-006301,Logic IC,Iddq,µA,LOT-16,124.97,9.7933,9.7963,10.196,10.3189
CMP-006302,Memory IC,Standby Current,µA,LOT-12,124.93,25.5615,48.0405,29.1453,30.3202
CMP-006303,ADC,Leakage Current,µA,LOT-13,124.69,5.07,5.214,5.3582,5.5883
CMP-006304,Driver IC,Propagation Delay,ns,LOT-02,122.79,17.4878,18.0174,17.8761,18.2521
CMP-006305,Logic IC,Iddq,µA,LOT-18,123.63,9.5666,21.3102,11.0199,11.9954
CMP-006306,Memory IC,Standby Current,µA,LOT-09,123.55,25.6506,26.2341,26.1195,26.5808
CMP-006307,ADC,Leakage Current,µA,LOT-19,122.14,5.153,6.4455,12.064,23.3057
CMP-006308,Driver IC,Propagation Delay,ns,LOT-02,128.87,17.8508,17.9896,18.1959,18.2094
CMP-006309,Logic IC,Iddq,µA,LOT-20,124.68,10.0105,10.1356,10.4871,10.4795
CMP-006310,Memory IC,Standby Current,µA,LOT-11,127.91,25.237,30.1672,44.6001,73.3877
CMP-006311,ADC,Leakage Current,µA,LOT-03,126.62,5.2608,5.382,5.4437,5.7275
CMP-006312,Driver IC,Propagation Delay,ns,LOT-13,123.8,17.6277,18.8485,24.1813,35.1598
CMP-006313,Logic IC,Iddq,µA,LOT-19,126.69,10.4858,10.8976,10.9103,11.3028
CMP-006314,Memory IC,Standby Current,µA,LOT-20,128.14,25.4489,29.3951,42.3226,68.7424
CMP-006315,ADC,Leakage Current,µA,LOT-15,126.11,4.6831,5.668,10.9365,20.6322
CMP-006316,Driver IC,Propagation Delay,ns,LOT-15,126.58,17.9531,17.9263,18.6139,18.3923
CMP-006317,Logic IC,Iddq,µA,LOT-16,123.28,10.0181,11.1628,19.4194,40.8002
CMP-006318,Memory IC,Standby Current,µA,LOT-08,123.67,25.6097,25.9061,26.7542,27.0632
CMP-006319,ADC,Leakage Current,µA,LOT-18,125.8,4.5971,5.2756,10.1292,19.6404
CMP-006320,Driver IC,Propagation Delay,ns,LOT-02,124.76,19.0634,18.7872,19.3336,18.9261
CMP-006321,Logic IC,Iddq,µA,LOT-11,126.36,9.8335,12.6409,22.0909,33.3649
CMP-006322,Memory IC,Standby Current,µA,LOT-17,124.79,24.9062,25.132,25.2603,25.0712
CMP-006323,ADC,Leakage Current,µA,LOT-13,124.44,4.8451,13.6204,6.2891,7.9243
CMP-006324,Driver IC,Propagation Delay,ns,LOT-07,124.3,17.6063,17.7227,18.1239,17.9497
CMP-006325,Logic IC,Iddq,µA,LOT-14,127.21,9.9029,12.9208,19.5318,35.4905
CMP-006326,Memory IC,Standby Current,µA,LOT-05,124.15,25.0558,25.5396,25.7503,26.3432
CMP-006327,ADC,Leakage Current,µA,LOT-08,126.11,4.681,15.0807,5.2128,6.847
CMP-006328,Driver IC,Propagation Delay,ns,LOT-05,126.72,17.8292,18.0421,18.8616,18.8546
CMP-006329,Logic IC,Iddq,µA,LOT-05,123.34,9.7368,17.4335,11.9035,14.0131
CMP-006330,Memory IC,Standby Current,µA,LOT-15,125.41,24.5897,28.4659,37.9188,58.479
CMP-006331,ADC,Leakage Current,µA,LOT-16,124.34,4.9549,5.9464,13.1647,21.7802
CMP-006332,Driver IC,Propagation Delay,ns,LOT-10,127.21,18.7855,18.5985,19.0826,18.8706
CMP-006333,Logic IC,Iddq,µA,LOT-10,125.46,10.0294,11.4155,19.2728,42.1701
CMP-006334,Memory IC,Standby Current,µA,LOT-15,126.41,25.5478,25.5061,26.3401,26.7077
CMP-006335,ADC,Leakage Current,µA,LOT-10,124.88,5.0063,6.0328,10.5215,17.7098
CMP-006336,Driver IC,Propagation Delay,ns,LOT-02,123.79,17.355,18.8445,27.464,38.0104
CMP-006337,Logic IC,Iddq,µA,LOT-14,123.75,10.2879,11.7937,18.5456,31.5337
CMP-006338,Memory IC,Standby Current,µA,LOT-07,124.29,24.6599,25.1942,25.4656,26.2104
CMP-006339,ADC,Leakage Current,µA,LOT-18,125.27,4.6247,4.7743,5.0565,5.1821
CMP-006340,Driver IC,Propagation Delay,ns,LOT-10,125.41,18.1784,18.3646,18.4438,18.4407
CMP-006341,Logic IC,Iddq,µA,LOT-17,123.97,10.1119,13.2097,21.0646,34.7866
CMP-006342,Memory IC,Standby Current,µA,LOT-09,124.06,25.1769,25.5387,25.8414,26.07
CMP-006343,ADC,Leakage Current,µA,LOT-14,125.44,5.2371,5.3696,5.4514,5.6523
CMP-006344,Driver IC,Propagation Delay,ns,LOT-11,127.06,18.1758,19.4969,26.4926,37.1442
CMP-006345,Logic IC,Iddq,µA,LOT-09,124.15,10.0379,10.2983,10.8425,10.9821
CMP-006346,Memory IC,Standby Current,µA,LOT-06,124.29,24.9728,25.4205,25.1729,25.953
CMP-006347,ADC,Leakage Current,µA,LOT-06,124.44,4.6479,4.8714,5.0501,5.0106
CMP-006348,Driver IC,Propagation Delay,ns,LOT-07,123.59,17.868,18.7117,24.5504,34.881
CMP-006349,Logic IC,Iddq,µA,LOT-18,120.61,9.6597,12.6199,21.3738,33.7209
CMP-006350,Memory IC,Standby Current,µA,LOT-08,124.79,25.1921,25.0843,26.0561,26.3201
CMP-006351,ADC,Leakage Current,µA,LOT-09,126.37,5.2753,6.7223,12.3653,23.8611
CMP-006352,Driver IC,Propagation Delay,ns,LOT-01,126.38,17.9026,28.6923,18.55,19.7056
CMP-006353,Logic IC,Iddq,µA,LOT-16,125.6,9.5415,9.5815,10.01,10.2592
CMP-006354,Memory IC,Standby Current,µA,LOT-17,124.02,24.4372,25.0421,25.9178,25.66
CMP-006355,ADC,Leakage Current,µA,LOT-10,122.7,4.7085,5.0547,5.0528,5.1351
CMP-006356,Driver IC,Propagation Delay,ns,LOT-15,126.1,17.7817,17.8248,18.1227,17.7926
CMP-006357,Logic IC,Iddq,µA,LOT-03,125.54,9.9323,26.3964,10.9612,11.9725
CMP-006358,Memory IC,Standby Current,µA,LOT-06,125.32,23.906,24.2301,25.6816,25.8008
CMP-006359,ADC,Leakage Current,µA,LOT-11,125.43,5.0127,5.1868,5.4267,5.4831
CMP-006360,Driver IC,Propagation Delay,ns,LOT-20,125.92,17.8132,17.8314,17.9052,18.3327
CMP-006361,Logic IC,Iddq,µA,LOT-07,126.69,9.728,10.1556,10.2019,10.4512
CMP-006362,Memory IC,Standby Current,µA,LOT-10,124.7,24.5991,24.8591,25.2909,26.0379
CMP-006363,ADC,Leakage Current,µA,LOT-15,123.97,5.2005,6.6605,12.2015,19.0604
CMP-006364,Driver IC,Propagation Delay,ns,LOT-03,123.31,17.8679,31.8613,19.9369,22.2186
CMP-006365,Logic IC,Iddq,µA,LOT-18,125.59,9.4016,9.4483,10.0156,10.268
CMP-006366,Memory IC,Standby Current,µA,LOT-01,125.23,25.2604,25.8418,26.6354,26.6875
CMP-006367,ADC,Leakage Current,µA,LOT-19,123.65,5.125,5.818,11.8061,20.637
CMP-006368,Driver IC,Propagation Delay,ns,LOT-03,126.11,18.5879,19.2407,27.0744,38.025
CMP-006369,Logic IC,Iddq,µA,LOT-11,125.35,10.0069,10.1934,10.4942,10.4422
CMP-006370,Memory IC,Standby Current,µA,LOT-20,122.41,26.2993,29.7716,43.8768,63.6316
CMP-006371,ADC,Leakage Current,µA,LOT-15,121.42,5.1691,9.7317,6.1533,6.6082
CMP-006372,Driver IC,Propagation Delay,ns,LOT-11,124.98,17.7758,18.1474,18.0025,18.1191
CMP-006373,Logic IC,Iddq,µA,LOT-12,125.83,10.5572,11.9929,19.5952,30.0146
CMP-006374,Memory IC,Standby Current,µA,LOT-10,123.3,24.1214,24.9031,25.4714,25.6415
CMP-006375,ADC,Leakage Current,µA,LOT-09,125.64,4.9399,6.651,11.9218,18.5779
CMP-006376,Driver IC,Propagation Delay,ns,LOT-01,123.84,17.8543,17.9547,18.34,18.3993
CMP-006377,Logic IC,Iddq,µA,LOT-03,122.76,10.1677,10.4531,10.5097,10.8736
CMP-006378,Memory IC,Standby Current,µA,LOT-18,124.24,25.2476,29.8455,45.567,76.3866
CMP-006379,ADC,Leakage Current,µA,LOT-13,126.99,5.17,5.2521,5.3487,5.509
CMP-006380,Driver IC,Propagation Delay,ns,LOT-09,124.68,17.0012,17.473,17.6488,17.6986
CMP-006381,Logic IC,Iddq,µA,LOT-15,125.39,10.2084,12.1158,20.6874,36.2374
CMP-006382,Memory IC,Standby Current,µA,LOT-11,124.69,25.4139,29.356,43.7925,67.3937
CMP-006383,ADC,Leakage Current,µA,LOT-09,124.81,4.8443,6.5467,9.8169,20.9678
CMP-006384,Driver IC,Propagation Delay,ns,LOT-14,125.02,17.8469,18.2046,17.9109,18.5382
CMP-006385,Logic IC,Iddq,µA,LOT-08,125.46,10.0768,11.4686,19.9932,33.5083
CMP-006386,Memory IC,Standby Current,µA,LOT-20,126.75,25.084,25.8628,26.281,26.7802
CMP-006387,ADC,Leakage Current,µA,LOT-13,123.95,4.9373,5.1335,5.2251,5.3218
CMP-006388,Driver IC,Propagation Delay,ns,LOT-02,128.73,18.6427,19.7176,27.1968,38.5477
CMP-006389,Logic IC,Iddq,µA,LOT-14,126.85,10.228,10.4728,10.672,11.0446
CMP-006390,Memory IC,Standby Current,µA,LOT-07,124.04,25.4689,27.8748,36.5194,61.0513
CMP-006391,ADC,Leakage Current,µA,LOT-16,125.94,5.1728,5.3847,5.567,5.7197
CMP-006392,Driver IC,Propagation Delay,ns,LOT-10,124.58,18.2086,18.3943,18.4182,18.3176
CMP-006393,Logic IC,Iddq,µA,LOT-19,124.99,10.788,11.0154,11.0746,11.1793
CMP-006394,Memory IC,Standby Current,µA,LOT-16,125.46,24.3127,27.2418,38.8166,62.2448
CMP-006395,ADC,Leakage Current,µA,LOT-14,124.8,5.4077,5.4925,5.6846,5.8728
CMP-006396,Driver IC,Propagation Delay,ns,LOT-06,125.88,17.4749,17.8996,17.9373,18.1069
CMP-006397,Logic IC,Iddq,µA,LOT-01,126.05,9.9632,10.2539,10.5356,10.8724
CMP-006398,Memory IC,Standby Current,µA,LOT-07,122.19,25.2047,25.7212,25.7664,26.0514
CMP-006399,ADC,Leakage Current,µA,LOT-14,125.9,5.144,5.4648,5.6214,5.7368
CMP-006400,Driver IC,Propagation Delay,ns,LOT-03,123.46,18.4835,30.5104,19.0338,20.1448
CMP-006401,Logic IC,Iddq,µA,LOT-15,122.89,10.7262,27.5322,11.8966,15.1477
CMP-006402,Memory IC,Standby Current,µA,LOT-11,126.73,25.1419,26.2001,37.4602,64.0659
CMP-006403,ADC,Leakage Current,µA,LOT-13,126.38,5.0335,5.1332,5.2861,5.4359
CMP-006404,Driver IC,Propagation Delay,ns,LOT-05,125.86,17.6203,18.4642,25.176,43.6979
CMP-006405,Logic IC,Iddq,µA,LOT-19,127.03,9.8511,10.0656,10.3497,10.9218
CMP-006406,Memory IC,Standby Current,µA,LOT-08,125.85,25.3186,25.5552,26.3425,26.9155
CMP-006407,ADC,Leakage Current,µA,LOT-02,126.29,4.9571,6.1168,12.8425,26.02
CMP-006408,Driver IC,Propagation Delay,ns,LOT-07,127.06,18.2586,18.7735,18.8473,19.1348
CMP-006409,Logic IC,Iddq,µA,LOT-01,123.82,10.1314,11.2769,21.5036,42.3967
CMP-006410,Memory IC,Standby Current,µA,LOT-18,125.33,23.9056,24.4857,24.8619,25.4799
CMP-006411,ADC,Leakage Current,µA,LOT-20,125.77,4.9294,5.0477,5.2763,5.4859
CMP-006412,Driver IC,Propagation Delay,ns,LOT-19,123.58,19.0291,20.8493,24.8668,37.6954
CMP-006413,Logic IC,Iddq,µA,LOT-03,125.63,10.5456,13.0161,18.1708,29.0421
CMP-006414,Memory IC,Standby Current,µA,LOT-09,123.69,25.4407,25.5942,26.3571,27.1714
CMP-006415,ADC,Leakage Current,µA,LOT-08,125.53,4.9766,6.24,11.3777,18.5085
CMP-006416,Driver IC,Propagation Delay,ns,LOT-04,128.4,18.2027,28.2033,19.2275,21.8177
CMP-006417,Logic IC,Iddq,µA,LOT-02,125.24,9.9595,11.4329,17.9875,32.4476
CMP-006418,Memory IC,Standby Current,µA,LOT-14,122.63,25.073,25.5044,26.5332,26.612
CMP-006419,ADC,Leakage Current,µA,LOT-08,124.08,5.0316,5.3233,5.4433,5.5714
CMP-006420,Driver IC,Propagation Delay,ns,LOT-03,122.8,18.4045,18.6168,18.8833,19.1146
CMP-006421,Logic IC,Iddq,µA,LOT-15,127.7,10.114,10.5105,10.6251,11.026
CMP-006422,Memory IC,Standby Current,µA,LOT-14,128.71,25.1085,25.804,26.1505,26.5924
CMP-006423,ADC,Leakage Current,µA,LOT-16,125.92,4.7064,4.7893,4.9672,5.0534
CMP-006424,Driver IC,Propagation Delay,ns,LOT-07,126.18,17.7621,18.3477,18.5726,18.6955
CMP-006425,Logic IC,Iddq,µA,LOT-16,124.18,9.7079,10.0374,10.4978,10.5801
CMP-006426,Memory IC,Standby Current,µA,LOT-09,122.29,24.7647,28.4282,37.2147,66.9219
CMP-006427,ADC,Leakage Current,µA,LOT-05,126.26,4.8387,4.9445,5.2123,5.2011
CMP-006428,Driver IC,Propagation Delay,ns,LOT-09,125.45,17.6316,19.6014,24.9105,38.7156
CMP-006429,Logic IC,Iddq,µA,LOT-17,123.45,9.8083,10.1176,10.2814,10.7712
CMP-006430,Memory IC,Standby Current,µA,LOT-09,125.61,24.1121,24.3921,24.6526,25.8964
CMP-006431,ADC,Leakage Current,µA,LOT-08,123.8,4.7868,4.9097,5.0474,5.2963
CMP-006432,Driver IC,Propagation Delay,ns,LOT-14,124.49,18.6529,19.814,26.0385,35.6095
CMP-006433,Logic IC,Iddq,µA,LOT-10,124.95,10.0644,10.1872,10.4213,10.686
CMP-006434,Memory IC,Standby Current,µA,LOT-04,124.68,24.9552,27.5476,37.1743,58.9815
CMP-006435,ADC,Leakage Current,µA,LOT-13,123.84,5.0016,5.0862,5.3408,5.4423
CMP-006436,Driver IC,Propagation Delay,ns,LOT-02,126.34,17.5561,19.7637,23.9698,39.8165
CMP-006437,Logic IC,Iddq,µA,LOT-17,128.39,10.1612,11.5528,17.9129,37.1246
CMP-006438,Memory IC,Standby Current,µA,LOT-12,123.6,23.959,23.8558,24.4177,24.9196
CMP-006439,ADC,Leakage Current,µA,LOT-08,126.56,4.6247,4.6968,4.9449,5.0805
CMP-006440,Driver IC,Propagation Delay,ns,LOT-01,122.66,18.733,19.0621,19.0592,19.423
CMP-006441,Logic IC,Iddq,µA,LOT-18,121.69,9.8674,12.5541,21.4775,31.659
CMP-006442,Memory IC,Standby Current,µA,LOT-04,126.29,26.1185,25.7701,26.0795,27.1605
CMP-006443,ADC,Leakage Current,µA,LOT-16,126.92,4.9023,5.0195,5.0334,5.2285
CMP-006444,Driver IC,Propagation Delay,ns,LOT-19,123.34,18.4143,27.96,19.87,22.0459
CMP-006445,Logic IC,Iddq,µA,LOT-12,125.08,9.983,22.586,12.1655,13.4351
CMP-006446,Memory IC,Standby Current,µA,LOT-09,123.08,25.3111,27.7821,42.9802,71.2724
CMP-006447,ADC,Leakage Current,µA,LOT-14,124.57,5.1418,6.4425,12.5285,25.6236
CMP-006448,Driver IC,Propagation Delay,ns,LOT-14,124.13,18.4385,20.6674,25.4771,39.1649
CMP-006449,Logic IC,Iddq,µA,LOT-03,124.71,10.3723,10.712,10.9769,10.986
CMP-006450,Memory IC,Standby Current,µA,LOT-05,124.18,24.969,42.2275,25.9356,30.2985
CMP-006451,ADC,Leakage Current,µA,LOT-14,124.03,5.0887,5.2089,5.3752,5.6236
CMP-006452,Driver IC,Propagation Delay,ns,LOT-03,126.0,18.5487,19.9873,26.65,39.9535
CMP-006453,Logic IC,Iddq,µA,LOT-09,125.51,10.165,12.5794,19.3465,37.0025
CMP-006454,Memory IC,Standby Current,µA,LOT-06,125.22,24.6394,27.7825,43.2378,76.82
CMP-006455,ADC,Leakage Current,µA,LOT-01,124.59,5.0652,6.3375,10.4527,16.8104
CMP-006456,Driver IC,Propagation Delay,ns,LOT-01,127.69,18.7274,19.1943,18.92,19.0988
CMP-006457,Logic IC,Iddq,µA,LOT-04,125.88,9.8019,9.9591,10.149,10.5926
CMP-006458,Memory IC,Standby Current,µA,LOT-16,124.72,25.7276,25.932,25.6574,26.2496
CMP-006459,ADC,Leakage Current,µA,LOT-20,125.88,4.8034,6.3567,11.0911,17.665
CMP-006460,Driver IC,Propagation Delay,ns,LOT-03,125.77,18.5055,20.3376,27.8313,38.8584
CMP-006461,Logic IC,Iddq,µA,LOT-14,122.47,10.4174,11.8476,20.3054,43.5084
CMP-006462,Memory IC,Standby Current,µA,LOT-07,125.55,25.4636,25.6246,26.2385,26.4149
CMP-006463,ADC,Leakage Current,µA,LOT-13,124.0,4.8079,4.9713,5.0067,5.1531
CMP-006464,Driver IC,Propagation Delay,ns,LOT-16,127.78,17.9726,18.2496,18.2614,18.8065
CMP-006465,Logic IC,Iddq,µA,LOT-02,124.17,9.9209,10.1903,10.4771,10.678
CMP-006466,Memory IC,Standby Current,µA,LOT-03,124.8,25.8634,46.2027,28.3951,33.6625
CMP-006467,ADC,Leakage Current,µA,LOT-10,122.84,4.8418,6.2406,10.3098,20.1664
CMP-006468,Driver IC,Propagation Delay,ns,LOT-19,122.5,18.9589,20.659,26.7567,36.9281
CMP-006469,Logic IC,Iddq,µA,LOT-18,125.05,9.4611,9.7514,9.7538,10.2497
CMP-006470,Memory IC,Standby Current,µA,LOT-19,125.46,25.6864,27.5757,41.2053,71.243
CMP-006471,ADC,Leakage Current,µA,LOT-08,126.14,4.7829,5.6085,9.9231,23.4797
CMP-006472,Driver IC,Propagation Delay,ns,LOT-20,120.68,17.7431,18.2176,18.0583,18.3967
CMP-006473,Logic IC,Iddq,µA,LOT-15,126.46,10.0085,9.989,10.2657,10.2909
CMP-006474,Memory IC,Standby Current,µA,LOT-20,122.99,25.3056,28.9032,38.0086,59.9591
CMP-006475,ADC,Leakage Current,µA,LOT-02,125.16,4.4706,13.3088,4.9309,7.0581
CMP-006476,Driver IC,Propagation Delay,ns,LOT-05,125.43,17.8821,18.0898,18.2795,18.0032
CMP-006477,Logic IC,Iddq,µA,LOT-01,122.96,9.784,10.2538,10.4367,10.5688
CMP-006478,Memory IC,Standby Current,µA,LOT-07,124.07,25.3458,26.0774,26.5669,27.1168
CMP-006479,ADC,Leakage Current,µA,LOT-14,124.26,5.1993,5.4771,5.5956,5.7519
CMP-006480,Driver IC,Propagation Delay,ns,LOT-09,122.22,17.4163,17.7588,17.6152,18.5584
CMP-006481,Logic IC,Iddq,µA,LOT-09,124.45,10.2035,10.5158,10.7616,11.0507
CMP-006482,Memory IC,Standby Current,µA,LOT-07,122.46,24.8911,28.9926,41.0095,58.2908
CMP-006483,ADC,Leakage Current,µA,LOT-09,125.17,5.2142,5.3982,5.4525,5.5567
CMP-006484,Driver IC,Propagation Delay,ns,LOT-16,125.1,18.3552,30.3832,19.3125,21.5043
CMP-006485,Logic IC,Iddq,µA,LOT-01,125.5,9.5434,9.8685,10.3949,10.6768
CMP-006486,Memory IC,Standby Current,µA,LOT-11,122.65,25.7845,25.7706,26.5669,27.1378
CMP-006487,ADC,Leakage Current,µA,LOT-20,126.59,4.8587,5.9757,13.2029,23.2915
CMP-006488,Driver IC,Propagation Delay,ns,LOT-14,124.45,18.1279,18.0556,18.6182,18.9953
CMP-006489,Logic IC,Iddq,µA,LOT-03,126.42,10.2108,12.6099,19.8516,31.0564
CMP-006490,Memory IC,Standby Current,µA,LOT-18,122.61,25.0685,25.3325,26.0164,25.9379
CMP-006491,ADC,Leakage Current,µA,LOT-12,125.5,5.4762,5.6047,5.7195,5.8807
CMP-006492,Driver IC,Propagation Delay,ns,LOT-07,125.47,18.9211,21.3247,28.3743,40.0407
CMP-006493,Logic IC,Iddq,µA,LOT-17,122.95,9.8654,11.8278,19.9204,34.0641
CMP-006494,Memory IC,Standby Current,µA,LOT-18,125.08,26.1872,42.8596,27.6077,29.9522
CMP-006495,ADC,Leakage Current,µA,LOT-08,122.83,4.6871,6.3523,10.0173,19.6607
CMP-006496,Driver IC,Propagation Delay,ns,LOT-09,125.09,19.233,19.0139,19.6518,19.5011
CMP-006497,Logic IC,Iddq,µA,LOT-12,126.07,10.5135,10.864,11.1607,11.7775
CMP-006498,Memory IC,Standby Current,µA,LOT-08,125.2,24.3854,24.6415,25.3076,25.878
CMP-006499,ADC,Leakage Current,µA,LOT-13,125.68,4.9444,6.3951,10.7383,22.4674
CMP-006500,Driver IC,Propagation Delay,ns,LOT-08,126.8,18.347,20.4646,26.047,37.0536
CMP-006501,Logic IC,Iddq,µA,LOT-03,125.37,10.0431,10.5012,10.8513,11.0949
CMP-006502,Memory IC,Standby Current,µA,LOT-09,125.99,25.017,28.3017,47.9127,73.7542
CMP-006503,ADC,Leakage Current,µA,LOT-04,123.37,5.1032,6.768,9.875,19.5886
CMP-006504,Driver IC,Propagation Delay,ns,LOT-09,129.71,17.0181,19.2842,23.6283,38.2576
CMP-006505,Logic IC,Iddq,µA,LOT-09,123.23,10.2149,10.5245,10.87,11.3417
CMP-006506,Memory IC,Standby Current,µA,LOT-20,123.47,23.9787,28.5803,41.0126,65.1771
CMP-006507,ADC,Leakage Current,µA,LOT-17,125.44,5.3139,5.5532,5.66,5.8365
CMP-006508,Driver IC,Propagation Delay,ns,LOT-12,127.83,17.2089,18.5983,25.4468,39.5703
CMP-006509,Logic IC,Iddq,µA,LOT-10,122.86,10.2059,11.6406,19.6153,35.7531
CMP-006510,Memory IC,Standby Current,µA,LOT-08,127.79,24.9991,25.3133,25.3965,25.8566
CMP-006511,ADC,Leakage Current,µA,LOT-15,126.29,5.1136,6.1251,9.5863,18.7241
CMP-006512,Driver IC,Propagation Delay,ns,LOT-07,128.4,17.7207,28.2269,19.8511,21.4363
CMP-006513,Logic IC,Iddq,µA,LOT-03,124.07,10.3527,10.4767,11.0082,11.4593
CMP-006514,Memory IC,Standby Current,µA,LOT-08,125.47,24.9754,25.9272,26.3579,26.8772
CMP-006515,ADC,Leakage Current,µA,LOT-18,126.55,4.9468,6.0089,10.8076,20.3439
CMP-006516,Driver IC,Propagation Delay,ns,LOT-07,125.97,19.2119,18.9305,19.4014,19.7799
CMP-006517,Logic IC,Iddq,µA,LOT-19,124.01,10.6984,11.0597,11.0623,11.5259
CMP-006518,Memory IC,Standby Current,µA,LOT-03,123.53,24.7732,28.9517,39.0326,61.1159
CMP-006519,ADC,Leakage Current,µA,LOT-04,126.77,5.1842,6.544,11.2148,17.8155
CMP-006520,Driver IC,Propagation Delay,ns,LOT-16,125.09,17.9806,18.4625,18.3984,18.346
CMP-006521,Logic IC,Iddq,µA,LOT-04,121.41,10.1162,10.3738,10.6779,11.0052
CMP-006522,Memory IC,Standby Current,µA,LOT-10,123.52,24.596,26.7187,38.3236,76.2037
CMP-006523,ADC,Leakage Current,µA,LOT-12,125.14,4.8974,5.1323,5.1586,5.324
CMP-006524,Driver IC,Propagation Delay,ns,LOT-07,125.57,19.0291,19.9764,25.8844,37.9422
CMP-006525,Logic IC,Iddq,µA,LOT-20,124.76,10.1428,12.7234,18.1937,29.2864
CMP-006526,Memory IC,Standby Current,µA,LOT-08,126.26,25.0432,25.4364,26.306,26.6718
CMP-006527,ADC,Leakage Current,µA,LOT-12,123.08,5.3006,5.4747,5.5694,5.6946
CMP-006528,Driver IC,Propagation Delay,ns,LOT-07,122.83,18.4561,18.8536,18.8705,18.8169
CMP-006529,Logic IC,Iddq,µA,LOT-09,126.29,9.7474,11.1906,22.7902,42.3433
CMP-006530,Memory IC,Standby Current,µA,LOT-02,124.6,24.104,24.8065,25.0436,25.803
CMP-006531,ADC,Leakage Current,µA,LOT-15,125.62,4.8946,5.005,5.0903,5.2547
CMP-006532,Driver IC,Propagation Delay,ns,LOT-08,125.5,18.5539,18.4582,18.9044,18.8253
CMP-006533,Logic IC,Iddq,µA,LOT-13,123.55,10.0904,10.4284,10.7534,11.0031
CMP-006534,Memory IC,Standby Current,µA,LOT-01,127.06,25.2987,28.9295,43.2076,74.7036
CMP-006535,ADC,Leakage Current,µA,LOT-05,123.23,4.6792,5.773,12.0709,24.3113
CMP-006536,Driver IC,Propagation Delay,ns,LOT-08,123.45,18.0254,19.8981,25.8776,38.4139
CMP-006537,Logic IC,Iddq,µA,LOT-20,127.5,10.3613,10.551,10.948,11.0337
CMP-006538,Memory IC,Standby Current,µA,LOT-01,124.87,24.67,47.2919,27.9464,31.3076
CMP-006539,ADC,Leakage Current,µA,LOT-03,126.79,5.1808,6.5835,12.1523,20.3022
CMP-006540,Driver IC,Propagation Delay,ns,LOT-06,125.99,17.8222,18.0691,18.4503,18.4453
CMP-006541,Logic IC,Iddq,µA,LOT-04,122.2,10.0548,10.3457,10.542,10.658
CMP-006542,Memory IC,Standby Current,µA,LOT-15,124.42,25.2338,27.1401,37.2132,64.3873
CMP-006543,ADC,Leakage Current,µA,LOT-17,124.89,4.9995,5.0476,5.2665,5.4409
CMP-006544,Driver IC,Propagation Delay,ns,LOT-02,125.97,18.2022,19.7688,26.929,42.0875
CMP-006545,Logic IC,Iddq,µA,LOT-04,122.57,10.0111,10.103,10.5534,10.7715
CMP-006546,Memory IC,Standby Current,µA,LOT-19,122.9,25.1361,25.9645,26.3905,26.6336
CMP-006547,ADC,Leakage Current,µA,LOT-16,125.74,5.0847,6.1383,9.8388,15.8077
CMP-006548,Driver IC,Propagation Delay,ns,LOT-17,126.32,17.6176,31.0146,18.2998,21.2121
CMP-006549,Logic IC,Iddq,µA,LOT-09,124.65,10.1424,12.9519,21.7414,39.0549
CMP-006550,Memory IC,Standby Current,µA,LOT-17,124.91,24.9381,24.9704,25.6674,26.2525
CMP-006551,ADC,Leakage Current,µA,LOT-06,125.31,4.5319,5.4966,11.4392,23.5605
CMP-006552,Driver IC,Propagation Delay,ns,LOT-13,121.95,17.2999,17.9349,18.0041,18.504
CMP-006553,Logic IC,Iddq,µA,LOT-16,121.95,9.906,11.6468,20.2763,35.0741
CMP-006554,Memory IC,Standby Current,µA,LOT-16,126.06,23.7321,24.3806,24.5525,25.1701
CMP-006555,ADC,Leakage Current,µA,LOT-19,123.94,5.0258,5.105,5.0791,5.1271
CMP-006556,Driver IC,Propagation Delay,ns,LOT-11,121.13,19.0016,18.8378,19.2342,19.419
CMP-006557,Logic IC,Iddq,µA,LOT-15,124.61,10.0742,11.7555,20.3452,40.126
CMP-006558,Memory IC,Standby Current,µA,LOT-16,123.51,24.2363,24.4949,24.8914,26.1534
CMP-006559,ADC,Leakage Current,µA,LOT-19,123.03,5.1372,5.1605,5.4367,5.631
CMP-006560,Driver IC,Propagation Delay,ns,LOT-17,124.54,16.8829,18.6473,25.8575,44.5116
CMP-006561,Logic IC,Iddq,µA,LOT-01,126.07,10.2559,12.2373,17.4557,31.831
CMP-006562,Memory IC,Standby Current,µA,LOT-17,124.3,24.8846,25.4032,25.4585,26.3461
CMP-006563,ADC,Leakage Current,µA,LOT-17,129.36,5.145,5.2212,5.3335,5.4678
CMP-006564,Driver IC,Propagation Delay,ns,LOT-17,125.64,17.6517,27.6326,19.6134,21.5887
CMP-006565,Logic IC,Iddq,µA,LOT-17,124.04,10.5864,10.7864,10.891,11.3543
CMP-006566,Memory IC,Standby Current,µA,LOT-02,125.94,24.6141,25.4944,25.6687,25.9544
CMP-006567,ADC,Leakage Current,µA,LOT-03,128.87,5.2296,6.365,11.2101,19.8776
CMP-006568,Driver IC,Propagation Delay,ns,LOT-16,125.77,18.4161,20.9211,27.2775,43.5454
CMP-006569,Logic IC,Iddq,µA,LOT-18,124.78,9.717,9.9848,10.2148,10.4091
CMP-006570,Memory IC,Standby Current,µA,LOT-13,124.8,24.343,24.843,25.399,25.6372
CMP-006571,ADC,Leakage Current,µA,LOT-17,126.77,5.0384,5.1137,5.3074,5.3727
CMP-006572,Driver IC,Propagation Delay,ns,LOT-19,126.31,18.2142,18.609,18.683,19.1632
CMP-006573,Logic IC,Iddq,µA,LOT-06,127.94,9.5859,9.8188,10.0997,10.433
CMP-006574,Memory IC,Standby Current,µA,LOT-06,125.32,24.855,24.5088,25.2191,25.8453
CMP-006575,ADC,Leakage Current,µA,LOT-10,123.7,4.7262,5.3357,11.115,21.6641
CMP-006576,Driver IC,Propagation Delay,ns,LOT-04,125.92,18.1683,19.4732,24.9824,41.8602
CMP-006577,Logic IC,Iddq,µA,LOT-18,127.0,9.9605,10.3692,10.4653,10.6082
CMP-006578,Memory IC,Standby Current,µA,LOT-08,124.44,24.0574,24.6663,24.9029,26.2207
CMP-006579,ADC,Leakage Current,µA,LOT-03,126.65,5.322,5.3712,5.5379,5.6031
CMP-006580,Driver IC,Propagation Delay,ns,LOT-07,126.63,18.1514,18.7738,28.2628,42.1467
CMP-006581,Logic IC,Iddq,µA,LOT-14,125.05,10.5669,12.7672,22.6472,34.5227
CMP-006582,Memory IC,Standby Current,µA,LOT-13,125.88,24.2702,24.746,25.3809,25.6531
CMP-006583,ADC,Leakage Current,µA,LOT-07,123.31,5.0293,6.6843,12.4891,23.1616
CMP-006584,Driver IC,Propagation Delay,ns,LOT-07,125.62,17.6768,19.8107,26.8478,36.0263
CMP-006585,Logic IC,Iddq,µA,LOT-18,124.08,10.0861,12.1275,17.555,35.7833
CMP-006586,Memory IC,Standby Current,µA,LOT-18,125.45,24.1904,28.152,42.215,68.0789
CMP-006587,ADC,Leakage Current,µA,LOT-10,125.95,4.779,5.4221,12.3116,22.5893
CMP-006588,Driver IC,Propagation Delay,ns,LOT-18,122.86,17.5258,29.5956,18.985,21.09
CMP-006589,Logic IC,Iddq,µA,LOT-14,125.03,10.0906,10.2466,10.6339,10.9634
CMP-006590,Memory IC,Standby Current,µA,LOT-03,125.53,24.8328,50.2806,28.5133,32.2544
CMP-006591,ADC,Leakage Current,µA,LOT-07,123.51,5.1036,5.1893,5.3202,5.6647
CMP-006592,Driver IC,Propagation Delay,ns,LOT-10,126.45,17.9235,18.0607,18.2195,18.447
CMP-006593,Logic IC,Iddq,µA,LOT-06,124.38,9.5913,9.748,9.9959,9.9867
CMP-006594,Memory IC,Standby Current,µA,LOT-05,124.71,24.4147,24.6392,24.7853,25.3422
CMP-006595,ADC,Leakage Current,µA,LOT-04,125.97,5.4201,6.2039,10.0772,17.9569
CMP-006596,Driver IC,Propagation Delay,ns,LOT-19,123.32,17.6927,18.4377,17.8807,18.4555
CMP-006597,Logic IC,Iddq,µA,LOT-03,123.56,9.8955,10.0249,10.295,10.6254
CMP-006598,Memory IC,Standby Current,µA,LOT-11,125.79,24.6093,24.585,25.4777,26.0163
CMP-006599,ADC,Leakage Current,µA,LOT-19,126.36,5.3272,6.1009,11.8934,20.9399
CMP-006600,Driver IC,Propagation Delay,ns,LOT-02,126.36,18.5209,18.9481,25.6336,38.87
CMP-006601,Logic IC,Iddq,µA,LOT-12,125.9,10.2526,10.5451,10.546,10.7888
CMP-006602,Memory IC,Standby Current,µA,LOT-05,127.01,24.7486,24.794,25.6294,25.3687
CMP-006603,ADC,Leakage Current,µA,LOT-20,124.76,4.7246,4.7421,5.0941,5.1654
CMP-006604,Driver IC,Propagation Delay,ns,LOT-02,123.94,17.6885,17.5038,17.3353,18.0145
CMP-006605,Logic IC,Iddq,µA,LOT-11,120.86,9.951,10.1855,10.6081,10.7007
CMP-006606,Memory IC,Standby Current,µA,LOT-03,126.57,24.0988,24.7353,24.9519,25.5123
CMP-006607,ADC,Leakage Current,µA,LOT-02,125.82,4.7191,6.3254,11.3506,17.5427
CMP-006608,Driver IC,Propagation Delay,ns,LOT-07,124.26,18.4105,18.0601,18.7019,18.9542
CMP-006609,Logic IC,Iddq,µA,LOT-04,124.16,10.2474,10.7187,10.9083,11.0134
CMP-006610,Memory IC,Standby Current,µA,LOT-03,126.75,24.9271,25.3576,25.671,26.083
CMP-006611,ADC,Leakage Current,µA,LOT-14,126.05,5.3528,5.4907,5.7294,5.7104
CMP-006612,Driver IC,Propagation Delay,ns,LOT-05,127.14,18.1518,18.4967,18.5331,18.6769
CMP-006613,Logic IC,Iddq,µA,LOT-09,122.75,10.1221,10.3029,10.6128,10.9343
CMP-006614,Memory IC,Standby Current,µA,LOT-06,124.76,25.0012,25.3818,25.3455,25.5066
CMP-006615,ADC,Leakage Current,µA,LOT-04,123.29,5.3969,6.4522,11.8041,23.6062
CMP-006616,Driver IC,Propagation Delay,ns,LOT-20,124.41,17.9328,17.9082,18.19,18.3329
CMP-006617,Logic IC,Iddq,µA,LOT-05,124.73,9.6345,10.6454,18.2366,31.982
CMP-006618,Memory IC,Standby Current,µA,LOT-13,126.58,23.9447,25.2799,35.9857,68.8651
CMP-006619,ADC,Leakage Current,µA,LOT-11,123.13,5.4035,6.5718,13.06,25.7179
CMP-006620,Driver IC,Propagation Delay,ns,LOT-08,125.52,18.1033,18.1212,18.5389,18.4554
CMP-006621,Logic IC,Iddq,µA,LOT-05,123.37,9.5839,9.7668,9.8226,9.9717
CMP-006622,Memory IC,Standby Current,µA,LOT-02,124.82,23.9771,24.0358,24.5102,25.5048
CMP-006623,ADC,Leakage Current,µA,LOT-15,123.46,5.2406,6.081,10.0915,23.0652
CMP-006624,Driver IC,Propagation Delay,ns,LOT-03,124.98,19.5663,19.3559,19.9932,19.5333
CMP-006625,Logic IC,Iddq,µA,LOT-19,124.7,9.9247,10.1876,10.2358,10.6589
CMP-006626,Memory IC,Standby Current,µA,LOT-16,125.37,24.5975,41.152,25.2981,28.1142
CMP-006627,ADC,Leakage Current,µA,LOT-12,128.43,4.8444,5.0392,5.0808,5.1638
CMP-006628,Driver IC,Propagation Delay,ns,LOT-16,123.95,16.7205,28.3252,18.3917,20.464
CMP-006629,Logic IC,Iddq,µA,LOT-01,124.28,10.4667,12.4011,23.5648,41.5131
CMP-006630,Memory IC,Standby Current,µA,LOT-19,124.56,24.5422,25.4876,25.694,26.5892
CMP-006631,ADC,Leakage Current,µA,LOT-01,126.68,5.1697,5.2518,5.4727,5.4765
CMP-006632,Driver IC,Propagation Delay,ns,LOT-14,125.91,18.4327,18.431,18.8227,18.8353
CMP-006633,Logic IC,Iddq,µA,LOT-17,122.76,9.9476,21.842,11.4108,13.9421
CMP-006634,Memory IC,Standby Current,µA,LOT-03,123.0,24.6335,25.0659,25.9045,25.5507
CMP-006635,ADC,Leakage Current,µA,LOT-01,124.35,5.0963,5.2129,5.438,5.6243
CMP-006636,Driver IC,Propagation Delay,ns,LOT-14,123.4,18.0558,19.4493,27.4483,42.2352
CMP-006637,Logic IC,Iddq,µA,LOT-13,122.49,9.935,10.3416,10.5839,10.8997
CMP-006638,Memory IC,Standby Current,µA,LOT-14,126.25,24.6392,27.5596,41.7599,64.7048
CMP-006639,ADC,Leakage Current,µA,LOT-02,125.42,4.9659,5.2718,5.354,5.63
CMP-006640,Driver IC,Propagation Delay,ns,LOT-12,122.01,18.212,18.0294,18.6401,19.0093
CMP-006641,Logic IC,Iddq,µA,LOT-12,125.6,10.505,12.7358,21.3672,31.8554
CMP-006642,Memory IC,Standby Current,µA,LOT-19,125.4,25.0523,25.5783,25.6809,26.5618
CMP-006643,ADC,Leakage Current,µA,LOT-14,123.5,4.7695,4.9603,5.1588,5.4057
CMP-006644,Driver IC,Propagation Delay,ns,LOT-16,124.34,17.7448,18.0246,18.1585,18.2406
CMP-006645,Logic IC,Iddq,µA,LOT-07,125.59,10.1736,24.8358,12.2403,15.8064
CMP-006646,Memory IC,Standby Current,µA,LOT-10,124.73,24.834,25.1829,25.4242,25.8153
CMP-006647,ADC,Leakage Current,µA,LOT-03,122.84,4.8439,5.032,5.1704,5.2705
CMP-006648,Driver IC,Propagation Delay,ns,LOT-14,128.42,18.168,18.4807,18.7266,18.9512
CMP-006649,Logic IC,Iddq,µA,LOT-01,127.82,10.0958,23.8272,11.8346,14.4967
CMP-006650,Memory IC,Standby Current,µA,LOT-16,125.49,25.006,29.5416,37.7108,69.8184
CMP-006651,ADC,Leakage Current,µA,LOT-13,125.88,5.0152,10.4795,6.1653,7.8584
CMP-006652,Driver IC,Propagation Delay,ns,LOT-09,126.45,17.676,17.637,18.2344,18.4436
CMP-006653,Logic IC,Iddq,µA,LOT-06,125.93,9.986,10.141,10.4134,10.6169
CMP-006654,Memory IC,Standby Current,µA,LOT-14,125.97,24.8924,25.811,25.6432,26.1305
CMP-006655,ADC,Leakage Current,µA,LOT-20,124.88,4.7836,5.7022,10.9428,22.0932
CMP-006656,Driver IC,Propagation Delay,ns,LOT-19,126.19,19.0681,29.011,19.1913,22.4814
CMP-006657,Logic IC,Iddq,µA,LOT-02,125.23,10.2716,11.7943,19.6837,30.4636
CMP-006658,Memory IC,Standby Current,µA,LOT-11,125.06,26.4549,26.0814,26.6194,27.2412
CMP-006659,ADC,Leakage Current,µA,LOT-16,125.7,4.7203,5.007,5.0649,5.2375
CMP-006660,Driver IC,Propagation Delay,ns,LOT-10,126.25,17.7036,18.0401,18.1713,18.2128
CMP-006661,Logic IC,Iddq,µA,LOT-16,125.18,9.4155,9.6982,9.8956,10.1479
CMP-006662,Memory IC,Standby Current,µA,LOT-08,122.7,25.856,26.3709,26.7981,27.6607
CMP-006663,ADC,Leakage Current,µA,LOT-20,124.01,5.2799,5.4042,5.5944,5.6385
CMP-006664,Driver IC,Propagation Delay,ns,LOT-01,125.61,17.7364,17.8075,17.7366,17.9857
CMP-006665,Logic IC,Iddq,µA,LOT-04,124.19,10.4593,10.593,10.8653,11.0288
CMP-006666,Memory IC,Standby Current,µA,LOT-20,124.32,24.158,24.7482,25.402,26.0464
CMP-006667,ADC,Leakage Current,µA,LOT-19,123.82,5.2186,12.7318,6.5499,8.2157
CMP-006668,Driver IC,Propagation Delay,ns,LOT-15,120.88,17.9702,19.4818,28.4777,43.8135
CMP-006669,Logic IC,Iddq,µA,LOT-04,125.0,10.4521,11.4891,18.4919,36.7523
CMP-006670,Memory IC,Standby Current,µA,LOT-19,125.8,25.8035,25.6282,26.394,26.9148
CMP-006671,ADC,Leakage Current,µA,LOT-03,121.46,4.9453,6.2041,11.9341,22.1773
CMP-006672,Driver IC,Propagation Delay,ns,LOT-12,124.29,17.7115,18.3042,18.4146,18.2115
CMP-006673,Logic IC,Iddq,µA,LOT-13,123.57,10.1842,10.2795,10.5931,11.1287
CMP-006674,Memory IC,Standby Current,µA,LOT-12,124.07,25.2003,25.8943,26.3953,27.1039
CMP-006675,ADC,Leakage Current,µA,LOT-20,124.63,5.2062,6.2932,10.1127,20.4245
CMP-006676,Driver IC,Propagation Delay,ns,LOT-13,123.58,18.3081,18.6762,18.6448,18.6449
CMP-006677,Logic IC,Iddq,µA,LOT-13,126.1,10.2406,13.1881,21.5396,40.308
CMP-006678,Memory IC,Standby Current,µA,LOT-04,126.81,25.1448,29.4711,39.251,69.6346
CMP-006679,ADC,Leakage Current,µA,LOT-18,126.16,4.591,13.1313,5.4454,5.952
CMP-006680,Driver IC,Propagation Delay,ns,LOT-04,124.02,18.0778,19.888,27.5391,39.0319
CMP-006681,Logic IC,Iddq,µA,LOT-02,125.42,9.6248,10.0246,10.3236,10.5268
CMP-006682,Memory IC,Standby Current,µA,LOT-13,125.65,24.7959,25.352,25.8876,26.2403
CMP-006683,ADC,Leakage Current,µA,LOT-08,125.59,4.965,5.2293,5.344,5.4754
CMP-006684,Driver IC,Propagation Delay,ns,LOT-07,124.06,17.2824,18.5894,25.7927,39.4049
CMP-006685,Logic IC,Iddq,µA,LOT-20,125.48,9.7788,11.8396,21.2747,32.012
CMP-006686,Memory IC,Standby Current,µA,LOT-20,125.73,24.8079,48.2457,29.0512,32.2382
CMP-006687,ADC,Leakage Current,µA,LOT-08,125.07,5.035,5.2754,5.3988,5.5616
CMP-006688,Driver IC,Propagation Delay,ns,LOT-14,127.03,18.264,18.4179,18.6187,18.7747
CMP-006689,Logic IC,Iddq,µA,LOT-13,125.58,10.1843,10.2067,10.3686,10.7852
CMP-006690,Memory IC,Standby Current,µA,LOT-04,126.44,25.15,25.6522,25.6545,26.5737
CMP-006691,ADC,Leakage Current,µA,LOT-15,125.63,5.1037,6.6619,11.1664,21.515
CMP-006692,Driver IC,Propagation Delay,ns,LOT-06,126.56,17.3095,17.6164,17.7492,17.6744
CMP-006693,Logic IC,Iddq,µA,LOT-15,126.05,10.6548,13.3268,18.2469,36.9725
CMP-006694,Memory IC,Standby Current,µA,LOT-13,125.51,25.9249,52.3373,28.9027,32.1331
CMP-006695,ADC,Leakage Current,µA,LOT-14,126.91,4.8377,5.5057,12.6402,25.5149
CMP-006696,Driver IC,Propagation Delay,ns,LOT-01,127.51,18.0466,18.3364,18.6582,19.0725
CMP-006697,Logic IC,Iddq,µA,LOT-16,125.76,9.932,26.2132,12.2445,14.2579
CMP-006698,Memory IC,Standby Current,µA,LOT-16,126.3,24.6662,25.4929,25.6184,26.0852
CMP-006699,ADC,Leakage Current,µA,LOT-08,125.41,4.967,5.0302,5.2396,5.5138
CMP-006700,Driver IC,Propagation Delay,ns,LOT-04,124.72,17.9827,19.5367,26.92,41.8614
CMP-006701,Logic IC,Iddq,µA,LOT-15,124.93,10.2419,10.5947,10.7208,11.0991
CMP-006702,Memory IC,Standby Current,µA,LOT-20,125.13,24.9437,26.356,37.2669,64.9986
CMP-006703,ADC,Leakage Current,µA,LOT-10,127.68,4.6043,5.7214,10.1077,24.0711
CMP-006704,Driver IC,Propagation Delay,ns,LOT-06,125.46,18.2211,18.5627,18.604,18.729
CMP-006705,Logic IC,Iddq,µA,LOT-13,123.15,9.575,12.4813,20.5134,39.4475
CMP-006706,Memory IC,Standby Current,µA,LOT-17,124.36,25.2312,26.0861,26.7674,26.5156
CMP-006707,ADC,Leakage Current,µA,LOT-16,122.4,4.7466,5.4059,12.5434,26.5147
CMP-006708,Driver IC,Propagation Delay,ns,LOT-10,125.44,17.9851,18.2483,18.0396,18.8529
CMP-006709,Logic IC,Iddq,µA,LOT-07,123.92,9.4341,9.646,9.9208,10.0661
CMP-006710,Memory IC,Standby Current,µA,LOT-16,126.16,23.3662,27.2612,42.1115,68.5382
CMP-006711,ADC,Leakage Current,µA,LOT-20,122.59,4.9382,6.2355,10.4422,22.2391
CMP-006712,Driver IC,Propagation Delay,ns,LOT-03,126.52,18.2822,18.3472,18.7187,19.0424
CMP-006713,Logic IC,Iddq,µA,LOT-16,123.03,10.1379,10.1003,10.2789,10.7126
CMP-006714,Memory IC,Standby Current,µA,LOT-04,124.14,25.241,26.3774,26.7147,27.3992
CMP-006715,ADC,Leakage Current,µA,LOT-05,124.18,4.664,5.7679,11.6323,20.9355
CMP-006716,Driver IC,Propagation Delay,ns,LOT-16,124.62,18.4595,19.0489,19.1735,19.2605
CMP-006717,Logic IC,Iddq,µA,LOT-16,125.87,10.5355,19.2629,11.0797,12.1384
CMP-006718,Memory IC,Standby Current,µA,LOT-14,126.52,25.1294,25.8295,25.9222,26.7552
CMP-006719,ADC,Leakage Current,µA,LOT-01,124.91,5.1949,5.3631,5.5941,5.7512
CMP-006720,Driver IC,Propagation Delay,ns,LOT-19,124.92,18.2717,18.2459,18.7333,18.6596
CMP-006721,Logic IC,Iddq,µA,LOT-07,126.49,10.0324,10.2377,10.6905,11.2531
CMP-006722,Memory IC,Standby Current,µA,LOT-15,124.49,25.4391,25.423,25.754,26.4815
CMP-006723,ADC,Leakage Current,µA,LOT-09,124.21,4.9416,4.9121,4.9499,5.0731
CMP-006724,Driver IC,Propagation Delay,ns,LOT-12,127.45,18.7046,20.1444,28.225,43.9705
CMP-006725,Logic IC,Iddq,µA,LOT-04,125.27,10.1662,25.6697,10.682,12.1791
CMP-006726,Memory IC,Standby Current,µA,LOT-08,129.35,25.3054,24.9577,25.328,25.9759
CMP-006727,ADC,Leakage Current,µA,LOT-13,126.23,4.7955,4.9275,5.2041,5.2962
CMP-006728,Driver IC,Propagation Delay,ns,LOT-08,126.95,18.1968,19.7018,23.9051,37.9729
CMP-006729,Logic IC,Iddq,µA,LOT-10,124.04,9.3052,9.7378,9.679,9.8614
CMP-006730,Memory IC,Standby Current,µA,LOT-13,124.69,24.7677,25.1053,25.7108,26.4053
CMP-006731,ADC,Leakage Current,µA,LOT-04,123.69,5.2331,6.5255,12.0061,23.7207
CMP-006732,Driver IC,Propagation Delay,ns,LOT-01,125.55,18.5829,25.1287,20.5499,22.7541
CMP-006733,Logic IC,Iddq,µA,LOT-14,125.42,10.0056,12.3496,20.3916,31.2297
CMP-006734,Memory IC,Standby Current,µA,LOT-16,126.38,25.1517,26.1005,25.9867,25.9264
CMP-006735,ADC,Leakage Current,µA,LOT-16,126.94,4.6751,4.9475,5.1164,5.2415
CMP-006736,Driver IC,Propagation Delay,ns,LOT-20,125.14,18.1709,18.9957,18.9795,18.5264
CMP-006737,Logic IC,Iddq,µA,LOT-04,124.26,9.9361,11.4464,18.0179,38.8079
CMP-006738,Memory IC,Standby Current,µA,LOT-04,124.22,24.5126,25.0285,25.8145,25.869
CMP-006739,ADC,Leakage Current,µA,LOT-07,129.0,5.3907,5.2869,5.6782,5.7631
CMP-006740,Driver IC,Propagation Delay,ns,LOT-08,124.58,17.7461,19.6632,25.144,33.5529
CMP-006741,Logic IC,Iddq,µA,LOT-15,126.4,9.9735,10.9684,18.4647,42.3793
CMP-006742,Memory IC,Standby Current,µA,LOT-11,126.0,25.4582,27.1954,41.6931,72.7241
CMP-006743,ADC,Leakage Current,µA,LOT-09,125.39,5.2389,5.3591,5.5422,5.7143
CMP-006744,Driver IC,Propagation Delay,ns,LOT-15,126.7,18.0107,18.1492,18.155,18.5372
CMP-006745,Logic IC,Iddq,µA,LOT-07,123.71,9.821,10.0225,10.0371,10.5305
CMP-006746,Memory IC,Standby Current,µA,LOT-15,125.52,26.0931,26.0639,26.8316,26.5961
CMP-006747,ADC,Leakage Current,µA,LOT-13,127.16,5.1176,6.428,10.9553,18.2795
CMP-006748,Driver IC,Propagation Delay,ns,LOT-16,123.68,18.3914,18.6432,19.1395,19.1719
CMP-006749,Logic IC,Iddq,µA,LOT-09,122.54,9.8077,10.989,19.5468,36.1661
CMP-006750,Memory IC,Standby Current,µA,LOT-13,124.57,24.5053,24.9159,25.3255,25.5109
CMP-006751,ADC,Leakage Current,µA,LOT-16,124.9,4.7424,6.3328,12.0028,20.136
CMP-006752,Driver IC,Propagation Delay,ns,LOT-08,126.38,17.6359,18.0191,18.2735,18.1681
CMP-006753,Logic IC,Iddq,µA,LOT-01,125.89,9.8533,10.0487,10.4359,10.6568
CMP-006754,Memory IC,Standby Current,µA,LOT-10,127.19,24.4733,27.1438,36.5762,62.416
CMP-006755,ADC,Leakage Current,µA,LOT-08,124.05,4.9507,6.4536,10.2718,17.2499
CMP-006756,Driver IC,Propagation Delay,ns,LOT-08,125.38,18.0474,18.4482,18.6216,18.5319
CMP-006757,Logic IC,Iddq,µA,LOT-08,124.66,9.4926,9.981,10.1365,10.5796
CMP-006758,Memory IC,Standby Current,µA,LOT-17,124.29,24.5858,25.0673,25.3813,26.1089
CMP-006759,ADC,Leakage Current,µA,LOT-14,123.81,5.2526,5.3243,5.4962,5.6009
CMP-006760,Driver IC,Propagation Delay,ns,LOT-17,125.57,18.4153,19.3522,25.2356,39.6793
CMP-006761,Logic IC,Iddq,µA,LOT-10,122.79,10.0723,10.5212,10.494,10.6584
CMP-006762,Memory IC,Standby Current,µA,LOT-07,125.69,24.3807,50.0812,27.6512,30.813
CMP-006763,ADC,Leakage Current,µA,LOT-06,126.02,4.9447,15.1819,6.4315,8.0108
CMP-006764,Driver IC,Propagation Delay,ns,LOT-13,123.81,17.9323,31.3506,19.4991,22.349
CMP-006765,Logic IC,Iddq,µA,LOT-02,123.86,10.2863,13.2057,20.0699,31.0887
CMP-006766,Memory IC,Standby Current,µA,LOT-16,125.87,25.3241,26.0427,26.5459,26.9241
CMP-006767,ADC,Leakage Current,µA,LOT-11,124.15,5.0846,5.9032,12.9431,21.6812
CMP-006768,Driver IC,Propagation Delay,ns,LOT-11,126.72,18.2499,19.9082,25.0669,39.3158
CMP-006769,Logic IC,Iddq,µA,LOT-17,126.13,9.9272,11.6237,24.0541,42.9842
CMP-006770,Memory IC,Standby Current,µA,LOT-13,123.0,25.8394,26.9325,38.1271,73.6432
CMP-006771,ADC,Leakage Current,µA,LOT-08,125.25,4.7532,4.9485,4.96,4.9931
CMP-006772,Driver IC,Propagation Delay,ns,LOT-16,126.21,17.9476,27.8828,18.7995,19.848
CMP-006773,Logic IC,Iddq,µA,LOT-09,125.45,9.955,12.6548,20.1695,36.711
CMP-006774,Memory IC,Standby Current,µA,LOT-14,123.61,24.7497,26.912,40.0053,79.0521
CMP-006775,ADC,Leakage Current,µA,LOT-05,123.17,4.6993,4.9666,5.0688,5.2446
CMP-006776,Driver IC,Propagation Delay,ns,LOT-13,122.44,18.1215,18.4462,18.8569,18.8247
CMP-006777,Logic IC,Iddq,µA,LOT-08,125.26,9.9326,10.1545,10.4795,10.72
CMP-006778,Memory IC,Standby Current,µA,LOT-08,125.57,24.8493,25.6526,25.88,26.4545
CMP-006779,ADC,Leakage Current,µA,LOT-19,124.93,5.2607,6.6655,12.3033,19.8104
CMP-006780,Driver IC,Propagation Delay,ns,LOT-12,125.76,17.3804,19.3849,24.3454,33.9721
CMP-006781,Logic IC,Iddq,µA,LOT-04,122.7,9.8009,10.0179,10.1503,10.5347
CMP-006782,Memory IC,Standby Current,µA,LOT-03,124.94,23.6869,27.9402,38.3529,67.6915
CMP-006783,ADC,Leakage Current,µA,LOT-19,127.36,5.3617,5.4761,5.4672,5.6063
CMP-006784,Driver IC,Propagation Delay,ns,LOT-06,123.95,17.9513,18.883,27.0468,41.8041
CMP-006785,Logic IC,Iddq,µA,LOT-05,124.75,9.9321,11.4441,19.2414,41.0282
CMP-006786,Memory IC,Standby Current,µA,LOT-09,124.72,24.4192,27.7075,39.4571,69.433
CMP-006787,ADC,Leakage Current,µA,LOT-08,125.67,4.7573,4.928,4.9477,5.2093
CMP-006788,Driver IC,Propagation Delay,ns,LOT-20,125.47,17.8648,18.2062,18.2048,18.2303
CMP-006789,Logic IC,Iddq,µA,LOT-16,125.97,10.081,10.0864,10.1694,10.5661
CMP-006790,Memory IC,Standby Current,µA,LOT-06,124.85,24.669,28.3518,44.1867,75.1361
CMP-006791,ADC,Leakage Current,µA,LOT-14,126.09,5.3879,5.4055,5.6789,5.8369
CMP-006792,Driver IC,Propagation Delay,ns,LOT-05,124.09,17.9146,17.6722,18.189,18.7816
CMP-006793,Logic IC,Iddq,µA,LOT-13,125.95,9.7235,10.0876,10.248,10.4099
CMP-006794,Memory IC,Standby Current,µA,LOT-16,126.12,23.9142,28.231,40.3173,65.6678
CMP-006795,ADC,Leakage Current,µA,LOT-11,124.91,5.08,5.6372,9.7921,18.2584
CMP-006796,Driver IC,Propagation Delay,ns,LOT-08,124.89,18.4021,19.5114,25.8603,37.2109
CMP-006797,Logic IC,Iddq,µA,LOT-15,122.35,10.5277,11.1569,23.463,39.9901
CMP-006798,Memory IC,Standby Current,µA,LOT-03,125.5,24.8041,29.093,44.797,69.7191
CMP-006799,ADC,Leakage Current,µA,LOT-13,125.31,4.8798,5.3619,9.8628,23.7845
CMP-006800,Driver IC,Propagation Delay,ns,LOT-02,124.41,18.0718,18.0462,18.265,18.4745
CMP-006801,Logic IC,Iddq,µA,LOT-04,123.77,10.1487,10.5938,10.6153,10.6449
CMP-006802,Memory IC,Standby Current,µA,LOT-01,125.95,25.1026,26.2004,25.6468,26.4565
CMP-006803,ADC,Leakage Current,µA,LOT-07,128.5,5.2354,5.3237,5.4486,5.6531
CMP-006804,Driver IC,Propagation Delay,ns,LOT-19,125.13,17.7743,17.966,18.2104,18.8016
CMP-006805,Logic IC,Iddq,µA,LOT-20,124.8,9.7402,10.0993,10.1128,10.2453
CMP-006806,Memory IC,Standby Current,µA,LOT-12,125.87,25.2954,25.8853,26.1117,26.382
CMP-006807,ADC,Leakage Current,µA,LOT-16,125.18,4.8847,4.9542,5.0844,5.3846
CMP-006808,Driver IC,Propagation Delay,ns,LOT-17,125.83,17.8858,19.0079,26.8337,38.311
CMP-006809,Logic IC,Iddq,µA,LOT-11,124.76,10.3794,12.0986,22.4119,39.9054
CMP-006810,Memory IC,Standby Current,µA,LOT-06,127.0,25.277,26.0772,26.0125,26.373
CMP-006811,ADC,Leakage Current,µA,LOT-05,124.32,4.7383,5.7556,9.991,18.8024
CMP-006812,Driver IC,Propagation Delay,ns,LOT-15,124.12,17.9,17.9703,18.096,18.0987
CMP-006813,Logic IC,Iddq,µA,LOT-17,124.32,9.929,10.3668,10.2351,10.6436
CMP-006814,Memory IC,Standby Current,µA,LOT-17,124.47,25.2541,28.805,40.159,64.4602
CMP-006815,ADC,Leakage Current,µA,LOT-06,125.46,4.851,4.8778,5.0013,5.094
CMP-006816,Driver IC,Propagation Delay,ns,LOT-03,123.25,18.2773,18.5535,18.8335,19.0291
CMP-006817,Logic IC,Iddq,µA,LOT-20,126.31,10.1526,10.3961,10.8183,10.9266
CMP-006818,Memory IC,Standby Current,µA,LOT-01,125.0,25.1067,25.6493,26.1686,26.5635
CMP-006819,ADC,Leakage Current,µA,LOT-02,127.69,4.5308,5.8547,8.8657,15.1488
CMP-006820,Driver IC,Propagation Delay,ns,LOT-14,124.14,18.1447,30.7557,19.8735,21.6149
CMP-006821,Logic IC,Iddq,µA,LOT-11,126.94,10.7137,11.9839,19.3997,41.6985
CMP-006822,Memory IC,Standby Current,µA,LOT-18,125.29,24.6313,24.7075,25.1285,25.3679
CMP-006823,ADC,Leakage Current,µA,LOT-20,128.95,5.3091,5.5851,5.5839,5.7509
CMP-006824,Driver IC,Propagation Delay,ns,LOT-01,124.05,18.0357,20.3479,26.1291,40.9458
CMP-006825,Logic IC,Iddq,µA,LOT-20,125.67,9.537,10.16,10.337,10.5193
CMP-006826,Memory IC,Standby Current,µA,LOT-05,127.04,24.7502,24.8812,25.2511,25.3674
CMP-006827,ADC,Leakage Current,µA,LOT-18,123.71,4.593,4.8407,4.9786,5.1456
CMP-006828,Driver IC,Propagation Delay,ns,LOT-10,123.84,18.5752,20.0054,27.7725,39.7762
CMP-006829,Logic IC,Iddq,µA,LOT-11,123.95,9.6954,11.9843,17.7932,33.0693
CMP-006830,Memory IC,Standby Current,µA,LOT-13,123.49,23.9063,27.9464,40.4731,65.3521
CMP-006831,ADC,Leakage Current,µA,LOT-11,123.77,5.0187,5.1763,5.3004,5.4677
CMP-006832,Driver IC,Propagation Delay,ns,LOT-16,126.39,17.9001,19.2045,27.8929,40.6018
CMP-006833,Logic IC,Iddq,µA,LOT-12,124.4,9.9381,10.1866,10.7344,10.9421
CMP-006834,Memory IC,Standby Current,µA,LOT-15,123.8,23.7735,23.5959,24.2612,24.6526
CMP-006835,ADC,Leakage Current,µA,LOT-19,125.79,4.9173,5.0205,5.3709,5.6173
CMP-006836,Driver IC,Propagation Delay,ns,LOT-15,124.95,18.4742,18.2218,18.8444,19.0264
CMP-006837,Logic IC,Iddq,µA,LOT-20,125.5,10.1698,11.8955,23.7458,38.7721
CMP-006838,Memory IC,Standby Current,µA,LOT-06,128.07,24.6828,25.0242,25.0839,25.96
CMP-006839,ADC,Leakage Current,µA,LOT-12,125.26,5.3393,5.8994,13.2185,23.9798
CMP-006840,Driver IC,Propagation Delay,ns,LOT-02,125.93,17.2817,17.7067,18.0863,17.7528
CMP-006841,Logic IC,Iddq,µA,LOT-05,126.78,9.5611,22.5254,12.0831,15.5097
CMP-006842,Memory IC,Standby Current,µA,LOT-13,124.05,25.0435,27.7334,38.0768,63.8767
CMP-006843,ADC,Leakage Current,µA,LOT-09,124.8,4.9761,4.9788,5.0799,5.2238
CMP-006844,Driver IC,Propagation Delay,ns,LOT-05,127.71,16.9635,18.9228,26.423,39.4456
CMP-006845,Logic IC,Iddq,µA,LOT-16,124.08,9.8008,10.0961,10.2229,10.6241
CMP-006846,Memory IC,Standby Current,µA,LOT-13,125.57,25.4863,29.1543,37.6851,53.9445
CMP-006847,ADC,Leakage Current,µA,LOT-09,125.02,5.1519,5.2896,5.4134,5.4869
CMP-006848,Driver IC,Propagation Delay,ns,LOT-02,120.8,17.2948,18.6898,25.4871,36.0255
CMP-006849,Logic IC,Iddq,µA,LOT-03,125.21,9.9211,10.3234,10.6891,10.8031
CMP-006850,Memory IC,Standby Current,µA,LOT-12,122.34,25.1933,25.4564,26.4997,26.1118
CMP-006851,ADC,Leakage Current,µA,LOT-18,125.8,4.7977,4.9776,5.1144,5.297
CMP-006852,Driver IC,Propagation Delay,ns,LOT-07,125.81,19.1959,20.6003,27.8258,40.2991
CMP-006853,Logic IC,Iddq,µA,LOT-08,128.21,9.9257,10.4419,10.7483,10.6666
CMP-006854,Memory IC,Standby Current,µA,LOT-10,123.62,24.9704,29.3436,39.0835,67.35
CMP-006855,ADC,Leakage Current,µA,LOT-20,123.14,4.7465,4.9044,5.0664,5.3694
CMP-006856,Driver IC,Propagation Delay,ns,LOT-15,126.28,18.0086,18.2859,18.3933,18.4025
CMP-006857,Logic IC,Iddq,µA,LOT-04,123.87,10.6294,10.9814,11.2256,11.2323
CMP-006858,Memory IC,Standby Current,µA,LOT-11,126.71,25.1754,29.474,37.9158,68.43
CMP-006859,ADC,Leakage Current,µA,LOT-04,122.99,5.1001,6.4695,11.1071,18.6436
CMP-006860,Driver IC,Propagation Delay,ns,LOT-18,123.66,18.8719,18.529,18.6761,18.876
CMP-006861,Logic IC,Iddq,µA,LOT-08,125.91,9.2024,11.8921,18.9473,33.8061
CMP-006862,Memory IC,Standby Current,µA,LOT-12,125.34,25.575,52.751,28.8066,32.1906
CMP-006863,ADC,Leakage Current,µA,LOT-08,124.56,5.0952,6.2142,9.8389,20.2019
CMP-006864,Driver IC,Propagation Delay,ns,LOT-17,125.23,18.1738,20.4797,27.5633,41.4905
CMP-006865,Logic IC,Iddq,µA,LOT-20,129.05,9.8717,10.0444,10.4242,10.6057
CMP-006866,Memory IC,Standby Current,µA,LOT-13,124.28,25.8691,25.9139,26.0478,26.7797
CMP-006867,ADC,Leakage Current,µA,LOT-10,122.6,4.6001,10.0361,5.582,6.153
CMP-006868,Driver IC,Propagation Delay,ns,LOT-18,126.62,18.4456,18.8517,18.5886,19.0306
CMP-006869,Logic IC,Iddq,µA,LOT-03,125.34,10.1028,10.4978,10.6363,10.7434
CMP-006870,Memory IC,Standby Current,µA,LOT-08,124.67,25.5746,28.0919,41.3231,57.5319
CMP-006871,ADC,Leakage Current,µA,LOT-16,125.31,4.7945,6.1316,10.9039,22.13
CMP-006872,Driver IC,Propagation Delay,ns,LOT-14,127.15,17.8091,19.089,25.4052,41.1871
CMP-006873,Logic IC,Iddq,µA,LOT-10,124.67,9.6147,11.6827,17.8046,28.9562
CMP-006874,Memory IC,Standby Current,µA,LOT-11,126.47,25.6771,26.404,26.2161,26.787
CMP-006875,ADC,Leakage Current,µA,LOT-17,127.81,5.0501,13.282,5.7986,7.957
CMP-006876,Driver IC,Propagation Delay,ns,LOT-07,124.75,17.8633,18.1891,18.5807,18.1851
CMP-006877,Logic IC,Iddq,µA,LOT-03,122.67,10.0984,12.777,19.6011,37.0453
CMP-006878,Memory IC,Standby Current,µA,LOT-15,125.21,24.0808,24.7617,24.7805,25.4125
CMP-006879,ADC,Leakage Current,µA,LOT-19,126.94,5.3806,6.6765,9.7412,18.7805
CMP-006880,Driver IC,Propagation Delay,ns,LOT-14,128.04,18.0306,18.3255,18.9289,19.1191
CMP-006881,Logic IC,Iddq,µA,LOT-10,123.41,9.9914,9.9744,10.4764,10.5105
CMP-006882,Memory IC,Standby Current,µA,LOT-07,125.29,24.678,28.5882,39.5288,70.5618
CMP-006883,ADC,Leakage Current,µA,LOT-14,126.44,5.4697,5.597,5.6764,6.0154
CMP-006884,Driver IC,Propagation Delay,ns,LOT-06,124.55,17.5808,19.826,26.7903,37.0763
CMP-006885,Logic IC,Iddq,µA,LOT-05,123.91,9.2122,10.2846,20.3223,43.8556
CMP-006886,Memory IC,Standby Current,µA,LOT-13,128.38,25.6414,28.3458,42.3364,74.0538
CMP-006887,ADC,Leakage Current,µA,LOT-18,127.09,4.8524,5.0282,5.2371,5.328
CMP-006888,Driver IC,Propagation Delay,ns,LOT-19,125.19,17.3399,17.6989,17.7025,18.2764
CMP-006889,Logic IC,Iddq,µA,LOT-04,126.29,10.8577,23.333,13.4252,15.7733
CMP-006890,Memory IC,Standby Current,µA,LOT-16,124.45,25.1242,28.214,39.4245,61.7891
CMP-006891,ADC,Leakage Current,µA,LOT-13,125.86,5.0573,5.5382,12.4858,24.8466
CMP-006892,Driver IC,Propagation Delay,ns,LOT-09,123.53,17.4333,17.9004,18.0526,18.1893
CMP-006893,Logic IC,Iddq,µA,LOT-02,128.64,9.8293,9.7789,10.145,10.4433
CMP-006894,Memory IC,Standby Current,µA,LOT-09,125.69,24.5965,25.1598,25.251,25.8723
CMP-006895,ADC,Leakage Current,µA,LOT-02,122.49,4.6544,4.8991,5.1054,5.1281
CMP-006896,Driver IC,Propagation Delay,ns,LOT-13,124.33,17.6818,17.5023,17.8982,18.1256
CMP-006897,Logic IC,Iddq,µA,LOT-20,123.59,10.1611,10.6027,10.8751,11.1666
CMP-006898,Memory IC,Standby Current,µA,LOT-05,123.63,24.1831,27.3871,47.0232,70.8406
CMP-006899,ADC,Leakage Current,µA,LOT-15,127.08,5.0988,6.6744,11.3388,22.9253
CMP-006900,Driver IC,Propagation Delay,ns,LOT-03,124.17,17.4626,17.7076,17.6183,18.043
CMP-006901,Logic IC,Iddq,µA,LOT-13,124.77,10.0474,19.4974,12.3649,15.4256
CMP-006902,Memory IC,Standby Current,µA,LOT-18,127.28,24.5636,25.3319,25.4387,25.8691
CMP-006903,ADC,Leakage Current,µA,LOT-15,124.37,4.7005,4.8554,5.0213,5.0484
CMP-006904,Driver IC,Propagation Delay,ns,LOT-08,124.19,18.1794,18.2733,17.9924,18.1051
CMP-006905,Logic IC,Iddq,µA,LOT-04,121.67,10.1345,11.8811,20.0585,40.6484
CMP-006906,Memory IC,Standby Current,µA,LOT-02,122.32,25.1272,26.4132,38.7963,66.8087
CMP-006907,ADC,Leakage Current,µA,LOT-09,127.21,4.85,5.7005,11.5922,23.4524
CMP-006908,Driver IC,Propagation Delay,ns,LOT-02,124.24,17.6688,20.3952,26.3585,35.3225
CMP-006909,Logic IC,Iddq,µA,LOT-11,127.99,10.2759,10.7488,11.0797,11.2337
CMP-006910,Memory IC,Standby Current,µA,LOT-19,125.0,25.7896,26.9829,41.9037,79.1475
CMP-006911,ADC,Leakage Current,µA,LOT-02,125.45,4.9577,6.4284,12.0519,21.6522
CMP-006912,Driver IC,Propagation Delay,ns,LOT-03,124.99,18.939,31.5337,19.8758,21.4435
CMP-006913,Logic IC,Iddq,µA,LOT-15,126.68,10.2739,12.4464,21.0772,39.4638
CMP-006914,Memory IC,Standby Current,µA,LOT-04,124.49,24.7874,48.7213,26.1897,28.3732
CMP-006915,ADC,Leakage Current,µA,LOT-04,121.69,5.0721,5.319,5.5058,5.6731
CMP-006916,Driver IC,Propagation Delay,ns,LOT-08,125.62,18.0501,18.1241,18.3066,18.7463
CMP-006917,Logic IC,Iddq,µA,LOT-13,125.02,9.5845,9.7444,9.9565,10.3176
CMP-006918,Memory IC,Standby Current,µA,LOT-13,123.12,23.4941,26.7649,37.9077,73.729
CMP-006919,ADC,Leakage Current,µA,LOT-14,126.32,5.3865,6.0999,11.3784,23.9522
CMP-006920,Driver IC,Propagation Delay,ns,LOT-12,126.66,17.8111,18.2905,18.0479,18.6131
CMP-006921,Logic IC,Iddq,µA,LOT-13,125.09,9.7202,12.534,19.4268,34.7428
CMP-006922,Memory IC,Standby Current,µA,LOT-19,123.32,25.5181,25.9434,26.0604,26.7721
CMP-006923,ADC,Leakage Current,µA,LOT-03,119.88,5.0091,5.7388,12.4855,20.5901
CMP-006924,Driver IC,Propagation Delay,ns,LOT-14,127.71,18.4439,19.1407,27.6076,45.0701
CMP-006925,Logic IC,Iddq,µA,LOT-01,123.47,10.4143,18.6926,11.6444,14.439
CMP-006926,Memory IC,Standby Current,µA,LOT-19,121.84,26.3646,26.6429,27.0672,27.148
CMP-006927,ADC,Leakage Current,µA,LOT-01,126.3,4.8477,5.1338,5.0718,5.3338
CMP-006928,Driver IC,Propagation Delay,ns,LOT-09,126.21,17.7179,17.8186,18.3926,18.5653
CMP-006929,Logic IC,Iddq,µA,LOT-14,124.32,9.7938,9.9009,10.0546,10.4195
CMP-006930,Memory IC,Standby Current,µA,LOT-18,124.44,25.9586,26.1858,27.312,27.3357
CMP-006931,ADC,Leakage Current,µA,LOT-04,122.8,5.316,6.2317,9.6635,19.9159
CMP-006932,Driver IC,Propagation Delay,ns,LOT-19,127.89,18.2924,18.7494,18.6924,18.8272
CMP-006933,Logic IC,Iddq,µA,LOT-04,122.96,10.3287,10.6465,11.1192,11.3962
CMP-006934,Memory IC,Standby Current,µA,LOT-12,126.6,25.5032,25.3448,25.6655,26.4523
CMP-006935,ADC,Leakage Current,µA,LOT-01,124.25,5.1121,6.7656,11.3375,22.8857
CMP-006936,Driver IC,Propagation Delay,ns,LOT-11,124.54,17.9725,18.2124,18.2416,18.2394
CMP-006937,Logic IC,Iddq,µA,LOT-10,123.88,9.5715,11.1618,18.7918,38.5407
CMP-006938,Memory IC,Standby Current,µA,LOT-05,125.09,25.2054,25.8921,25.2951,26.2329
CMP-006939,ADC,Leakage Current,µA,LOT-10,125.35,4.7357,4.7916,5.0473,5.1853
CMP-006940,Driver IC,Propagation Delay,ns,LOT-09,127.25,17.8148,20.1357,25.7737,41.1266
CMP-006941,Logic IC,Iddq,µA,LOT-18,123.72,9.7451,26.3965,11.8744,14.156
CMP-006942,Memory IC,Standby Current,µA,LOT-09,124.32,24.818,24.3583,25.8913,26.3459
CMP-006943,ADC,Leakage Current,µA,LOT-02,125.39,4.8633,5.8305,12.6216,22.502
CMP-006944,Driver IC,Propagation Delay,ns,LOT-04,124.58,18.7003,18.6057,18.9288,19.1306
CMP-006945,Logic IC,Iddq,µA,LOT-12,126.5,9.9589,10.3677,10.6117,10.694
CMP-006946,Memory IC,Standby Current,µA,LOT-10,125.62,25.042,25.2847,24.994,25.2905
CMP-006947,ADC,Leakage Current,µA,LOT-15,123.9,4.8567,12.1231,5.2108,5.5874
CMP-006948,Driver IC,Propagation Delay,ns,LOT-07,125.31,18.451,31.1826,19.6484,20.7505
CMP-006949,Logic IC,Iddq,µA,LOT-18,124.28,9.9958,18.4926,11.6772,13.1027
CMP-006950,Memory IC,Standby Current,µA,LOT-10,124.22,25.6877,26.7992,26.7788,27.2542
CMP-006951,ADC,Leakage Current,µA,LOT-17,126.28,4.8225,5.0449,5.2077,5.3609
CMP-006952,Driver IC,Propagation Delay,ns,LOT-20,127.83,18.1281,18.2084,18.6058,18.6606
CMP-006953,Logic IC,Iddq,µA,LOT-01,123.78,9.6692,11.0868,20.6423,42.8065
CMP-006954,Memory IC,Standby Current,µA,LOT-19,127.16,24.2381,24.9962,25.6262,25.7469
CMP-006955,ADC,Leakage Current,µA,LOT-16,125.07,5.0719,5.6034,12.162,23.5111
CMP-006956,Driver IC,Propagation Delay,ns,LOT-16,122.78,17.8337,27.281,18.4723,19.2158
CMP-006957,Logic IC,Iddq,µA,LOT-07,123.63,9.9247,10.049,10.3894,10.7505
CMP-006958,Memory IC,Standby Current,µA,LOT-20,126.62,24.7151,26.6421,46.2353,83.7045
CMP-006959,ADC,Leakage Current,µA,LOT-20,125.23,5.0968,5.2708,5.4252,5.471
CMP-006960,Driver IC,Propagation Delay,ns,LOT-17,122.27,17.7779,19.1133,25.1681,38.9991
CMP-006961,Logic IC,Iddq,µA,LOT-14,123.23,10.6933,10.7215,11.0336,11.6646
CMP-006962,Memory IC,Standby Current,µA,LOT-16,124.0,24.4702,24.8021,24.442,25.3346
CMP-006963,ADC,Leakage Current,µA,LOT-12,124.35,5.2035,5.3334,5.4312,5.5115
CMP-006964,Driver IC,Propagation Delay,ns,LOT-06,124.19,17.1087,17.7601,18.2403,18.3091
CMP-006965,Logic IC,Iddq,µA,LOT-11,125.9,10.1931,10.7001,10.6957,10.8926
CMP-006966,Memory IC,Standby Current,µA,LOT-03,123.11,25.283,27.3613,44.191,82.4438
CMP-006967,ADC,Leakage Current,µA,LOT-01,124.53,5.1499,5.3306,5.5143,5.6365
CMP-006968,Driver IC,Propagation Delay,ns,LOT-08,124.37,18.398,18.5683,18.9648,19.0602
CMP-006969,Logic IC,Iddq,µA,LOT-07,127.32,9.6451,9.7641,10.2169,10.4589
CMP-006970,Memory IC,Standby Current,µA,LOT-11,127.44,25.0094,29.2966,40.3399,68.4993
CMP-006971,ADC,Leakage Current,µA,LOT-06,124.66,4.6763,6.2938,9.5308,16.1673
CMP-006972,Driver IC,Propagation Delay,ns,LOT-04,126.46,19.0287,19.1447,19.1619,18.8574
CMP-006973,Logic IC,Iddq,µA,LOT-14,124.96,10.2495,12.8271,21.5649,35.8412
CMP-006974,Memory IC,Standby Current,µA,LOT-02,124.65,25.183,25.8444,26.1426,26.0447
CMP-006975,ADC,Leakage Current,µA,LOT-16,125.99,4.9132,4.9977,5.1393,5.3957
CMP-006976,Driver IC,Propagation Delay,ns,LOT-01,124.52,17.7212,18.0324,17.7429,18.2203
CMP-006977,Logic IC,Iddq,µA,LOT-20,126.58,10.491,12.1823,19.9659,34.4587
CMP-006978,Memory IC,Standby Current,µA,LOT-13,124.89,25.0694,27.7895,39.702,60.2949
CMP-006979,ADC,Leakage Current,µA,LOT-17,124.46,5.3281,5.9008,11.455,24.3132
CMP-006980,Driver IC,Propagation Delay,ns,LOT-16,125.81,17.8112,27.1697,19.1518,21.9744
CMP-006981,Logic IC,Iddq,µA,LOT-05,125.2,9.9233,10.123,10.3529,10.4332
CMP-006982,Memory IC,Standby Current,µA,LOT-11,123.85,24.9556,46.5126,28.5187,33.1588
CMP-006983,ADC,Leakage Current,µA,LOT-16,124.13,4.7825,5.0691,5.2743,5.3295
CMP-006984,Driver IC,Propagation Delay,ns,LOT-12,126.23,17.5466,19.5326,26.3279,41.5843
CMP-006985,Logic IC,Iddq,µA,LOT-05,125.24,9.4781,19.1565,11.5092,13.1188
CMP-006986,Memory IC,Standby Current,µA,LOT-09,121.55,25.5187,25.4024,25.5722,26.4155
CMP-006987,ADC,Leakage Current,µA,LOT-09,127.11,5.097,5.2289,5.3536,5.5756
CMP-006988,Driver IC,Propagation Delay,ns,LOT-11,124.3,17.7631,20.5698,25.3137,38.5544
CMP-006989,Logic IC,Iddq,µA,LOT-17,127.47,10.2839,10.8022,10.9152,10.886
CMP-006990,Memory IC,Standby Current,µA,LOT-07,123.09,25.3441,25.5938,25.8778,26.0414
CMP-006991,ADC,Leakage Current,µA,LOT-13,123.83,4.8459,4.9538,5.0997,5.2438
CMP-006992,Driver IC,Propagation Delay,ns,LOT-19,123.84,18.1824,19.7882,28.0694,40.6334
CMP-006993,Logic IC,Iddq,µA,LOT-09,125.85,9.9199,19.159,10.5725,13.1976
CMP-006994,Memory IC,Standby Current,µA,LOT-17,125.78,24.7395,26.7775,43.3543,63.2265
CMP-006995,ADC,Leakage Current,µA,LOT-08,124.41,4.7386,5.054,5.1446,5.3176
CMP-006996,Driver IC,Propagation Delay,ns,LOT-01,123.8,18.198,30.6784,19.2814,20.4999
CMP-006997,Logic IC,Iddq,µA,LOT-16,125.54,9.7588,11.991,21.9773,33.7728
CMP-006998,Memory IC,Standby Current,µA,LOT-03,124.38,25.0711,29.0002,39.5679,71.0337
CMP-006999,ADC,Leakage Current,µA,LOT-12,124.9,4.9765,6.7502,10.231,18.4859
CMP-007000,Driver IC,Propagation Delay,ns,LOT-03,125.8,18.4345,19.9226,26.5657,36.1604
CMP-007001,Logic IC,Iddq,µA,LOT-10,121.73,9.8199,10.1511,10.0861,10.3191
CMP-007002,Memory IC,Standby Current,µA,LOT-17,128.37,26.109,26.2919,27.4049,27.3935
CMP-007003,ADC,Leakage Current,µA,LOT-19,126.12,4.8591,5.1652,5.1416,5.4323
CMP-007004,Driver IC,Propagation Delay,ns,LOT-10,122.6,17.8623,17.8382,18.4092,18.6073
CMP-007005,Logic IC,Iddq,µA,LOT-18,126.46,10.0103,10.3721,10.6925,10.591
CMP-007006,Memory IC,Standby Current,µA,LOT-20,125.35,25.0707,29.8168,43.0699,70.132
CMP-007007,ADC,Leakage Current,µA,LOT-11,124.92,4.9502,6.4065,10.7188,17.8346
CMP-007008,Driver IC,Propagation Delay,ns,LOT-04,124.55,18.3928,19.0322,19.0225,19.356
CMP-007009,Logic IC,Iddq,µA,LOT-16,124.53,10.014,10.0017,10.3142,10.4179
CMP-007010,Memory IC,Standby Current,µA,LOT-10,125.01,25.0539,25.3364,25.0218,25.4174
CMP-007011,ADC,Leakage Current,µA,LOT-09,126.81,4.683,4.7637,4.8867,5.1146
CMP-007012,Driver IC,Propagation Delay,ns,LOT-15,127.26,17.3539,18.9561,28.008,44.3439
CMP-007013,Logic IC,Iddq,µA,LOT-08,124.42,9.9939,10.3779,10.7416,11.194
CMP-007014,Memory IC,Standby Current,µA,LOT-04,125.37,25.1729,27.4262,45.3037,85.6667
CMP-007015,ADC,Leakage Current,µA,LOT-05,124.36,4.7781,6.6028,10.4377,22.2018
CMP-007016,Driver IC,Propagation Delay,ns,LOT-04,124.38,18.4923,18.5802,19.2264,19.2211
CMP-007017,Logic IC,Iddq,µA,LOT-04,124.75,10.4999,10.3387,10.5836,10.8946
CMP-007018,Memory IC,Standby Current,µA,LOT-12,126.34,25.1908,40.0947,27.553,31.9949
CMP-007019,ADC,Leakage Current,µA,LOT-16,123.94,4.8703,5.0451,5.1715,5.3608
CMP-007020,Driver IC,Propagation Delay,ns,LOT-17,126.92,17.4406,19.2158,25.5471,40.7776
CMP-007021,Logic IC,Iddq,µA,LOT-06,125.24,9.6627,10.9055,20.4181,33.8617
CMP-007022,Memory IC,Standby Current,µA,LOT-09,125.63,25.5403,30.3449,44.2589,63.5661
CMP-007023,ADC,Leakage Current,µA,LOT-02,126.09,4.8025,5.051,5.0866,5.4038
CMP-007024,Driver IC,Propagation Delay,ns,LOT-08,125.49,17.7272,17.964,18.3288,18.1023
CMP-007025,Logic IC,Iddq,µA,LOT-02,127.4,9.8247,25.476,10.4789,12.1059
CMP-007026,Memory IC,Standby Current,µA,LOT-09,126.33,25.3225,28.5063,43.3378,72.3316
CMP-007027,ADC,Leakage Current,µA,LOT-11,122.96,5.1849,5.2193,5.467,5.6128
CMP-007028,Driver IC,Propagation Delay,ns,LOT-14,127.56,18.419,18.962,18.6307,19.057
CMP-007029,Logic IC,Iddq,µA,LOT-09,122.73,9.4512,9.4851,9.8142,10.2408
CMP-007030,Memory IC,Standby Current,µA,LOT-19,124.27,25.2221,25.5257,25.9327,26.382
CMP-007031,ADC,Leakage Current,µA,LOT-12,128.7,5.0256,5.1431,5.3449,5.4258
CMP-007032,Driver IC,Propagation Delay,ns,LOT-12,126.03,17.997,30.3384,19.8168,20.4869
CMP-007033,Logic IC,Iddq,µA,LOT-20,126.16,10.0297,9.9198,10.4558,10.7124
CMP-007034,Memory IC,Standby Current,µA,LOT-05,122.55,24.3153,25.3705,25.7361,25.6908
CMP-007035,ADC,Leakage Current,µA,LOT-08,125.05,4.8893,5.9252,10.9873,24.3778
CMP-007036,Driver IC,Propagation Delay,ns,LOT-06,125.23,18.5853,18.6209,18.6677,19.0478
CMP-007037,Logic IC,Iddq,µA,LOT-07,126.27,9.7957,11.7497,19.8285,32.3237
CMP-007038,Memory IC,Standby Current,µA,LOT-05,125.2,25.0297,25.258,25.1997,26.6016
CMP-007039,ADC,Leakage Current,µA,LOT-09,124.49,5.2153,5.371,5.5929,5.7609
CMP-007040,Driver IC,Propagation Delay,ns,LOT-16,123.66,18.2118,18.1067,18.1032,18.6672
CMP-007041,Logic IC,Iddq,µA,LOT-03,125.97,9.8341,9.9818,10.4003,10.6637
CMP-007042,Memory IC,Standby Current,µA,LOT-18,124.86,25.1027,25.2336,25.9062,26.2021
CMP-007043,ADC,Leakage Current,µA,LOT-12,122.51,5.2766,5.3064,5.4887,5.6838
CMP-007044,Driver IC,Propagation Delay,ns,LOT-13,126.01,18.149,18.1366,18.6319,18.6586
CMP-007045,Logic IC,Iddq,µA,LOT-09,123.21,9.8842,10.2091,10.336,10.6295
CMP-007046,Memory IC,Standby Current,µA,LOT-15,126.22,24.9222,27.7011,36.8215,56.0185
CMP-007047,ADC,Leakage Current,µA,LOT-15,124.12,5.0768,6.2757,11.2463,20.3887
CMP-007048,Driver IC,Propagation Delay,ns,LOT-03,124.41,17.3363,17.7929,17.9745,18.1453
CMP-007049,Logic IC,Iddq,µA,LOT-16,126.99,9.9494,10.0167,10.465,10.2909
CMP-007050,Memory IC,Standby Current,µA,LOT-11,125.01,25.5985,25.4555,26.0512,26.2778
CMP-007051,ADC,Leakage Current,µA,LOT-15,123.24,5.2543,5.2273,5.4306,5.579
CMP-007052,Driver IC,Propagation Delay,ns,LOT-01,125.87,18.7413,18.9035,19.2715,19.598
CMP-007053,Logic IC,Iddq,µA,LOT-10,124.43,9.8073,12.1136,19.3088,32.8219
CMP-007054,Memory IC,Standby Current,µA,LOT-06,125.25,24.4099,25.1747,25.6169,26.199
CMP-007055,ADC,Leakage Current,µA,LOT-12,125.6,5.2764,5.5454,5.6173,5.7784
CMP-007056,Driver IC,Propagation Delay,ns,LOT-08,124.4,18.1919,20.4739,26.8081,35.4328
CMP-007057,Logic IC,Iddq,µA,LOT-20,125.27,9.886,10.3988,10.3667,10.9392
CMP-007058,Memory IC,Standby Current,µA,LOT-02,124.65,24.9702,27.6798,37.0824,54.1228
CMP-007059,ADC,Leakage Current,µA,LOT-09,124.81,4.9182,5.7063,13.0124,24.7669
CMP-007060,Driver IC,Propagation Delay,ns,LOT-18,125.79,17.6057,17.8073,18.2878,18.3496
CMP-007061,Logic IC,Iddq,µA,LOT-18,126.33,9.9604,9.8756,10.1929,10.608
CMP-007062,Memory IC,Standby Current,µA,LOT-02,125.22,24.0525,28.6655,43.2674,68.0305
CMP-007063,ADC,Leakage Current,µA,LOT-01,126.3,5.1638,6.6905,11.2884,21.4498
CMP-007064,Driver IC,Propagation Delay,ns,LOT-10,124.0,17.9075,17.6735,18.2792,17.9943
CMP-007065,Logic IC,Iddq,µA,LOT-05,122.46,9.7376,12.2681,19.6542,36.2675
CMP-007066,Memory IC,Standby Current,µA,LOT-08,126.56,24.7627,24.8479,25.3803,25.8552
CMP-007067,ADC,Leakage Current,µA,LOT-17,124.04,4.7647,4.871,5.0771,5.1944
CMP-007068,Driver IC,Propagation Delay,ns,LOT-09,124.83,16.8583,18.9469,24.5004,37.8586
CMP-007069,Logic IC,Iddq,µA,LOT-02,126.5,9.9175,10.3137,10.3708,10.5835
CMP-007070,Memory IC,Standby Current,µA,LOT-04,124.85,24.9088,25.6614,26.191,26.2201
CMP-007071,ADC,Leakage Current,µA,LOT-06,122.5,4.7478,4.875,5.1465,5.2921
CMP-007072,Driver IC,Propagation Delay,ns,LOT-01,122.86,17.5314,18.4421,18.5125,18.4988
CMP-007073,Logic IC,Iddq,µA,LOT-19,125.37,9.8949,11.231,20.0904,45.1297
CMP-007074,Memory IC,Standby Current,µA,LOT-17,127.07,25.5019,25.8561,26.1652,26.4758
CMP-007075,ADC,Leakage Current,µA,LOT-15,126.66,5.0684,5.1813,5.3255,5.5257
CMP-007076,Driver IC,Propagation Delay,ns,LOT-01,123.2,17.9422,18.0658,18.3275,18.4358
CMP-007077,Logic IC,Iddq,µA,LOT-03,125.69,9.9873,10.2966,10.8232,11.1065
CMP-007078,Memory IC,Standby Current,µA,LOT-14,124.61,26.2494,26.108,26.3966,26.7206
CMP-007079,ADC,Leakage Current,µA,LOT-15,124.4,4.9514,6.0076,11.176,17.6146
CMP-007080,Driver IC,Propagation Delay,ns,LOT-07,123.63,17.8961,18.2279,18.6845,18.9745
CMP-007081,Logic IC,Iddq,µA,LOT-07,121.72,10.0931,23.9573,11.6833,13.6433
CMP-007082,Memory IC,Standby Current,µA,LOT-05,126.56,24.3461,25.7769,37.0589,72.5236
CMP-007083,ADC,Leakage Current,µA,LOT-05,125.92,4.7293,5.6561,10.5185,22.8534
CMP-007084,Driver IC,Propagation Delay,ns,LOT-02,123.42,17.3087,19.6567,27.1286,37.2231
CMP-007085,Logic IC,Iddq,µA,LOT-03,125.21,10.2035,10.4429,10.562,11.0093
CMP-007086,Memory IC,Standby Current,µA,LOT-12,124.79,25.5072,29.5034,43.4047,72.0007
CMP-007087,ADC,Leakage Current,µA,LOT-16,128.23,4.8843,5.0748,5.0938,5.2701
CMP-007088,Driver IC,Propagation Delay,ns,LOT-19,126.08,18.2321,18.6799,18.6344,18.5254
CMP-007089,Logic IC,Iddq,µA,LOT-18,124.69,9.6591,9.7045,10.0885,10.3982
CMP-007090,Memory IC,Standby Current,µA,LOT-15,123.27,26.6187,26.8974,27.1482,27.9229
CMP-007091,ADC,Leakage Current,µA,LOT-19,121.61,5.0968,5.2694,5.4081,5.5571
CMP-007092,Driver IC,Propagation Delay,ns,LOT-09,126.05,18.0087,18.0121,18.6107,18.6354
CMP-007093,Logic IC,Iddq,µA,LOT-08,125.9,9.8716,10.209,10.4564,10.7342
CMP-007094,Memory IC,Standby Current,µA,LOT-19,123.97,25.6671,25.7847,26.0184,26.8949
CMP-007095,ADC,Leakage Current,µA,LOT-18,127.12,4.8077,12.5367,5.7934,6.4893
CMP-007096,Driver IC,Propagation Delay,ns,LOT-20,127.48,17.8926,18.0436,18.0665,18.4319
CMP-007097,Logic IC,Iddq,µA,LOT-20,126.55,10.0064,11.9194,20.1726,31.9454
CMP-007098,Memory IC,Standby Current,µA,LOT-11,128.29,24.4169,24.5707,25.2434,25.8588
CMP-007099,ADC,Leakage Current,µA,LOT-03,124.04,5.2552,14.7383,5.6757,6.4705
CMP-007100,Driver IC,Propagation Delay,ns,LOT-01,125.93,18.0378,17.9602,18.0816,18.481
CMP-007101,Logic IC,Iddq,µA,LOT-08,123.91,9.8374,10.2351,10.3424,10.5033
CMP-007102,Memory IC,Standby Current,µA,LOT-03,126.54,25.1791,27.3065,42.4988,66.2332
CMP-007103,ADC,Leakage Current,µA,LOT-01,124.46,5.0912,5.1379,5.3136,5.5102
CMP-007104,Driver IC,Propagation Delay,ns,LOT-07,126.62,18.9051,20.1928,29.9257,49.0486
CMP-007105,Logic IC,Iddq,µA,LOT-02,124.53,10.1487,10.5568,10.6549,10.9809
CMP-007106,Memory IC,Standby Current,µA,LOT-12,124.59,25.1788,25.6925,25.8946,26.2739
CMP-007107,ADC,Leakage Current,µA,LOT-19,125.85,4.8816,6.1281,10.5888,19.3556
CMP-007108,Driver IC,Propagation Delay,ns,LOT-14,125.59,17.9776,17.8339,18.1025,18.1771
CMP-007109,Logic IC,Iddq,µA,LOT-10,126.67,9.7992,10.2951,10.4519,10.4068
CMP-007110,Memory IC,Standby Current,µA,LOT-01,124.94,23.936,24.1478,24.8748,24.6006
CMP-007111,ADC,Leakage Current,µA,LOT-09,125.06,5.1199,5.3207,5.5536,5.7442
CMP-007112,Driver IC,Propagation Delay,ns,LOT-14,121.16,18.2367,19.8438,27.6884,38.6701
CMP-007113,Logic IC,Iddq,µA,LOT-03,123.36,10.1536,10.4183,10.6589,10.8582
CMP-007114,Memory IC,Standby Current,µA,LOT-14,125.2,26.3416,27.8659,43.5504,64.3214
CMP-007115,ADC,Leakage Current,µA,LOT-05,124.92,4.7336,5.0058,5.1559,5.317
CMP-007116,Driver IC,Propagation Delay,ns,LOT-17,126.05,17.7602,19.6206,27.4603,43.2223
CMP-007117,Logic IC,Iddq,µA,LOT-16,125.84,9.8663,12.5806,19.8605,34.782
CMP-007118,Memory IC,Standby Current,µA,LOT-17,125.03,24.6901,25.3112,25.5641,26.0394
CMP-007119,ADC,Leakage Current,µA,LOT-17,125.33,5.2061,5.1353,5.514,5.643
CMP-007120,Driver IC,Propagation Delay,ns,LOT-18,125.3,17.9252,29.6394,18.5813,20.336
CMP-007121,Logic IC,Iddq,µA,LOT-13,124.63,9.509,11.7533,21.1826,35.8947
CMP-007122,Memory IC,Standby Current,µA,LOT-05,122.9,24.591,24.9186,25.1612,25.7097
CMP-007123,ADC,Leakage Current,µA,LOT-05,123.98,4.4108,4.6954,4.7822,4.9132
CMP-007124,Driver IC,Propagation Delay,ns,LOT-04,126.72,17.6582,18.2471,18.3251,18.5756
CMP-007125,Logic IC,Iddq,µA,LOT-13,124.86,9.7704,10.2911,10.4702,10.5021
CMP-007126,Memory IC,Standby Current,µA,LOT-18,125.85,24.4835,28.2507,36.2177,52.0489
CMP-007127,ADC,Leakage Current,µA,LOT-13,123.19,4.9118,6.2711,11.806,19.7707
CMP-007128,Driver IC,Propagation Delay,ns,LOT-10,124.58,17.4595,19.4002,26.521,39.562
CMP-007129,Logic IC,Iddq,µA,LOT-09,126.71,9.6902,12.3124,18.1345,29.4548
CMP-007130,Memory IC,Standby Current,µA,LOT-14,124.89,25.3072,29.6405,43.9431,64.8299
CMP-007131,ADC,Leakage Current,µA,LOT-07,123.32,5.2707,6.9234,10.685,20.9726
CMP-007132,Driver IC,Propagation Delay,ns,LOT-09,126.66,17.0858,17.3306,17.3805,17.4855
CMP-007133,Logic IC,Iddq,µA,LOT-03,126.15,10.4624,13.2197,22.0799,35.7526
CMP-007134,Memory IC,Standby Current,µA,LOT-18,125.79,24.9488,27.2473,38.6521,62.2708
CMP-007135,ADC,Leakage Current,µA,LOT-06,124.47,4.6655,4.9747,5.1198,5.1048
CMP-007136,Driver IC,Propagation Delay,ns,LOT-11,124.87,17.7971,18.2812,18.3616,18.2269
CMP-007137,Logic IC,Iddq,µA,LOT-14,127.3,10.4127,13.1047,23.165,33.7861
CMP-007138,Memory IC,Standby Current,µA,LOT-01,123.47,24.7996,26.5199,44.0924,65.9903
CMP-007139,ADC,Leakage Current,µA,LOT-02,121.86,4.9179,5.0361,5.1116,5.3793
CMP-007140,Driver IC,Propagation Delay,ns,LOT-09,125.71,18.3949,19.5594,26.1339,35.9441
CMP-007141,Logic IC,Iddq,µA,LOT-19,128.09,10.0699,26.0185,11.5174,13.4984
CMP-007142,Memory IC,Standby Current,µA,LOT-01,125.67,25.9099,28.5257,40.058,61.4115
CMP-007143,ADC,Leakage Current,µA,LOT-12,125.56,5.1622,6.3145,9.3195,16.3639
CMP-007144,Driver IC,Propagation Delay,ns,LOT-11,124.22,17.8049,18.1395,18.3238,18.4578
CMP-007145,Logic IC,Iddq,µA,LOT-07,125.87,9.9132,10.1951,10.683,10.7929
CMP-007146,Memory IC,Standby Current,µA,LOT-18,126.12,24.5919,25.8571,25.6269,26.3174
CMP-007147,ADC,Leakage Current,µA,LOT-08,124.01,5.2899,7.0844,12.0307,21.3795
CMP-007148,Driver IC,Propagation Delay,ns,LOT-10,128.07,18.4468,19.4725,25.8288,35.3249
CMP-007149,Logic IC,Iddq,µA,LOT-17,123.81,9.8537,10.0937,10.1139,10.6018
CMP-007150,Memory IC,Standby Current,µA,LOT-13,126.3,24.6304,28.8052,41.3635,62.5922
CMP-007151,ADC,Leakage Current,µA,LOT-05,123.55,4.6287,4.8968,5.0032,5.132
CMP-007152,Driver IC,Propagation Delay,ns,LOT-17,123.41,18.11,18.0248,18.3706,18.6186
CMP-007153,Logic IC,Iddq,µA,LOT-15,126.11,10.248,10.8095,10.995,11.3874
CMP-007154,Memory IC,Standby Current,µA,LOT-16,125.11,24.8668,49.9336,27.0447,30.3345
CMP-007155,ADC,Leakage Current,µA,LOT-19,125.72,4.9042,5.7589,10.4863,25.157
CMP-007156,Driver IC,Propagation Delay,ns,LOT-02,124.4,17.2078,17.8244,17.7564,17.8853
CMP-007157,Logic IC,Iddq,µA,LOT-13,125.72,10.1915,11.8493,23.6624,48.1491
CMP-007158,Memory IC,Standby Current,µA,LOT-12,122.85,25.6652,26.5555,26.921,26.7253
CMP-007159,ADC,Leakage Current,µA,LOT-12,125.66,5.2736,5.93,13.2256,27.0327
CMP-007160,Driver IC,Propagation Delay,ns,LOT-08,126.06,18.3831,18.4734,18.7733,18.4065
CMP-007161,Logic IC,Iddq,µA,LOT-12,125.58,10.1921,10.4836,10.7614,11.1089
CMP-007162,Memory IC,Standby Current,µA,LOT-20,124.88,26.2781,37.9072,28.4141,29.4275
CMP-007163,ADC,Leakage Current,µA,LOT-02,123.9,4.6449,5.2504,10.9929,18.7168
CMP-007164,Driver IC,Propagation Delay,ns,LOT-03,125.47,18.3292,19.8137,29.7572,45.1291
CMP-007165,Logic IC,Iddq,µA,LOT-02,126.69,9.442,19.0774,10.6391,13.72
CMP-007166,Memory IC,Standby Current,µA,LOT-20,123.17,25.63,25.8316,26.1734,26.6574
CMP-007167,ADC,Leakage Current,µA,LOT-20,127.47,4.7477,6.0888,10.9256,17.556
CMP-007168,Driver IC,Propagation Delay,ns,LOT-14,125.66,18.4987,18.4706,18.7467,19.065
CMP-007169,Logic IC,Iddq,µA,LOT-11,129.18,10.1038,11.3121,19.2157,43.8289
CMP-007170,Memory IC,Standby Current,µA,LOT-07,123.87,24.6935,25.1552,25.7195,26.4423
CMP-007171,ADC,Leakage Current,µA,LOT-11,121.28,5.3213,12.228,6.6332,7.1285
CMP-007172,Driver IC,Propagation Delay,ns,LOT-09,123.38,18.3249,18.423,18.7119,19.091
CMP-007173,Logic IC,Iddq,µA,LOT-09,124.41,10.0273,10.1404,10.3512,10.9464
CMP-007174,Memory IC,Standby Current,µA,LOT-04,121.82,25.4229,28.8844,40.6335,61.5263
CMP-007175,ADC,Leakage Current,µA,LOT-11,126.4,5.3183,6.7508,10.1832,20.0865
CMP-007176,Driver IC,Propagation Delay,ns,LOT-08,124.56,18.0531,18.4405,18.1542,18.6047
CMP-007177,Logic IC,Iddq,µA,LOT-03,122.93,10.4502,12.569,21.9138,35.305
CMP-007178,Memory IC,Standby Current,µA,LOT-18,124.62,25.296,25.7117,26.3686,27.7361
CMP-007179,ADC,Leakage Current,µA,LOT-05,125.6,4.6995,5.0084,5.1163,5.1393
CMP-007180,Driver IC,Propagation Delay,ns,LOT-10,122.61,18.2329,18.4823,18.2283,18.7723
CMP-007181,Logic IC,Iddq,µA,LOT-17,124.38,9.4776,9.8169,9.8441,10.4148
CMP-007182,Memory IC,Standby Current,µA,LOT-19,125.56,25.7721,26.4323,26.2687,26.5381
CMP-007183,ADC,Leakage Current,µA,LOT-07,125.26,4.9738,5.1783,5.4149,5.497
CMP-007184,Driver IC,Propagation Delay,ns,LOT-16,124.22,17.7606,19.4824,26.9173,42.6984
CMP-007185,Logic IC,Iddq,µA,LOT-08,127.62,9.5869,9.9285,10.2216,10.4747
CMP-007186,Memory IC,Standby Current,µA,LOT-17,125.71,24.2579,25.0796,26.2658,26.3215
CMP-007187,ADC,Leakage Current,µA,LOT-11,125.96,5.368,15.537,5.6857,5.9429
CMP-007188,Driver IC,Propagation Delay,ns,LOT-15,126.67,17.786,18.7319,26.7391,39.4807
CMP-007189,Logic IC,Iddq,µA,LOT-04,125.28,10.0884,12.7709,18.849,36.3635
CMP-007190,Memory IC,Standby Current,µA,LOT-18,124.94,24.6617,24.7273,25.0888,25.0768
CMP-007191,ADC,Leakage Current,µA,LOT-20,123.38,5.1314,5.0767,5.2772,5.4126
CMP-007192,Driver IC,Propagation Delay,ns,LOT-01,125.61,18.0882,19.3041,26.9449,39.7164
CMP-007193,Logic IC,Iddq,µA,LOT-14,125.3,10.2708,10.534,10.9264,10.8261
CMP-007194,Memory IC,Standby Current,µA,LOT-19,124.66,25.3016,25.5724,25.7337,26.2313
CMP-007195,ADC,Leakage Current,µA,LOT-02,125.48,4.8208,14.08,5.695,6.6422
CMP-007196,Driver IC,Propagation Delay,ns,LOT-11,128.39,17.5932,25.8223,19.7054,22.5762
CMP-007197,Logic IC,Iddq,µA,LOT-08,122.66,10.2413,10.1577,10.7397,10.8939
CMP-007198,Memory IC,Standby Current,µA,LOT-14,123.89,25.4178,29.014,42.8322,71.8392
CMP-007199,ADC,Leakage Current,µA,LOT-09,123.59,5.0382,5.3297,5.5007,5.6392
CMP-007200,Driver IC,Propagation Delay,ns,LOT-13,127.74,18.0338,25.0796,19.6064,21.5816
CMP-007201,Logic IC,Iddq,µA,LOT-02,124.52,9.7141,10.0417,10.4364,10.8279
CMP-007202,Memory IC,Standby Current,µA,LOT-05,128.92,24.2935,25.1998,25.1651,26.4389
CMP-007203,ADC,Leakage Current,µA,LOT-11,123.24,5.2061,5.3858,5.5655,5.6685
CMP-007204,Driver IC,Propagation Delay,ns,LOT-07,123.8,17.8674,30.9756,19.3539,22.0507
CMP-007205,Logic IC,Iddq,µA,LOT-05,124.75,9.7847,11.8432,19.261,29.9083
CMP-007206,Memory IC,Standby Current,µA,LOT-13,125.31,25.3255,45.518,28.774,33.9092
CMP-007207,ADC,Leakage Current,µA,LOT-13,125.51,4.8751,5.1536,5.3795,5.5639
CMP-007208,Driver IC,Propagation Delay,ns,LOT-12,123.02,18.2652,31.4582,20.098,22.4357
CMP-007209,Logic IC,Iddq,µA,LOT-05,126.97,9.5184,11.0601,18.9691,35.0759
CMP-007210,Memory IC,Standby Current,µA,LOT-01,124.54,24.8095,27.4162,43.3992,63.9874
CMP-007211,ADC,Leakage Current,µA,LOT-13,124.34,5.0191,5.3128,5.3714,5.6186
CMP-007212,Driver IC,Propagation Delay,ns,LOT-07,121.73,18.2201,18.1495,18.6191,18.8507
CMP-007213,Logic IC,Iddq,µA,LOT-02,124.59,10.148,10.3692,10.7888,10.9144
CMP-007214,Memory IC,Standby Current,µA,LOT-05,123.37,24.7468,25.6945,25.4151,26.4419
CMP-007215,ADC,Leakage Current,µA,LOT-16,123.95,5.0003,5.8862,10.2935,20.3597
CMP-007216,Driver IC,Propagation Delay,ns,LOT-18,125.38,17.3559,17.7347,18.0559,18.7282
CMP-007217,Logic IC,Iddq,µA,LOT-05,125.51,9.5054,9.873,10.1834,10.5204
CMP-007218,Memory IC,Standby Current,µA,LOT-15,127.11,25.2006,29.3679,40.2293,60.3873
CMP-007219,ADC,Leakage Current,µA,LOT-16,126.08,4.8053,5.7253,12.7919,24.7698
CMP-007220,Driver IC,Propagation Delay,ns,LOT-15,125.45,18.1289,25.6568,19.371,19.9785
CMP-007221,Logic IC,Iddq,µA,LOT-05,125.41,9.4645,9.8994,10.1874,10.2621
CMP-007222,Memory IC,Standby Current,µA,LOT-11,123.71,25.3591,27.3918,40.2826,76.7889
CMP-007223,ADC,Leakage Current,µA,LOT-12,124.64,5.2724,5.4055,5.6203,5.6948
CMP-007224,Driver IC,Propagation Delay,ns,LOT-03,121.12,17.9178,18.2239,18.2591,18.4955
CMP-007225,Logic IC,Iddq,µA,LOT-17,123.48,10.1574,11.9692,21.8563,36.8902
CMP-007226,Memory IC,Standby Current,µA,LOT-03,126.45,25.2852,29.4918,41.509,69.9442
CMP-007227,ADC,Leakage Current,µA,LOT-02,125.94,4.7399,11.7354,6.1158,6.8296
CMP-007228,Driver IC,Propagation Delay,ns,LOT-07,123.92,18.8833,18.9669,18.7445,19.1377
CMP-007229,Logic IC,Iddq,µA,LOT-14,121.28,10.0066,10.3724,10.5385,10.7538
CMP-007230,Memory IC,Standby Current,µA,LOT-10,122.75,25.3436,27.6244,41.8291,67.7073
CMP-007231,ADC,Leakage Current,µA,LOT-02,126.61,4.5791,4.7854,4.8486,5.096
CMP-007232,Driver IC,Propagation Delay,ns,LOT-08,121.81,18.0836,20.796,26.4451,39.5057
CMP-007233,Logic IC,Iddq,µA,LOT-10,124.76,9.9608,10.254,10.4714,10.7497
CMP-007234,Memory IC,Standby Current,µA,LOT-16,126.11,24.4154,25.3066,25.2535,25.5732
CMP-007235,ADC,Leakage Current,µA,LOT-07,126.42,5.1851,5.4616,5.5878,5.8499
CMP-007236,Driver IC,Propagation Delay,ns,LOT-09,122.5,18.7599,18.6149,18.8697,18.9264
CMP-007237,Logic IC,Iddq,µA,LOT-20,125.49,9.7154,9.8363,9.8005,10.1898
CMP-007238,Memory IC,Standby Current,µA,LOT-02,125.55,24.248,24.7152,25.6977,25.9947
CMP-007239,ADC,Leakage Current,µA,LOT-18,120.98,5.0216,5.2083,5.3107,5.4402
CMP-007240,Driver IC,Propagation Delay,ns,LOT-05,125.33,17.5703,18.1913,17.8157,18.2369
CMP-007241,Logic IC,Iddq,µA,LOT-18,123.97,10.051,12.4685,18.3658,34.854
CMP-007242,Memory IC,Standby Current,µA,LOT-06,124.4,24.7172,24.3816,25.2536,25.3098
CMP-007243,ADC,Leakage Current,µA,LOT-11,126.45,5.0233,5.4114,5.5157,5.6172
CMP-007244,Driver IC,Propagation Delay,ns,LOT-15,123.63,18.5851,18.4663,18.7983,19.1647
CMP-007245,Logic IC,Iddq,µA,LOT-07,125.94,9.9611,10.3842,10.7623,10.7864
CMP-007246,Memory IC,Standby Current,µA,LOT-05,124.04,24.8948,25.4179,25.1145,25.168
CMP-007247,ADC,Leakage Current,µA,LOT-10,126.76,4.9485,5.004,5.3164,5.4749
CMP-007248,Driver IC,Propagation Delay,ns,LOT-20,123.96,17.4614,19.0483,26.0819,37.1329
CMP-007249,Logic IC,Iddq,µA,LOT-09,126.34,10.3993,12.0872,18.7887,33.6234
CMP-007250,Memory IC,Standby Current,µA,LOT-04,125.3,25.3427,46.8227,27.428,31.8461
CMP-007251,ADC,Leakage Current,µA,LOT-11,124.21,5.2496,6.2079,10.1079,16.4318
CMP-007252,Driver IC,Propagation Delay,ns,LOT-05,126.05,17.2542,17.2363,17.4961,17.4232
CMP-007253,Logic IC,Iddq,µA,LOT-04,125.24,10.3201,10.6869,10.9417,11.4186
CMP-007254,Memory IC,Standby Current,µA,LOT-05,124.64,24.3686,24.3999,25.5571,25.299
CMP-007255,ADC,Leakage Current,µA,LOT-09,122.75,4.8948,5.9572,10.029,19.5265
CMP-007256,Driver IC,Propagation Delay,ns,LOT-01,125.24,18.3035,18.2858,18.1034,18.7548
CMP-007257,Logic IC,Iddq,µA,LOT-06,124.54,9.5518,11.8121,17.0942,35.0994
CMP-007258,Memory IC,Standby Current,µA,LOT-08,125.92,24.0924,47.015,25.8462,30.68
CMP-007259,ADC,Leakage Current,µA,LOT-18,124.89,4.6449,4.9266,4.9829,5.1408
CMP-007260,Driver IC,Propagation Delay,ns,LOT-09,125.98,17.6063,18.028,17.9455,18.4725
CMP-007261,Logic IC,Iddq,µA,LOT-09,124.51,9.6622,9.7233,9.8288,10.0444
CMP-007262,Memory IC,Standby Current,µA,LOT-08,126.43,25.5964,26.2607,26.2131,26.5495
CMP-007263,ADC,Leakage Current,µA,LOT-16,126.84,4.9348,5.0702,5.4118,5.5731
CMP-007264,Driver IC,Propagation Delay,ns,LOT-08,125.31,18.2339,26.75,19.0187,21.1998
CMP-007265,Logic IC,Iddq,µA,LOT-17,126.72,9.6438,9.5716,9.9876,10.1633
CMP-007266,Memory IC,Standby Current,µA,LOT-08,125.5,24.9729,25.4822,25.6747,26.3536
CMP-007267,ADC,Leakage Current,µA,LOT-02,124.34,4.8243,4.9136,4.891,5.1273
CMP-007268,Driver IC,Propagation Delay,ns,LOT-16,126.32,18.2425,17.9884,17.9856,18.1992
CMP-007269,Logic IC,Iddq,µA,LOT-06,126.27,9.7516,22.3303,11.6781,14.2871
CMP-007270,Memory IC,Standby Current,µA,LOT-11,124.3,25.3972,25.699,26.0724,26.3348
CMP-007271,ADC,Leakage Current,µA,LOT-04,125.22,5.1503,5.8306,11.8985,21.7124
CMP-007272,Driver IC,Propagation Delay,ns,LOT-02,122.18,17.6177,18.9727,26.1178,35.6239
CMP-007273,Logic IC,Iddq,µA,LOT-02,125.27,10.1327,10.112,10.3839,10.6793
CMP-007274,Memory IC,Standby Current,µA,LOT-09,122.44,25.5384,25.8658,25.9205,26.8034
CMP-007275,ADC,Leakage Current,µA,LOT-09,124.02,4.9748,11.0129,5.6751,6.3039
CMP-007276,Driver IC,Propagation Delay,ns,LOT-04,127.69,18.5745,19.1733,19.4034,19.7618
CMP-007277,Logic IC,Iddq,µA,LOT-20,124.63,9.9874,12.0488,17.9744,37.8979
CMP-007278,Memory IC,Standby Current,µA,LOT-15,125.41,25.3287,27.9696,39.3697,64.8436
CMP-007279,ADC,Leakage Current,µA,LOT-13,126.78,4.7513,12.6077,5.6579,7.1333
CMP-007280,Driver IC,Propagation Delay,ns,LOT-18,125.71,18.9011,29.6359,20.832,23.1777
CMP-007281,Logic IC,Iddq,µA,LOT-03,124.9,9.7583,11.5791,18.6062,31.5304
CMP-007282,Memory IC,Standby Current,µA,LOT-06,123.17,24.4514,24.531,25.2145,25.6794
CMP-007283,ADC,Leakage Current,µA,LOT-04,124.48,5.3925,6.3685,12.4397,26.3769
CMP-007284,Driver IC,Propagation Delay,ns,LOT-05,122.11,16.9792,23.8158,18.3381,21.1227
CMP-007285,Logic IC,Iddq,µA,LOT-04,123.17,10.1175,10.4516,11.0071,10.7565
CMP-007286,Memory IC,Standby Current,µA,LOT-13,121.18,25.9158,26.8534,27.2723,26.952
CMP-007287,ADC,Leakage Current,µA,LOT-20,127.16,4.8519,5.1804,5.2649,5.4186
CMP-007288,Driver IC,Propagation Delay,ns,LOT-14,124.42,18.4615,30.0089,20.2678,21.6989
CMP-007289,Logic IC,Iddq,µA,LOT-18,125.92,9.7795,11.882,19.5558,33.7965
CMP-007290,Memory IC,Standby Current,µA,LOT-09,126.62,25.084,50.9345,28.4199,33.0453
CMP-007291,ADC,Leakage Current,µA,LOT-05,125.72,4.6549,14.7049,5.0211,5.932
CMP-007292,Driver IC,Propagation Delay,ns,LOT-13,125.6,18.623,19.0139,18.9713,19.3518
CMP-007293,Logic IC,Iddq,µA,LOT-14,128.23,10.3264,12.8618,19.3294,38.4472
CMP-007294,Memory IC,Standby Current,µA,LOT-15,124.52,24.5273,26.0055,26.7721,26.4915
CMP-007295,ADC,Leakage Current,µA,LOT-09,124.34,4.8547,5.0439,5.2314,5.3398
CMP-007296,Driver IC,Propagation Delay,ns,LOT-14,125.88,17.9775,18.5704,18.5207,18.6891
CMP-007297,Logic IC,Iddq,µA,LOT-11,127.09,10.2285,10.6556,10.679,11.2508
CMP-007298,Memory IC,Standby Current,µA,LOT-16,126.89,23.8826,24.401,25.3439,25.7621
CMP-007299,ADC,Leakage Current,µA,LOT-09,124.22,4.9217,5.2111,5.5597,5.453
CMP-007300,Driver IC,Propagation Delay,ns,LOT-02,120.69,17.1338,17.1355,17.172,17.5365
CMP-007301,Logic IC,Iddq,µA,LOT-04,125.72,10.4034,10.5036,10.4105,10.877
CMP-007302,Memory IC,Standby Current,µA,LOT-10,125.96,25.567,25.5391,25.8429,26.6243
CMP-007303,ADC,Leakage Current,µA,LOT-11,126.04,5.4158,13.6208,6.3121,7.801
CMP-007304,Driver IC,Propagation Delay,ns,LOT-17,127.76,18.2053,18.1084,18.2982,18.5161
CMP-007305,Logic IC,Iddq,µA,LOT-04,127.3,10.2894,10.367,10.8219,10.7663
CMP-007306,Memory IC,Standby Current,µA,LOT-15,124.43,25.0436,25.5484,25.6581,26.6155
CMP-007307,ADC,Leakage Current,µA,LOT-12,124.84,5.1424,5.2071,5.3932,5.5345
CMP-007308,Driver IC,Propagation Delay,ns,LOT-09,124.47,17.159,17.4406,17.7528,18.2132
CMP-007309,Logic IC,Iddq,µA,LOT-19,124.8,10.0269,9.9999,10.4978,10.6112
CMP-007310,Memory IC,Standby Current,µA,LOT-20,125.99,24.019,27.1127,46.1091,83.4759
CMP-007311,ADC,Leakage Current,µA,LOT-20,124.97,4.9456,5.063,5.2648,5.349
CMP-007312,Driver IC,Propagation Delay,ns,LOT-06,125.05,17.2189,19.1843,25.5694,41.7895
CMP-007313,Logic IC,Iddq,µA,LOT-01,122.6,10.1176,11.6369,22.5956,43.1341
CMP-007314,Memory IC,Standby Current,µA,LOT-15,125.79,24.1548,28.2573,43.2139,62.4354
CMP-007315,ADC,Leakage Current,µA,LOT-05,126.25,4.4524,5.048,10.2613,23.8054
CMP-007316,Driver IC,Propagation Delay,ns,LOT-20,122.76,19.2426,19.2162,19.5345,19.849
CMP-007317,Logic IC,Iddq,µA,LOT-17,124.41,10.1312,10.3863,10.5638,11.1063
CMP-007318,Memory IC,Standby Current,µA,LOT-19,123.26,25.3541,26.3237,26.4957,26.7672
CMP-007319,ADC,Leakage Current,µA,LOT-10,121.38,4.8242,13.6365,5.4043,6.5045
CMP-007320,Driver IC,Propagation Delay,ns,LOT-01,123.56,17.316,19.8474,25.4027,40.0867
CMP-007321,Logic IC,Iddq,µA,LOT-11,127.21,9.7134,11.4125,19.7427,44.8226
CMP-007322,Memory IC,Standby Current,µA,LOT-06,124.31,25.3491,29.0485,42.0184,71.8333
CMP-007323,ADC,Leakage Current,µA,LOT-10,123.75,4.9512,5.9835,10.2826,18.5587
CMP-007324,Driver IC,Propagation Delay,ns,LOT-01,124.64,17.3557,18.7401,24.2226,32.5393
CMP-007325,Logic IC,Iddq,µA,LOT-17,127.33,9.9976,10.2427,10.7913,11.1117
CMP-007326,Memory IC,Standby Current,µA,LOT-03,125.53,25.1732,27.7738,42.42,60.823
CMP-007327,ADC,Leakage Current,µA,LOT-13,126.67,5.083,5.0412,5.2322,5.3735
CMP-007328,Driver IC,Propagation Delay,ns,LOT-20,124.95,17.9081,17.8713,18.1789,18.3827
CMP-007329,Logic IC,Iddq,µA,LOT-18,123.7,9.9342,10.1368,10.5167,10.7731
CMP-007330,Memory IC,Standby Current,µA,LOT-19,126.58,24.5039,25.0441,25.1982,25.4788
CMP-007331,ADC,Leakage Current,µA,LOT-13,125.86,4.8523,6.1683,10.872,20.0289
CMP-007332,Driver IC,Propagation Delay,ns,LOT-15,124.74,17.9256,29.6269,18.3943,18.6327
CMP-007333,Logic IC,Iddq,µA,LOT-09,125.57,9.9969,10.4251,10.7535,11.1868
CMP-007334,Memory IC,Standby Current,µA,LOT-04,127.48,25.3885,26.764,43.2498,68.7879
CMP-007335,ADC,Leakage Current,µA,LOT-01,126.0,5.2223,5.3563,5.3896,5.6225
CMP-007336,Driver IC,Propagation Delay,ns,LOT-19,124.38,17.6701,18.1127,18.1377,17.9469
CMP-007337,Logic IC,Iddq,µA,LOT-13,124.49,10.168,12.8215,22.6844,41.361
CMP-007338,Memory IC,Standby Current,µA,LOT-05,126.31,24.427,25.8392,41.2495,61.9708
CMP-007339,ADC,Leakage Current,µA,LOT-14,122.91,5.1626,5.1644,5.3106,5.518
CMP-007340,Driver IC,Propagation Delay,ns,LOT-15,125.01,18.1834,18.2651,18.9174,18.6549
CMP-007341,Logic IC,Iddq,µA,LOT-20,123.1,9.7037,10.1469,10.445,10.566
CMP-007342,Memory IC,Standby Current,µA,LOT-13,122.65,25.6673,43.4203,28.6636,33.6011
CMP-007343,ADC,Leakage Current,µA,LOT-15,124.9,4.8979,6.6318,10.6741,20.3893
CMP-007344,Driver IC,Propagation Delay,ns,LOT-08,125.94,18.386,29.7806,19.5881,21.0047
CMP-007345,Logic IC,Iddq,µA,LOT-12,123.59,9.9392,10.1508,10.2828,10.5093
CMP-007346,Memory IC,Standby Current,µA,LOT-18,125.17,25.199,25.3907,25.9173,26.1008
CMP-007347,ADC,Leakage Current,µA,LOT-09,124.62,5.0942,5.3294,5.4165,5.6168
CMP-007348,Driver IC,Propagation Delay,ns,LOT-07,125.93,17.8585,18.1562,18.4368,18.8088
CMP-007349,Logic IC,Iddq,µA,LOT-08,125.66,10.082,12.4833,18.8722,38.6443
CMP-007350,Memory IC,Standby Current,µA,LOT-12,124.86,25.4974,26.3296,26.6275,26.8555
CMP-007351,ADC,Leakage Current,µA,LOT-17,124.95,5.3533,5.4083,5.5127,5.6975
CMP-007352,Driver IC,Propagation Delay,ns,LOT-02,126.63,17.4393,17.7183,18.002,18.6583
CMP-007353,Logic IC,Iddq,µA,LOT-06,125.46,9.3206,9.6664,9.8982,10.2158
CMP-007354,Memory IC,Standby Current,µA,LOT-19,127.07,25.0844,25.4853,26.3225,26.4667
CMP-007355,ADC,Leakage Current,µA,LOT-02,126.93,4.5987,4.7989,4.8705,4.9471
CMP-007356,Driver IC,Propagation Delay,ns,LOT-16,123.91,17.3344,17.6107,17.8199,17.9819
CMP-007357,Logic IC,Iddq,µA,LOT-03,126.92,9.4445,10.515,18.6035,37.4236
CMP-007358,Memory IC,Standby Current,µA,LOT-13,124.89,25.714,26.2853,26.312,27.2544
CMP-007359,ADC,Leakage Current,µA,LOT-20,125.57,5.0742,5.1645,5.3038,5.434
CMP-007360,Driver IC,Propagation Delay,ns,LOT-20,123.34,18.4167,18.349,18.5644,18.6717
CMP-007361,Logic IC,Iddq,µA,LOT-08,127.12,10.3626,10.5595,10.6615,10.8841
CMP-007362,Memory IC,Standby Current,µA,LOT-17,125.13,24.8052,24.8297,25.4435,25.8227
CMP-007363,ADC,Leakage Current,µA,LOT-18,123.08,4.5403,12.4351,4.983,6.1281
CMP-007364,Driver IC,Propagation Delay,ns,LOT-06,123.84,17.6447,17.9746,18.0717,18.3342
CMP-007365,Logic IC,Iddq,µA,LOT-05,125.11,10.063,12.0172,18.3076,36.6173
CMP-007366,Memory IC,Standby Current,µA,LOT-14,127.28,25.1602,25.2463,26.3499,26.8483
CMP-007367,ADC,Leakage Current,µA,LOT-20,125.01,5.0366,5.0992,5.3206,5.5451
CMP-007368,Driver IC,Propagation Delay,ns,LOT-05,123.02,17.3047,16.706,17.2924,17.2877
CMP-007369,Logic IC,Iddq,µA,LOT-18,125.79,9.9757,10.0447,10.3545,10.5965
CMP-007370,Memory IC,Standby Current,µA,LOT-18,126.63,25.3398,27.2372,38.6249,69.4869
CMP-007371,ADC,Leakage Current,µA,LOT-04,123.06,5.0684,5.2158,5.5491,5.5572
CMP-007372,Driver IC,Propagation Delay,ns,LOT-16,123.7,18.3148,18.3954,18.5249,18.8008
CMP-007373,Logic IC,Iddq,µA,LOT-16,123.06,9.5813,10.7461,23.0636,37.9933
CMP-007374,Memory IC,Standby Current,µA,LOT-17,124.39,24.6614,29.5315,44.9345,67.9664
CMP-007375,ADC,Leakage Current,µA,LOT-03,124.17,5.1277,5.448,5.6407,5.815
CMP-007376,Driver IC,Propagation Delay,ns,LOT-13,123.54,18.0299,18.4619,18.3356,18.8711
CMP-007377,Logic IC,Iddq,µA,LOT-04,127.15,10.2767,12.0539,21.5813,41.3101
CMP-007378,Memory IC,Standby Current,µA,LOT-12,128.01,25.6165,26.2301,25.7049,26.5493
CMP-007379,ADC,Leakage Current,µA,LOT-06,126.07,4.8888,5.0228,5.2518,5.3948
CMP-007380,Driver IC,Propagation Delay,ns,LOT-13,123.32,18.0011,19.3139,23.2473,35.1477
CMP-007381,Logic IC,Iddq,µA,LOT-12,123.9,10.5544,10.8085,11.3274,11.3212
CMP-007382,Memory IC,Standby Current,µA,LOT-05,125.19,24.4589,25.1987,25.1667,25.2819
CMP-007383,ADC,Leakage Current,µA,LOT-19,123.42,5.2995,5.2504,5.6475,5.7697
CMP-007384,Driver IC,Propagation Delay,ns,LOT-05,125.05,17.7728,19.6452,26.9878,35.5466
CMP-007385,Logic IC,Iddq,µA,LOT-17,123.93,10.4128,10.7091,10.8032,10.9062
CMP-007386,Memory IC,Standby Current,µA,LOT-04,125.45,25.0872,25.6,26.0331,26.4547
CMP-007387,ADC,Leakage Current,µA,LOT-18,125.74,4.7647,6.1414,11.7192,21.8629
CMP-007388,Driver IC,Propagation Delay,ns,LOT-13,125.59,18.2859,18.531,18.5352,18.6369
CMP-007389,Logic IC,Iddq,µA,LOT-17,125.35,10.0044,10.4373,10.4686,10.6985
CMP-007390,Memory IC,Standby Current,µA,LOT-06,123.66,25.3288,25.6567,26.3901,26.6878
CMP-007391,ADC,Leakage Current,µA,LOT-02,125.0,5.0015,10.5729,5.5264,6.0457
CMP-007392,Driver IC,Propagation Delay,ns,LOT-18,126.3,17.5881,19.4913,24.8286,34.5148
CMP-007393,Logic IC,Iddq,µA,LOT-10,126.74,9.7454,10.1524,10.3619,10.6321
CMP-007394,Memory IC,Standby Current,µA,LOT-10,125.04,25.7793,26.5123,26.3589,26.8843
CMP-007395,ADC,Leakage Current,µA,LOT-11,125.17,5.2513,5.3181,5.5505,5.7952
CMP-007396,Driver IC,Propagation Delay,ns,LOT-14,127.02,18.3344,18.2612,18.7819,19.1104
CMP-007397,Logic IC,Iddq,µA,LOT-09,124.94,10.3549,10.5642,10.923,11.0149
CMP-007398,Memory IC,Standby Current,µA,LOT-17,124.86,25.2664,25.6989,25.8129,26.4812
CMP-007399,ADC,Leakage Current,µA,LOT-16,124.34,4.6223,5.7524,11.193,21.051
CMP-007400,Driver IC,Propagation Delay,ns,LOT-07,121.2,18.1051,18.5237,25.3474,42.9285
CMP-007401,Logic IC,Iddq,µA,LOT-18,124.97,9.7742,11.0386,20.8019,41.7558
CMP-007402,Memory IC,Standby Current,µA,LOT-08,122.86,23.6625,23.8729,24.5042,24.6244
CMP-007403,ADC,Leakage Current,µA,LOT-20,125.34,4.9463,6.2098,11.5758,23.0676
CMP-007404,Driver IC,Propagation Delay,ns,LOT-19,125.26,18.4137,20.2137,25.8174,40.3782
CMP-007405,Logic IC,Iddq,µA,LOT-19,126.58,10.3959,12.8307,21.8476,36.63
CMP-007406,Memory IC,Standby Current,µA,LOT-11,125.26,24.8825,28.2384,42.0738,65.6856
CMP-007407,ADC,Leakage Current,µA,LOT-01,124.32,4.9118,5.712,13.0666,24.1259
CMP-007408,Driver IC,Propagation Delay,ns,LOT-07,125.07,17.0954,17.709,17.7659,17.9098
CMP-007409,Logic IC,Iddq,µA,LOT-11,126.33,10.4786,21.2131,11.9889,13.7905
CMP-007410,Memory IC,Standby Current,µA,LOT-09,123.29,24.9007,25.5275,25.5688,25.6611
CMP-007411,ADC,Leakage Current,µA,LOT-19,124.37,5.0942,9.8121,5.8976,7.9047
CMP-007412,Driver IC,Propagation Delay,ns,LOT-20,124.82,17.6478,19.2107,26.6931,35.235
CMP-007413,Logic IC,Iddq,µA,LOT-02,123.78,9.9124,11.664,18.3612,30.8765
CMP-007414,Memory IC,Standby Current,µA,LOT-15,125.12,26.2066,26.7598,27.2704,27.3058
CMP-007415,ADC,Leakage Current,µA,LOT-14,123.84,5.0846,6.3075,10.5114,19.7831
CMP-007416,Driver IC,Propagation Delay,ns,LOT-08,123.6,17.8597,17.8922,18.1783,18.4485
CMP-007417,Logic IC,Iddq,µA,LOT-14,124.47,9.878,10.2305,10.6945,10.6698
CMP-007418,Memory IC,Standby Current,µA,LOT-16,127.43,25.1491,38.2403,29.3802,32.6943
CMP-007419,ADC,Leakage Current,µA,LOT-18,125.88,5.0068,13.4597,6.373,7.3171
CMP-007420,Driver IC,Propagation Delay,ns,LOT-06,126.12,18.1712,18.5123,18.6726,18.9094
CMP-007421,Logic IC,Iddq,µA,LOT-03,121.72,10.1375,24.8736,11.9021,14.8034
CMP-007422,Memory IC,Standby Current,µA,LOT-12,125.14,25.8769,29.8827,44.9072,63.964
CMP-007423,ADC,Leakage Current,µA,LOT-03,124.35,5.0601,5.0295,5.1678,5.1507
CMP-007424,Driver IC,Propagation Delay,ns,LOT-03,125.11,17.8357,19.2482,24.079,39.3874
CMP-007425,Logic IC,Iddq,µA,LOT-13,126.07,9.7814,12.4138,19.4285,36.9869
CMP-007426,Memory IC,Standby Current,µA,LOT-16,124.74,25.1444,28.1367,39.7576,61.9237
CMP-007427,ADC,Leakage Current,µA,LOT-07,127.66,5.0648,5.2076,5.3583,5.3936
CMP-007428,Driver IC,Propagation Delay,ns,LOT-07,125.11,17.5188,17.8124,17.8814,18.1547
CMP-007429,Logic IC,Iddq,µA,LOT-18,124.15,9.7418,12.1678,19.8188,37.7603
CMP-007430,Memory IC,Standby Current,µA,LOT-20,124.26,25.1842,26.7108,43.1327,81.754
CMP-007431,ADC,Leakage Current,µA,LOT-13,128.16,5.5884,13.1602,6.9353,7.4971
CMP-007432,Driver IC,Propagation Delay,ns,LOT-04,123.11,18.0129,18.1096,18.2109,18.6145
CMP-007433,Logic IC,Iddq,µA,LOT-12,122.15,10.6031,11.8002,22.1202,40.0412
CMP-007434,Memory IC,Standby Current,µA,LOT-08,126.0,24.7687,44.9245,28.6314,32.132
CMP-007435,ADC,Leakage Current,µA,LOT-19,127.04,5.2269,6.5408,11.7287,22.2547
CMP-007436,Driver IC,Propagation Delay,ns,LOT-19,125.44,18.4832,19.6033,25.4881,38.156
CMP-007437,Logic IC,Iddq,µA,LOT-17,126.03,9.7463,11.4904,22.5549,47.0602
CMP-007438,Memory IC,Standby Current,µA,LOT-02,122.71,24.0669,25.1054,43.9266,78.1868
CMP-007439,ADC,Leakage Current,µA,LOT-06,124.97,4.6346,5.9876,10.8663,21.5086
CMP-007440,Driver IC,Propagation Delay,ns,LOT-12,125.64,17.5683,19.9811,26.1518,42.2599
CMP-007441,Logic IC,Iddq,µA,LOT-17,123.98,10.2542,10.6909,11.2668,11.1894
CMP-007442,Memory IC,Standby Current,µA,LOT-07,124.42,25.0891,25.1336,25.2964,25.4427
CMP-007443,ADC,Leakage Current,µA,LOT-03,124.04,5.3997,6.0967,12.1892,24.2467
CMP-007444,Driver IC,Propagation Delay,ns,LOT-04,123.33,18.025,20.2126,25.6172,34.8495
CMP-007445,Logic IC,Iddq,µA,LOT-04,122.99,10.777,10.8111,10.8559,11.2988
CMP-007446,Memory IC,Standby Current,µA,LOT-11,122.49,24.5407,25.4555,42.2265,77.4759
CMP-007447,ADC,Leakage Current,µA,LOT-07,126.87,4.7752,6.4139,10.8918,20.0826
CMP-007448,Driver IC,Propagation Delay,ns,LOT-08,127.55,17.6612,18.1363,18.2826,18.5055
CMP-007449,Logic IC,Iddq,µA,LOT-20,124.08,9.6509,9.6812,10.3073,10.313
CMP-007450,Memory IC,Standby Current,µA,LOT-14,121.58,25.1261,25.5633,25.8772,26.3456
CMP-007451,ADC,Leakage Current,µA,LOT-13,124.75,5.0579,6.2954,12.7205,25.9566
CMP-007452,Driver IC,Propagation Delay,ns,LOT-15,123.67,17.7246,18.0546,18.5133,18.9031
CMP-007453,Logic IC,Iddq,µA,LOT-16,125.73,9.4493,9.6789,10.0273,10.3159
CMP-007454,Memory IC,Standby Current,µA,LOT-08,126.96,24.6523,25.0836,25.3586,26.4198
CMP-007455,ADC,Leakage Current,µA,LOT-03,123.01,5.1776,5.4307,5.3687,5.5572
CMP-007456,Driver IC,Propagation Delay,ns,LOT-05,125.2,17.7874,19.1165,27.067,39.8087
CMP-007457,Logic IC,Iddq,µA,LOT-14,126.68,10.6044,12.3459,20.9777,38.3276
CMP-007458,Memory IC,Standby Current,µA,LOT-05,124.45,24.728,24.9695,25.6318,25.8154
CMP-007459,ADC,Leakage Current,µA,LOT-07,124.41,4.8274,5.8836,13.0523,24.6325
CMP-007460,Driver IC,Propagation Delay,ns,LOT-19,124.96,18.3935,19.9704,25.3787,40.3026
CMP-007461,Logic IC,Iddq,µA,LOT-13,124.21,10.5857,13.5443,18.7268,37.3179
CMP-007462,Memory IC,Standby Current,µA,LOT-08,122.41,25.1998,40.531,28.1821,29.4743
CMP-007463,ADC,Leakage Current,µA,LOT-05,125.22,4.4901,6.1355,11.5175,21.142
CMP-007464,Driver IC,Propagation Delay,ns,LOT-15,124.23,17.6425,17.6812,17.743,17.7017
CMP-007465,Logic IC,Iddq,µA,LOT-11,126.1,9.7101,10.2434,10.2512,10.5802
CMP-007466,Memory IC,Standby Current,µA,LOT-02,125.75,25.7124,25.9886,26.4053,26.5735
CMP-007467,ADC,Leakage Current,µA,LOT-09,122.22,5.0443,5.7857,11.6964,20.8794
CMP-007468,Driver IC,Propagation Delay,ns,LOT-05,126.29,17.0642,29.2294,17.0519,18.6529
CMP-007469,Logic IC,Iddq,µA,LOT-05,123.21,9.6874,9.9195,10.2693,10.5903
CMP-007470,Memory IC,Standby Current,µA,LOT-02,122.15,24.6572,25.2962,25.5676,25.5207
CMP-007471,ADC,Leakage Current,µA,LOT-12,124.43,4.7705,5.6513,12.0503,25.7858
CMP-007472,Driver IC,Propagation Delay,ns,LOT-12,124.29,18.3456,18.6466,18.4933,18.9165
CMP-007473,Logic IC,Iddq,µA,LOT-07,126.64,10.2201,10.4487,10.8296,10.9176
CMP-007474,Memory IC,Standby Current,µA,LOT-04,125.13,24.6461,28.5267,41.9158,66.1373
CMP-007475,ADC,Leakage Current,µA,LOT-04,125.61,5.0038,5.0434,5.092,5.2227
CMP-007476,Driver IC,Propagation Delay,ns,LOT-04,123.32,18.2417,18.0138,18.2444,18.6475
CMP-007477,Logic IC,Iddq,µA,LOT-08,123.69,10.2269,10.0872,10.4924,10.7492
CMP-007478,Memory IC,Standby Current,µA,LOT-18,125.06,24.3815,24.6039,24.9958,25.1428
CMP-007479,ADC,Leakage Current,µA,LOT-07,125.03,4.7467,4.9458,5.1162,5.2392
CMP-007480,Driver IC,Propagation Delay,ns,LOT-04,126.95,18.5872,19.9225,24.1723,32.897
CMP-007481,Logic IC,Iddq,µA,LOT-14,124.22,10.3626,10.9088,10.9686,11.2349
CMP-007482,Memory IC,Standby Current,µA,LOT-17,125.31,24.2469,24.7143,25.0599,25.4283
CMP-007483,ADC,Leakage Current,µA,LOT-11,126.8,5.1213,5.2857,5.4523,5.4816
CMP-007484,Driver IC,Propagation Delay,ns,LOT-13,125.08,17.949,29.3073,18.9292,21.9702
CMP-007485,Logic IC,Iddq,µA,LOT-10,123.96,9.5591,9.9662,10.2676,10.5884
CMP-007486,Memory IC,Standby Current,µA,LOT-19,124.39,25.156,28.1787,45.8619,84.3456
CMP-007487,ADC,Leakage Current,µA,LOT-03,123.0,5.3433,5.4398,5.652,5.8205
CMP-007488,Driver IC,Propagation Delay,ns,LOT-14,126.47,17.6392,19.8919,24.7908,34.876
CMP-007489,Logic IC,Iddq,µA,LOT-08,124.29,9.7788,24.1145,10.1271,12.2886
CMP-007490,Memory IC,Standby Current,µA,LOT-18,125.81,24.2771,24.6512,25.4269,25.6488
CMP-007491,ADC,Leakage Current,µA,LOT-13,123.18,5.0322,5.1793,5.2545,5.3235
CMP-007492,Driver IC,Propagation Delay,ns,LOT-20,124.44,17.392,18.2535,23.4867,40.1477
CMP-007493,Logic IC,Iddq,µA,LOT-18,124.79,9.8708,10.0922,10.5616,10.6533
CMP-007494,Memory IC,Standby Current,µA,LOT-06,125.32,24.6423,24.0326,25.0546,25.583
CMP-007495,ADC,Leakage Current,µA,LOT-15,125.43,5.1271,5.2873,5.4524,5.7083
CMP-007496,Driver IC,Propagation Delay,ns,LOT-05,124.34,16.9568,17.5368,17.7119,17.9926
CMP-007497,Logic IC,Iddq,µA,LOT-08,124.67,9.7123,22.9229,10.4897,12.3376
CMP-007498,Memory IC,Standby Current,µA,LOT-13,127.43,24.5155,25.3016,25.2428,25.7716
CMP-007499,ADC,Leakage Current,µA,LOT-16,121.82,4.6886,4.8009,4.9998,5.1343
CMP-007500,Driver IC,Propagation Delay,ns,LOT-19,122.22,17.5672,17.6895,17.624,17.8039
CMP-007501,Logic IC,Iddq,µA,LOT-05,124.79,9.5964,9.7532,10.2176,10.6286
CMP-007502,Memory IC,Standby Current,µA,LOT-15,122.4,25.5023,25.5349,26.3119,26.1533
CMP-007503,ADC,Leakage Current,µA,LOT-04,123.6,5.0813,6.208,13.0134,23.08
CMP-007504,Driver IC,Propagation Delay,ns,LOT-10,125.58,17.5887,19.0163,24.8332,34.718
CMP-007505,Logic IC,Iddq,µA,LOT-17,122.89,9.7097,10.0907,10.6222,10.774
CMP-007506,Memory IC,Standby Current,µA,LOT-07,125.33,25.4259,27.3739,38.7964,76.3461
CMP-007507,ADC,Leakage Current,µA,LOT-13,127.12,5.22,5.2297,5.502,5.43
CMP-007508,Driver IC,Propagation Delay,ns,LOT-02,126.27,17.1176,17.4536,17.3112,17.6724
CMP-007509,Logic IC,Iddq,µA,LOT-02,124.92,10.1537,12.5827,22.4619,36.5962
CMP-007510,Memory IC,Standby Current,µA,LOT-20,123.9,25.4508,26.34,26.3637,26.519
CMP-007511,ADC,Leakage Current,µA,LOT-18,125.15,4.9826,5.1645,5.2309,5.2216
CMP-007512,Driver IC,Propagation Delay,ns,LOT-18,125.38,17.3291,19.0834,24.8182,40.4134
CMP-007513,Logic IC,Iddq,µA,LOT-20,124.87,10.0973,10.3433,10.7346,10.7879
CMP-007514,Memory IC,Standby Current,µA,LOT-13,122.59,24.8627,24.9518,25.1866,26.1661
CMP-007515,ADC,Leakage Current,µA,LOT-17,123.46,4.9891,13.2172,5.2868,6.7218
CMP-007516,Driver IC,Propagation Delay,ns,LOT-14,126.67,17.7585,17.8788,18.1759,18.3078
CMP-007517,Logic IC,Iddq,µA,LOT-04,122.37,10.1852,12.166,19.2939,37.4726
CMP-007518,Memory IC,Standby Current,µA,LOT-12,127.06,25.5389,26.0109,26.2888,26.5364
CMP-007519,ADC,Leakage Current,µA,LOT-20,127.8,4.7637,4.8257,5.0023,5.1355
CMP-007520,Driver IC,Propagation Delay,ns,LOT-06,123.59,17.8701,17.9142,17.9499,18.4537
CMP-007521,Logic IC,Iddq,µA,LOT-12,126.18,10.2787,10.4212,10.6475,10.7756
CMP-007522,Memory IC,Standby Current,µA,LOT-05,127.3,25.2761,28.0088,43.6837,74.4191
CMP-007523,ADC,Leakage Current,µA,LOT-15,129.78,4.9805,6.7547,12.2457,23.3155
CMP-007524,Driver IC,Propagation Delay,ns,LOT-02,122.34,18.6227,21.2529,27.5178,40.7671
CMP-007525,Logic IC,Iddq,µA,LOT-01,124.99,10.2787,12.9778,19.2563,32.3576
CMP-007526,Memory IC,Standby Current,µA,LOT-16,124.74,23.9771,27.4546,42.1123,79.7455
CMP-007527,ADC,Leakage Current,µA,LOT-01,126.43,5.2228,5.2584,5.4832,5.488
CMP-007528,Driver IC,Propagation Delay,ns,LOT-14,123.87,18.7038,19.7995,27.8388,36.3797
CMP-007529,Logic IC,Iddq,µA,LOT-07,122.44,9.7843,11.0936,21.0082,35.9963
CMP-007530,Memory IC,Standby Current,µA,LOT-18,127.54,24.0916,25.1161,24.9104,25.3744
CMP-007531,ADC,Leakage Current,µA,LOT-03,124.43,5.0454,6.1787,11.2862,21.3685
CMP-007532,Driver IC,Propagation Delay,ns,LOT-09,124.21,17.9199,26.3909,19.7336,21.7371
CMP-007533,Logic IC,Iddq,µA,LOT-15,127.68,10.0445,23.3506,11.3227,13.6714
CMP-007534,Memory IC,Standby Current,µA,LOT-09,127.15,24.5089,29.0677,42.4994,59.1479
CMP-007535,ADC,Leakage Current,µA,LOT-15,125.5,5.1652,6.2386,11.3138,20.8111
CMP-007536,Driver IC,Propagation Delay,ns,LOT-03,124.56,18.3358,19.2031,26.5983,45.5331
CMP-007537,Logic IC,Iddq,µA,LOT-09,123.88,10.05,11.3938,22.6507,43.0654
CMP-007538,Memory IC,Standby Current,µA,LOT-09,125.28,25.7651,26.0979,26.5707,27.4976
CMP-007539,ADC,Leakage Current,µA,LOT-09,126.72,4.8662,14.1762,5.9705,6.5322
CMP-007540,Driver IC,Propagation Delay,ns,LOT-01,122.79,19.4518,25.6384,20.9681,22.0122
CMP-007541,Logic IC,Iddq,µA,LOT-20,124.24,9.8674,11.6721,17.4448,30.7653
CMP-007542,Memory IC,Standby Current,µA,LOT-11,123.07,24.8188,25.3639,25.2108,26.1048
CMP-007543,ADC,Leakage Current,µA,LOT-20,122.12,5.0102,5.0444,5.2462,5.3252
CMP-007544,Driver IC,Propagation Delay,ns,LOT-01,126.63,17.6041,30.5498,20.5458,21.6249
CMP-007545,Logic IC,Iddq,µA,LOT-12,127.48,9.9371,11.2413,19.1081,36.31
CMP-007546,Memory IC,Standby Current,µA,LOT-05,124.83,25.0114,25.1428,26.0761,26.2139
CMP-007547,ADC,Leakage Current,µA,LOT-01,124.36,4.9711,6.4134,11.793,18.2945
CMP-007548,Driver IC,Propagation Delay,ns,LOT-06,125.09,18.5084,18.15,18.6587,19.1514
CMP-007549,Logic IC,Iddq,µA,LOT-07,124.12,10.0596,11.8339,20.6196,35.137
CMP-007550,Memory IC,Standby Current,µA,LOT-07,125.77,25.0433,25.8949,26.0402,26.2788
CMP-007551,ADC,Leakage Current,µA,LOT-16,124.79,4.8049,4.8949,5.0102,5.0954
CMP-007552,Driver IC,Propagation Delay,ns,LOT-06,123.22,17.9225,19.6529,27.5669,36.478
CMP-007553,Logic IC,Iddq,µA,LOT-12,124.71,10.0551,10.3725,10.8424,11.185
CMP-007554,Memory IC,Standby Current,µA,LOT-04,125.5,25.5399,25.8802,27.0362,26.9202
CMP-007555,ADC,Leakage Current,µA,LOT-06,124.39,4.7741,4.9115,5.0135,5.1527
CMP-007556,Driver IC,Propagation Delay,ns,LOT-07,125.51,18.732,20.512,27.5829,39.7775
CMP-007557,Logic IC,Iddq,µA,LOT-17,126.47,10.8372,10.8186,11.1493,11.3645
CMP-007558,Memory IC,Standby Current,µA,LOT-01,123.79,24.5718,42.8224,26.2541,32.2032
CMP-007559,ADC,Leakage Current,µA,LOT-11,123.51,5.0152,5.1577,5.3008,5.3889
CMP-007560,Driver IC,Propagation Delay,ns,LOT-18,126.37,17.8223,18.2724,18.6267,18.4926
CMP-007561,Logic IC,Iddq,µA,LOT-04,123.61,9.7563,12.4294,17.5211,35.8207
CMP-007562,Memory IC,Standby Current,µA,LOT-19,127.84,25.3365,25.583,25.9964,26.2351
CMP-007563,ADC,Leakage Current,µA,LOT-10,122.15,4.9762,5.9864,11.3565,19.9075
CMP-007564,Driver IC,Propagation Delay,ns,LOT-14,126.16,17.6548,18.2214,18.1724,18.9839
CMP-007565,Logic IC,Iddq,µA,LOT-06,123.12,9.3833,9.6244,9.78,10.3737
CMP-007566,Memory IC,Standby Current,µA,LOT-10,125.25,24.2293,24.8563,24.9914,25.3252
CMP-007567,ADC,Leakage Current,µA,LOT-18,124.16,4.7887,6.0583,9.5492,18.0243
CMP-007568,Driver IC,Propagation Delay,ns,LOT-19,127.25,18.0823,18.3622,17.9008,18.4907
CMP-007569,Logic IC,Iddq,µA,LOT-09,121.29,10.0277,10.2992,10.3451,10.5888
CMP-007570,Memory IC,Standby Current,µA,LOT-14,123.02,24.9971,27.1327,40.7516,65.6774
CMP-007571,ADC,Leakage Current,µA,LOT-09,123.66,5.0567,6.1714,10.1943,19.7119
CMP-007572,Driver IC,Propagation Delay,ns,LOT-10,125.58,17.7901,18.9487,23.372,38.7395
CMP-007573,Logic IC,Iddq,µA,LOT-12,122.11,10.3644,10.5899,10.6375,10.9223
CMP-007574,Memory IC,Standby Current,µA,LOT-15,126.74,25.7884,26.3119,26.0021,27.2714
CMP-007575,ADC,Leakage Current,µA,LOT-03,128.27,5.3519,5.4919,5.6713,5.6713
CMP-007576,Driver IC,Propagation Delay,ns,LOT-06,126.35,17.7376,17.9461,18.1945,18.3334
CMP-007577,Logic IC,Iddq,µA,LOT-12,124.48,9.9697,10.0034,10.3374,10.6202
CMP-007578,Memory IC,Standby Current,µA,LOT-09,124.26,25.9323,30.0428,43.4483,72.2863
CMP-007579,ADC,Leakage Current,µA,LOT-06,125.47,4.851,5.0801,5.07,5.1716
CMP-007580,Driver IC,Propagation Delay,ns,LOT-20,123.59,18.5965,27.5614,19.8469,20.0291
CMP-007581,Logic IC,Iddq,µA,LOT-05,127.18,9.3893,9.7311,9.8706,10.007
CMP-007582,Memory IC,Standby Current,µA,LOT-14,125.31,24.9006,26.5968,37.6781,70.6604
CMP-007583,ADC,Leakage Current,µA,LOT-03,123.98,5.316,6.4692,11.5123,21.599
CMP-007584,Driver IC,Propagation Delay,ns,LOT-10,124.38,18.0376,18.0034,18.1296,18.5825
CMP-007585,Logic IC,Iddq,µA,LOT-09,129.31,9.4282,9.9911,10.3584,10.6002
CMP-007586,Memory IC,Standby Current,µA,LOT-02,124.49,24.9523,47.3364,28.4383,30.6921
CMP-007587,ADC,Leakage Current,µA,LOT-20,124.67,5.0896,5.3088,5.39,5.6153
CMP-007588,Driver IC,Propagation Delay,ns,LOT-12,125.38,18.1946,18.0151,18.6603,18.5898
CMP-007589,Logic IC,Iddq,µA,LOT-14,125.75,10.4137,11.8469,18.6521,33.0644
CMP-007590,Memory IC,Standby Current,µA,LOT-05,126.09,24.2593,24.2036,24.8201,24.9896
CMP-007591,ADC,Leakage Current,µA,LOT-08,123.01,4.5832,5.7649,9.7318,24.0782
CMP-007592,Driver IC,Propagation Delay,ns,LOT-14,124.26,17.5274,17.5962,17.8816,18.1288
CMP-007593,Logic IC,Iddq,µA,LOT-08,125.5,10.4608,10.6171,10.9684,11.0737
CMP-007594,Memory IC,Standby Current,µA,LOT-14,123.31,25.3503,37.9786,26.6241,30.1606
CMP-007595,ADC,Leakage Current,µA,LOT-05,124.32,4.5595,11.4006,5.8292,7.9781
CMP-007596,Driver IC,Propagation Delay,ns,LOT-01,124.97,18.3865,18.7771,18.9401,18.7148
CMP-007597,Logic IC,Iddq,µA,LOT-12,121.86,9.8892,10.4153,10.6039,10.6704
CMP-007598,Memory IC,Standby Current,µA,LOT-01,123.38,26.3518,27.2054,27.0392,27.3677
CMP-007599,ADC,Leakage Current,µA,LOT-05,124.68,4.8796,5.044,5.2084,5.3747
CMP-007600,Driver IC,Propagation Delay,ns,LOT-06,124.77,17.7119,19.5852,24.6075,37.1052
CMP-007601,Logic IC,Iddq,µA,LOT-14,124.43,10.2551,12.0577,21.1054,39.3503
CMP-007602,Memory IC,Standby Current,µA,LOT-16,127.5,24.9233,25.8927,26.2762,26.6886
CMP-007603,ADC,Leakage Current,µA,LOT-18,126.53,4.8775,5.0149,5.0717,5.3854
CMP-007604,Driver IC,Propagation Delay,ns,LOT-10,126.11,18.1322,17.9792,18.62,18.4349
CMP-007605,Logic IC,Iddq,µA,LOT-11,124.64,9.8698,9.8818,10.2793,10.7693
CMP-007606,Memory IC,Standby Current,µA,LOT-12,125.08,24.1288,24.5634,24.9573,25.2387
CMP-007607,ADC,Leakage Current,µA,LOT-18,125.31,4.9021,5.1249,5.1992,5.5244
CMP-007608,Driver IC,Propagation Delay,ns,LOT-12,123.4,18.2776,18.3255,19.1283,19.1936
CMP-007609,Logic IC,Iddq,µA,LOT-09,126.81,10.3847,10.5025,10.8321,11.0227
CMP-007610,Memory IC,Standby Current,µA,LOT-09,126.53,24.7665,24.5818,25.5218,25.7158
CMP-007611,ADC,Leakage Current,µA,LOT-17,125.7,5.489,5.5932,5.829,5.9096
CMP-007612,Driver IC,Propagation Delay,ns,LOT-08,127.29,17.3925,19.4201,24.7742,36.8047
CMP-007613,Logic IC,Iddq,µA,LOT-19,125.35,10.1801,12.999,21.4844,35.1166
CMP-007614,Memory IC,Standby Current,µA,LOT-13,121.92,25.2847,28.1921,37.8878,56.2486
CMP-007615,ADC,Leakage Current,µA,LOT-20,126.66,4.9531,5.0692,5.1598,5.3858
CMP-007616,Driver IC,Propagation Delay,ns,LOT-12,124.5,17.9725,26.3527,19.86,22.0486
CMP-007617,Logic IC,Iddq,µA,LOT-15,123.11,9.818,12.991,20.5803,30.428
CMP-007618,Memory IC,Standby Current,µA,LOT-19,124.52,24.8546,27.2651,36.6648,57.2013
CMP-007619,ADC,Leakage Current,µA,LOT-09,123.86,5.0899,5.2448,5.4095,5.4549
CMP-007620,Driver IC,Propagation Delay,ns,LOT-04,124.31,18.0564,18.2594,18.4286,18.722
CMP-007621,Logic IC,Iddq,µA,LOT-07,125.49,10.0017,10.2115,10.6625,10.955
CMP-007622,Memory IC,Standby Current,µA,LOT-03,127.33,25.5137,25.6295,25.7762,26.7093
CMP-007623,ADC,Leakage Current,µA,LOT-06,127.35,5.1495,5.2271,5.3978,5.4506
CMP-007624,Driver IC,Propagation Delay,ns,LOT-08,126.95,16.7388,18.4582,23.9563,37.7692
CMP-007625,Logic IC,Iddq,µA,LOT-10,124.71,9.6353,9.7246,9.8111,10.3177
CMP-007626,Memory IC,Standby Current,µA,LOT-19,128.79,25.4189,25.5424,26.5291,25.8773
CMP-007627,ADC,Leakage Current,µA,LOT-04,126.86,5.2522,5.4597,5.4716,5.6728
CMP-007628,Driver IC,Propagation Delay,ns,LOT-07,125.77,18.0108,19.2737,26.5818,41.6497
CMP-007629,Logic IC,Iddq,µA,LOT-05,124.06,9.5151,11.6534,18.7928,32.8459
CMP-007630,Memory IC,Standby Current,µA,LOT-05,123.81,24.5343,27.6234,41.4372,79.7272
CMP-007631,ADC,Leakage Current,µA,LOT-13,124.88,5.2064,5.3324,5.4964,5.6916
CMP-007632,Driver IC,Propagation Delay,ns,LOT-02,124.46,17.8734,18.1926,18.5737,18.4512
CMP-007633,Logic IC,Iddq,µA,LOT-01,127.55,10.1937,11.7165,17.5744,35.0731
CMP-007634,Memory IC,Standby Current,µA,LOT-16,124.56,24.8079,25.5831,25.7279,26.2052
CMP-007635,ADC,Leakage Current,µA,LOT-19,125.99,5.22,6.1534,10.5453,20.1125
CMP-007636,Driver IC,Propagation Delay,ns,LOT-11,125.67,18.2957,18.689,27.2067,38.4357
CMP-007637,Logic IC,Iddq,µA,LOT-16,124.29,9.5159,9.9557,10.1222,10.3827
CMP-007638,Memory IC,Standby Current,µA,LOT-06,125.66,24.8846,24.8067,25.7021,25.7858
CMP-007639,ADC,Leakage Current,µA,LOT-15,123.34,5.1882,13.159,5.9094,7.9934
CMP-007640,Driver IC,Propagation Delay,ns,LOT-07,123.82,18.0042,18.3256,18.2662,18.7694
CMP-007641,Logic IC,Iddq,µA,LOT-05,122.84,9.6766,9.8781,10.1227,10.4052
CMP-007642,Memory IC,Standby Current,µA,LOT-12,125.23,24.9614,26.3625,40.7636,69.7152
CMP-007643,ADC,Leakage Current,µA,LOT-03,123.99,5.1339,11.9461,5.5408,7.4096
CMP-007644,Driver IC,Propagation Delay,ns,LOT-10,123.25,17.9329,18.0009,18.0285,18.3716
CMP-007645,Logic IC,Iddq,µA,LOT-02,127.35,9.8174,11.5665,17.7275,29.8015
CMP-007646,Memory IC,Standby Current,µA,LOT-17,126.73,25.2893,28.8694,43.6603,60.0914
CMP-007647,ADC,Leakage Current,µA,LOT-05,123.49,4.6023,5.1156,12.317,25.3312
CMP-007648,Driver IC,Propagation Delay,ns,LOT-19,124.7,17.8462,20.1024,25.6876,37.7438
CMP-007649,Logic IC,Iddq,µA,LOT-11,125.57,10.2929,10.6569,10.5559,11.0359
CMP-007650,Memory IC,Standby Current,µA,LOT-01,126.77,25.8612,26.0779,26.4285,26.6316
CMP-007651,ADC,Leakage Current,µA,LOT-07,125.18,5.1644,5.43,5.5163,5.7772
CMP-007652,Driver IC,Propagation Delay,ns,LOT-01,125.98,18.0675,18.5379,18.7416,18.6475
CMP-007653,Logic IC,Iddq,µA,LOT-07,127.58,9.8126,10.1702,10.4242,10.8995
CMP-007654,Memory IC,Standby Current,µA,LOT-20,125.05,24.3086,24.8708,25.1955,25.568
CMP-007655,ADC,Leakage Current,µA,LOT-17,126.84,5.1766,6.4103,11.7839,23.5149
CMP-007656,Driver IC,Propagation Delay,ns,LOT-13,126.92,17.5591,18.049,17.8929,18.2865
CMP-007657,Logic IC,Iddq,µA,LOT-03,125.13,10.0007,10.1551,10.7093,10.7133
CMP-007658,Memory IC,Standby Current,µA,LOT-13,122.43,24.8753,24.8733,25.2061,26.2209
CMP-007659,ADC,Leakage Current,µA,LOT-05,125.47,4.6278,4.7254,4.6867,4.7654
CMP-007660,Driver IC,Propagation Delay,ns,LOT-20,125.27,18.0814,19.8199,26.2543,40.6949
CMP-007661,Logic IC,Iddq,µA,LOT-16,124.66,9.744,12.2482,21.5982,37.6394
CMP-007662,Memory IC,Standby Current,µA,LOT-17,125.73,25.5862,26.1909,26.3309,26.8745
CMP-007663,ADC,Leakage Current,µA,LOT-05,124.44,4.8342,4.9203,5.2473,5.491
CMP-007664,Driver IC,Propagation Delay,ns,LOT-11,123.89,18.4546,20.8242,25.3759,37.4563
CMP-007665,Logic IC,Iddq,µA,LOT-04,123.12,10.0963,10.3863,10.7077,10.9585
CMP-007666,Memory IC,Standby Current,µA,LOT-07,125.84,24.4781,39.4345,25.4619,28.9533
CMP-007667,ADC,Leakage Current,µA,LOT-20,127.09,5.1284,5.2751,5.4389,5.6218
CMP-007668,Driver IC,Propagation Delay,ns,LOT-10,123.5,17.2171,18.6904,26.5662,42.9817
CMP-007669,Logic IC,Iddq,µA,LOT-02,127.79,9.7826,23.1522,11.0396,13.1273
CMP-007670,Memory IC,Standby Current,µA,LOT-11,126.94,25.4634,26.0706,26.3439,26.7212
CMP-007671,ADC,Leakage Current,µA,LOT-05,125.21,4.9889,5.2402,5.3283,5.4419
CMP-007672,Driver IC,Propagation Delay,ns,LOT-20,123.62,17.2525,18.0457,28.2271,41.2794
CMP-007673,Logic IC,Iddq,µA,LOT-07,125.91,9.5739,10.043,10.5665,10.5922
CMP-007674,Memory IC,Standby Current,µA,LOT-06,123.8,25.6904,24.9914,26.1568,27.0438
CMP-007675,ADC,Leakage Current,µA,LOT-15,123.59,5.1727,5.4046,5.4308,5.6874
CMP-007676,Driver IC,Propagation Delay,ns,LOT-17,124.69,18.8875,20.0894,28.7407,36.3002
CMP-007677,Logic IC,Iddq,µA,LOT-06,123.98,9.8036,10.3047,10.4513,10.9996
CMP-007678,Memory IC,Standby Current,µA,LOT-08,122.04,25.579,25.7896,26.2217,26.384
CMP-007679,ADC,Leakage Current,µA,LOT-12,124.46,5.3059,5.374,5.5152,5.8793
CMP-007680,Driver IC,Propagation Delay,ns,LOT-05,126.06,17.934,18.4048,24.5844,42.5287
CMP-007681,Logic IC,Iddq,µA,LOT-04,127.48,10.317,12.6449,18.0243,29.0258
CMP-007682,Memory IC,Standby Current,µA,LOT-19,124.13,24.8949,24.8133,26.0519,25.8701
CMP-007683,ADC,Leakage Current,µA,LOT-10,124.69,4.7254,6.343,12.0676,20.0853
CMP-007684,Driver IC,Propagation Delay,ns,LOT-19,127.95,17.3344,17.6499,18.1616,18.3295
CMP-007685,Logic IC,Iddq,µA,LOT-14,125.5,10.6056,11.0488,11.0391,11.1716
CMP-007686,Memory IC,Standby Current,µA,LOT-01,124.77,25.552,26.7072,26.992,27.2627
CMP-007687,ADC,Leakage Current,µA,LOT-06,125.02,4.7641,5.0627,5.0287,5.2683
CMP-007688,Driver IC,Propagation Delay,ns,LOT-18,123.53,18.1249,24.5539,19.2427,21.2316
CMP-007689,Logic IC,Iddq,µA,LOT-02,123.16,10.0015,26.1787,11.4083,12.5953
CMP-007690,Memory IC,Standby Current,µA,LOT-11,126.26,24.6674,25.6974,25.813,26.3255
CMP-007691,ADC,Leakage Current,µA,LOT-17,121.69,4.8893,5.0985,5.2788,5.3223
CMP-007692,Driver IC,Propagation Delay,ns,LOT-15,125.16,18.253,19.3243,24.3217,34.4098
CMP-007693,Logic IC,Iddq,µA,LOT-07,125.52,10.0097,11.4327,23.916,37.1051
CMP-007694,Memory IC,Standby Current,µA,LOT-11,124.27,25.5978,28.4071,43.1204,60.0784
CMP-007695,ADC,Leakage Current,µA,LOT-09,122.24,4.909,5.0807,5.2771,5.2342
CMP-007696,Driver IC,Propagation Delay,ns,LOT-13,123.8,18.4797,19.9341,25.9826,41.1976
CMP-007697,Logic IC,Iddq,µA,LOT-06,123.51,9.6048,9.8753,10.1196,10.3471
CMP-007698,Memory IC,Standby Current,µA,LOT-04,124.32,24.4148,25.7816,25.7956,26.4343
CMP-007699,ADC,Leakage Current,µA,LOT-04,126.57,5.2443,6.0558,10.2222,21.3257
CMP-007700,Driver IC,Propagation Delay,ns,LOT-05,122.83,17.4345,17.1288,17.7226,17.8581
CMP-007701,Logic IC,Iddq,µA,LOT-19,124.32,10.3378,11.5275,18.4449,34.885
CMP-007702,Memory IC,Standby Current,µA,LOT-10,126.11,24.4812,28.9942,43.2537,68.6129
CMP-007703,ADC,Leakage Current,µA,LOT-19,123.74,5.0196,14.3316,5.7835,7.9814
CMP-007704,Driver IC,Propagation Delay,ns,LOT-12,124.08,18.7783,21.0883,27.3015,35.4122
CMP-007705,Logic IC,Iddq,µA,LOT-02,123.63,9.9704,10.3086,10.3863,10.672
CMP-007706,Memory IC,Standby Current,µA,LOT-18,124.61,24.373,29.0377,37.1,57.5823
CMP-007707,ADC,Leakage Current,µA,LOT-20,126.49,5.0888,5.1455,5.1148,5.2759
CMP-007708,Driver IC,Propagation Delay,ns,LOT-18,125.92,17.9642,18.2992,18.4026,18.9095
CMP-007709,Logic IC,Iddq,µA,LOT-04,125.77,10.4983,12.8848,22.4282,40.8322
CMP-007710,Memory IC,Standby Current,µA,LOT-12,127.3,24.4899,25.1395,25.5645,25.8074
CMP-007711,ADC,Leakage Current,µA,LOT-10,123.81,5.045,5.133,5.3487,5.4677
CMP-007712,Driver IC,Propagation Delay,ns,LOT-03,127.93,17.8007,18.157,18.4568,18.7783
CMP-007713,Logic IC,Iddq,µA,LOT-06,122.54,9.6579,9.6479,10.0524,10.2972
CMP-007714,Memory IC,Standby Current,µA,LOT-12,126.56,24.9533,28.6273,44.5072,75.7597
CMP-007715,ADC,Leakage Current,µA,LOT-15,123.7,5.4213,6.8494,9.8381,16.1005
CMP-007716,Driver IC,Propagation Delay,ns,LOT-14,126.55,18.2852,18.3102,18.2526,18.9757
CMP-007717,Logic IC,Iddq,µA,LOT-09,120.18,9.9826,12.1105,20.8757,31.0181
CMP-007718,Memory IC,Standby Current,µA,LOT-11,124.91,24.0751,28.0303,37.2956,61.4361
CMP-007719,ADC,Leakage Current,µA,LOT-02,124.18,4.8351,5.8184,10.9092,19.3128
CMP-007720,Driver IC,Propagation Delay,ns,LOT-17,126.19,17.8231,18.5786,28.6396,43.1756
CMP-007721,Logic IC,Iddq,µA,LOT-15,124.76,9.8827,11.2653,20.3484,34.9548
CMP-007722,Memory IC,Standby Current,µA,LOT-15,126.45,24.973,27.8454,43.8706,79.0648
CMP-007723,ADC,Leakage Current,µA,LOT-07,127.54,4.8076,6.1243,10.1937,19.8967
CMP-007724,Driver IC,Propagation Delay,ns,LOT-10,123.73,17.2961,18.1596,17.6833,18.2142
CMP-007725,Logic IC,Iddq,µA,LOT-16,127.13,9.7986,12.0732,20.5819,38.1853
CMP-007726,Memory IC,Standby Current,µA,LOT-10,122.37,24.6336,26.9809,38.2925,71.8286
CMP-007727,ADC,Leakage Current,µA,LOT-02,126.36,5.0376,5.1081,5.2294,5.422
CMP-007728,Driver IC,Propagation Delay,ns,LOT-03,122.98,17.5335,17.541,18.2511,17.9446
CMP-007729,Logic IC,Iddq,µA,LOT-17,126.92,10.3836,12.8922,18.5177,29.3695
CMP-007730,Memory IC,Standby Current,µA,LOT-19,127.48,25.458,26.1421,26.3463,26.84
CMP-007731,ADC,Leakage Current,µA,LOT-05,122.99,4.4217,4.5249,4.6631,4.8957
CMP-007732,Driver IC,Propagation Delay,ns,LOT-07,126.44,17.9147,18.3141,18.4182,18.3689
CMP-007733,Logic IC,Iddq,µA,LOT-11,124.0,10.5912,13.5919,20.6908,34.6469
CMP-007734,Memory IC,Standby Current,µA,LOT-09,122.83,25.3014,26.1406,26.1008,26.002
CMP-007735,ADC,Leakage Current,µA,LOT-14,124.42,4.8949,5.1196,5.1747,5.3884
CMP-007736,Driver IC,Propagation Delay,ns,LOT-01,124.02,18.4036,20.4693,26.1223,40.0073
CMP-007737,Logic IC,Iddq,µA,LOT-19,125.25,10.2469,10.385,10.3965,10.8461
CMP-007738,Memory IC,Standby Current,µA,LOT-09,124.55,25.175,25.4472,25.5114,26.8484
CMP-007739,ADC,Leakage Current,µA,LOT-16,123.61,4.9106,5.0804,5.2488,5.2699
CMP-007740,Driver IC,Propagation Delay,ns,LOT-07,125.46,17.8743,18.2865,27.8457,48.043
CMP-007741,Logic IC,Iddq,µA,LOT-07,127.02,10.1751,12.1235,19.0375,37.3479
CMP-007742,Memory IC,Standby Current,µA,LOT-18,126.08,25.825,25.9909,26.3674,27.437
CMP-007743,ADC,Leakage Current,µA,LOT-17,123.65,5.1941,5.3343,5.4898,5.6292
CMP-007744,Driver IC,Propagation Delay,ns,LOT-15,125.96,17.8719,18.3456,18.3519,18.7618
CMP-007745,Logic IC,Iddq,µA,LOT-08,124.22,9.5764,9.822,10.2079,10.3737
CMP-007746,Memory IC,Standby Current,µA,LOT-12,123.17,24.7748,25.3136,25.7116,26.7823
CMP-007747,ADC,Leakage Current,µA,LOT-02,125.06,4.5668,4.7583,5.059,5.1428
CMP-007748,Driver IC,Propagation Delay,ns,LOT-06,124.44,17.7813,17.8934,17.9035,18.4284
CMP-007749,Logic IC,Iddq,µA,LOT-07,125.09,9.56,10.1997,10.2101,10.5302
CMP-007750,Memory IC,Standby Current,µA,LOT-05,126.64,24.6306,26.7842,38.3414,59.6852
CMP-007751,ADC,Leakage Current,µA,LOT-05,125.68,4.5052,12.0985,5.255,6.6365
CMP-007752,Driver IC,Propagation Delay,ns,LOT-06,122.24,18.1089,27.7298,19.8414,22.5571
CMP-007753,Logic IC,Iddq,µA,LOT-09,125.49,10.2492,10.1379,10.621,10.8599
CMP-007754,Memory IC,Standby Current,µA,LOT-16,122.53,25.1388,40.9212,26.6899,30.1404
CMP-007755,ADC,Leakage Current,µA,LOT-17,124.42,5.0637,5.2784,5.4156,5.5913
CMP-007756,Driver IC,Propagation Delay,ns,LOT-18,123.69,17.5237,18.3171,18.3147,18.0865
CMP-007757,Logic IC,Iddq,µA,LOT-18,123.9,9.6833,23.9639,11.9498,12.2139
CMP-007758,Memory IC,Standby Current,µA,LOT-16,126.06,24.3257,25.3887,25.6149,25.8245
CMP-007759,ADC,Leakage Current,µA,LOT-12,124.9,4.9114,5.0964,5.2636,5.3798
CMP-007760,Driver IC,Propagation Delay,ns,LOT-08,123.74,17.4183,18.7928,25.0289,39.7877
CMP-007761,Logic IC,Iddq,µA,LOT-01,124.08,10.3469,10.4982,10.9576,10.8828
CMP-007762,Memory IC,Standby Current,µA,LOT-05,124.56,25.3547,25.6037,25.8591,26.1565
CMP-007763,ADC,Leakage Current,µA,LOT-19,126.26,4.9621,5.2459,5.4038,5.5557
CMP-007764,Driver IC,Propagation Delay,ns,LOT-16,125.37,17.5817,18.0467,17.969,18.2954
CMP-007765,Logic IC,Iddq,µA,LOT-01,125.28,10.0265,27.0503,11.1642,13.7747
CMP-007766,Memory IC,Standby Current,µA,LOT-19,124.79,25.2184,25.5085,25.8328,26.6431
CMP-007767,ADC,Leakage Current,µA,LOT-16,125.1,4.8908,4.936,5.029,5.2253
CMP-007768,Driver IC,Propagation Delay,ns,LOT-11,125.32,18.5438,19.1691,26.4346,40.2294
CMP-007769,Logic IC,Iddq,µA,LOT-05,124.51,9.3552,9.6516,9.7451,10.0396
CMP-007770,Memory IC,Standby Current,µA,LOT-14,124.73,26.116,28.6134,40.4623,63.9845
CMP-007771,ADC,Leakage Current,µA,LOT-13,124.67,5.1532,6.1454,13.2107,22.4778
CMP-007772,Driver IC,Propagation Delay,ns,LOT-05,125.31,17.4935,17.4535,17.9807,17.9313
CMP-007773,Logic IC,Iddq,µA,LOT-14,123.47,10.5544,11.5454,21.3392,40.4103
CMP-007774,Memory IC,Standby Current,µA,LOT-02,123.95,24.2112,24.2079,25.2593,24.7098
CMP-007775,ADC,Leakage Current,µA,LOT-09,128.69,5.2103,6.0976,11.5012,23.3131
CMP-007776,Driver IC,Propagation Delay,ns,LOT-11,122.1,18.3242,18.8833,19.0094,19.2371
CMP-007777,Logic IC,Iddq,µA,LOT-10,124.17,9.7549,12.6554,20.188,31.9317
CMP-007778,Memory IC,Standby Current,µA,LOT-07,123.69,24.5961,24.8313,25.7113,25.4026
CMP-007779,ADC,Leakage Current,µA,LOT-15,124.61,5.2724,6.6563,10.5165,17.9372
CMP-007780,Driver IC,Propagation Delay,ns,LOT-02,126.7,17.2493,17.5884,17.8786,18.0784
CMP-007781,Logic IC,Iddq,µA,LOT-05,124.37,9.7928,10.287,10.7334,10.8665
CMP-007782,Memory IC,Standby Current,µA,LOT-07,125.04,25.031,38.1813,27.6509,32.1347
CMP-007783,ADC,Leakage Current,µA,LOT-15,122.23,5.1055,6.6257,11.0683,20.514
CMP-007784,Driver IC,Propagation Delay,ns,LOT-15,123.33,18.4084,20.3242,24.0472,34.3309
CMP-007785,Logic IC,Iddq,µA,LOT-11,125.62,10.1998,11.9881,21.824,46.8456
CMP-007786,Memory IC,Standby Current,µA,LOT-04,125.32,25.8565,25.7509,26.2107,26.8453
CMP-007787,ADC,Leakage Current,µA,LOT-11,125.12,5.1787,5.3881,5.4366,5.7455
CMP-007788,Driver IC,Propagation Delay,ns,LOT-14,127.31,17.8632,19.3312,23.9715,32.4516
CMP-007789,Logic IC,Iddq,µA,LOT-03,126.23,10.1437,11.9031,19.7774,30.7118
CMP-007790,Memory IC,Standby Current,µA,LOT-12,126.95,26.413,29.4402,41.0235,71.1725
CMP-007791,ADC,Leakage Current,µA,LOT-17,123.77,5.0178,12.6493,5.9728,8.2883
CMP-007792,Driver IC,Propagation Delay,ns,LOT-12,124.93,17.2409,17.5312,17.7413,17.3989
CMP-007793,Logic IC,Iddq,µA,LOT-17,125.69,10.1343,24.8381,11.8365,14.3093
CMP-007794,Memory IC,Standby Current,µA,LOT-08,125.53,24.3474,25.1424,25.869,25.9887
CMP-007795,ADC,Leakage Current,µA,LOT-10,125.47,4.6933,4.783,4.7933,5.019
CMP-007796,Driver IC,Propagation Delay,ns,LOT-03,124.18,18.2674,18.7256,18.3188,18.7484
CMP-007797,Logic IC,Iddq,µA,LOT-14,123.58,10.3358,10.7309,10.9997,10.8866
CMP-007798,Memory IC,Standby Current,µA,LOT-04,123.22,26.2815,26.5318,26.5951,26.8962
CMP-007799,ADC,Leakage Current,µA,LOT-17,125.47,4.7745,6.2077,12.1928,20.2102
CMP-007800,Driver IC,Propagation Delay,ns,LOT-10,126.95,17.1575,17.0999,17.4781,17.3213
CMP-007801,Logic IC,Iddq,µA,LOT-10,123.96,9.7863,9.8021,10.1978,10.254
CMP-007802,Memory IC,Standby Current,µA,LOT-15,124.29,25.4562,29.012,44.1071,70.6781
CMP-007803,ADC,Leakage Current,µA,LOT-01,123.92,5.1777,6.1457,11.858,20.0364
CMP-007804,Driver IC,Propagation Delay,ns,LOT-11,125.19,17.9206,18.24,18.941,18.9702
CMP-007805,Logic IC,Iddq,µA,LOT-01,124.92,10.612,13.363,23.1137,40.2561
CMP-007806,Memory IC,Standby Current,µA,LOT-14,126.14,25.6797,28.6736,38.7598,65.9968
CMP-007807,ADC,Leakage Current,µA,LOT-14,126.99,5.0777,5.1218,5.1812,5.3351
CMP-007808,Driver IC,Propagation Delay,ns,LOT-19,122.69,17.8558,17.9408,18.2586,18.5845
CMP-007809,Logic IC,Iddq,µA,LOT-01,125.6,10.1723,10.3848,10.6258,10.8922
CMP-007810,Memory IC,Standby Current,µA,LOT-03,125.03,24.7904,25.7208,26.2146,26.4582
CMP-007811,ADC,Leakage Current,µA,LOT-01,125.15,5.0559,5.2915,5.4257,5.5902
CMP-007812,Driver IC,Propagation Delay,ns,LOT-08,126.86,18.0387,19.8027,23.9075,36.4552
CMP-007813,Logic IC,Iddq,µA,LOT-14,126.21,10.4451,12.8652,20.3243,31.4951
CMP-007814,Memory IC,Standby Current,µA,LOT-02,126.13,24.1318,24.7135,24.9645,25.8442
CMP-007815,ADC,Leakage Current,µA,LOT-10,128.62,4.9338,6.6388,10.7255,19.1567
CMP-007816,Driver IC,Propagation Delay,ns,LOT-10,125.88,17.6303,18.2729,18.2914,18.6346
CMP-007817,Logic IC,Iddq,µA,LOT-13,125.25,10.0864,10.4164,10.4114,10.8276
CMP-007818,Memory IC,Standby Current,µA,LOT-01,127.43,25.6186,28.0581,43.1266,66.3776
CMP-007819,ADC,Leakage Current,µA,LOT-15,125.25,4.9725,5.1713,5.3019,5.4801
CMP-007820,Driver IC,Propagation Delay,ns,LOT-02,125.98,17.828,18.8934,24.1573,39.0267
CMP-007821,Logic IC,Iddq,µA,LOT-16,122.72,9.6559,9.7645,10.1209,10.2173
CMP-007822,Memory IC,Standby Current,µA,LOT-05,125.59,23.9072,41.1143,26.68,30.6687
CMP-007823,ADC,Leakage Current,µA,LOT-13,125.24,5.0129,5.5321,11.4625,20.8639
CMP-007824,Driver IC,Propagation Delay,ns,LOT-15,123.76,18.3041,19.4077,27.2126,43.2644
CMP-007825,Logic IC,Iddq,µA,LOT-18,122.79,10.1647,11.8086,20.0587,35.8931
CMP-007826,Memory IC,Standby Current,µA,LOT-16,121.63,25.2485,37.3606,27.4771,29.9923
CMP-007827,ADC,Leakage Current,µA,LOT-03,125.97,5.1343,10.8166,5.8238,7.6714
CMP-007828,Driver IC,Propagation Delay,ns,LOT-11,127.9,18.6458,18.8646,19.0427,18.9623
CMP-007829,Logic IC,Iddq,µA,LOT-15,124.24,10.3422,20.4626,11.8454,12.9403
CMP-007830,Memory IC,Standby Current,µA,LOT-13,125.23,24.5756,27.7357,43.0101,64.511
CMP-007831,ADC,Leakage Current,µA,LOT-14,123.29,5.294,5.3657,5.4733,5.7695
CMP-007832,Driver IC,Propagation Delay,ns,LOT-18,125.69,17.5424,17.594,17.7575,17.8306
CMP-007833,Logic IC,Iddq,µA,LOT-10,124.56,10.2426,10.6332,10.9046,11.255
CMP-007834,Memory IC,Standby Current,µA,LOT-01,124.7,25.6034,42.2386,28.7261,30.1625
CMP-007835,ADC,Leakage Current,µA,LOT-05,126.23,4.3944,4.6354,4.8872,4.8928
CMP-007836,Driver IC,Propagation Delay,ns,LOT-09,120.94,16.8354,23.4995,19.3082,22.0759
CMP-007837,Logic IC,Iddq,µA,LOT-11,125.58,10.2727,10.5886,10.9632,11.2234
CMP-007838,Memory IC,Standby Current,µA,LOT-16,120.44,23.9568,24.0865,25.1306,25.2858
CMP-007839,ADC,Leakage Current,µA,LOT-01,125.9,5.0326,5.0617,5.2006,5.4049
CMP-007840,Driver IC,Propagation Delay,ns,LOT-04,124.96,17.801,19.4116,25.44,37.3075
CMP-007841,Logic IC,Iddq,µA,LOT-10,122.88,9.7233,9.9452,10.2815,10.4519
CMP-007842,Memory IC,Standby Current,µA,LOT-13,128.43,24.8547,25.3711,25.8356,26.2564
CMP-007843,ADC,Leakage Current,µA,LOT-17,126.55,5.0269,5.701,12.2518,20.3909
CMP-007844,Driver IC,Propagation Delay,ns,LOT-04,123.97,18.2277,18.3138,18.71,19.1931
CMP-007845,Logic IC,Iddq,µA,LOT-04,126.25,10.3459,10.4597,10.7455,11.1027
CMP-007846,Memory IC,Standby Current,µA,LOT-18,127.11,24.8764,41.7578,25.8002,27.421
CMP-007847,ADC,Leakage Current,µA,LOT-10,123.24,4.8398,4.7066,5.0632,5.1245
CMP-007848,Driver IC,Propagation Delay,ns,LOT-19,124.21,17.7445,19.5887,26.9044,42.6599
CMP-007849,Logic IC,Iddq,µA,LOT-06,125.51,9.5681,9.6677,9.87,10.0103
CMP-007850,Memory IC,Standby Current,µA,LOT-02,125.29,24.4836,24.9159,25.1612,25.5305
CMP-007851,ADC,Leakage Current,µA,LOT-07,124.48,4.9307,5.0527,5.2389,5.2676
CMP-007852,Driver IC,Propagation Delay,ns,LOT-09,120.39,18.3615,18.4521,18.349,18.7608
CMP-007853,Logic IC,Iddq,µA,LOT-19,122.17,10.2751,22.0188,11.7625,14.4289
CMP-007854,Memory IC,Standby Current,µA,LOT-06,124.51,25.717,26.1008,26.8898,27.2659
CMP-007855,ADC,Leakage Current,µA,LOT-18,126.73,4.9252,13.942,5.2552,7.4389
CMP-007856,Driver IC,Propagation Delay,ns,LOT-09,127.56,18.3775,24.9838,19.5943,21.393
CMP-007857,Logic IC,Iddq,µA,LOT-14,124.46,10.1878,10.5726,10.7249,11.0521
CMP-007858,Memory IC,Standby Current,µA,LOT-01,122.88,24.686,29.495,38.0932,59.4648
CMP-007859,ADC,Leakage Current,µA,LOT-11,125.31,5.4255,5.4203,5.5692,5.9601
CMP-007860,Driver IC,Propagation Delay,ns,LOT-13,122.63,17.6806,18.1664,18.4561,18.3434
CMP-007861,Logic IC,Iddq,µA,LOT-11,127.51,10.0907,11.7913,21.7488,42.3658
CMP-007862,Memory IC,Standby Current,µA,LOT-07,122.47,24.6014,40.0487,27.0651,29.4959
CMP-007863,ADC,Leakage Current,µA,LOT-02,125.62,4.9098,5.0532,5.1424,5.216
CMP-007864,Driver IC,Propagation Delay,ns,LOT-05,124.05,17.8138,18.0123,18.2845,18.2377
CMP-007865,Logic IC,Iddq,µA,LOT-15,125.18,10.3378,10.6746,10.6541,11.1402
CMP-007866,Memory IC,Standby Current,µA,LOT-07,125.09,25.2028,25.3977,26.028,25.8436
CMP-007867,ADC,Leakage Current,µA,LOT-11,122.95,4.9305,4.9736,5.142,5.2085
CMP-007868,Driver IC,Propagation Delay,ns,LOT-05,125.79,17.9402,19.148,24.85,44.201
CMP-007869,Logic IC,Iddq,µA,LOT-19,125.93,10.3222,10.6885,10.9893,10.9836
CMP-007870,Memory IC,Standby Current,µA,LOT-08,125.01,23.5656,27.1079,40.0921,66.8398
CMP-007871,ADC,Leakage Current,µA,LOT-14,125.41,5.4005,11.5766,6.8331,7.2707
CMP-007872,Driver IC,Propagation Delay,ns,LOT-13,127.83,18.3898,18.9119,18.7306,19.0985
CMP-007873,Logic IC,Iddq,µA,LOT-15,125.12,9.4845,12.3312,20.4833,32.6668
CMP-007874,Memory IC,Standby Current,µA,LOT-07,126.58,25.849,26.2575,26.1929,27.5693
CMP-007875,ADC,Leakage Current,µA,LOT-15,125.59,5.21,5.3115,5.5928,5.7015
CMP-007876,Driver IC,Propagation Delay,ns,LOT-08,128.67,18.3038,18.4769,19.0516,18.8734
CMP-007877,Logic IC,Iddq,µA,LOT-01,121.49,9.8239,10.1032,10.1436,10.6549
CMP-007878,Memory IC,Standby Current,µA,LOT-19,123.75,26.3028,30.4462,43.3713,67.022
CMP-007879,ADC,Leakage Current,µA,LOT-15,124.98,5.276,5.199,5.5293,5.639
CMP-007880,Driver IC,Propagation Delay,ns,LOT-02,125.85,17.5508,19.7447,26.0148,41.7747
CMP-007881,Logic IC,Iddq,µA,LOT-15,123.52,10.2167,10.2056,10.4746,10.8404
CMP-007882,Memory IC,Standby Current,µA,LOT-10,126.2,24.8542,27.4433,37.8118,64.0717
CMP-007883,ADC,Leakage Current,µA,LOT-18,124.04,4.7171,5.5855,11.4608,19.7336
CMP-007884,Driver IC,Propagation Delay,ns,LOT-02,126.15,17.745,18.1896,18.6191,18.3268
CMP-007885,Logic IC,Iddq,µA,LOT-04,129.84,10.1146,11.0388,19.2166,38.9072
CMP-007886,Memory IC,Standby Current,µA,LOT-13,123.58,24.6264,24.7392,25.4039,25.6002
CMP-007887,ADC,Leakage Current,µA,LOT-13,122.59,5.0676,5.7787,13.2013,27.6635
CMP-007888,Driver IC,Propagation Delay,ns,LOT-04,127.13,17.9173,20.0904,24.2964,34.0408
CMP-007889,Logic IC,Iddq,µA,LOT-10,124.67,9.8248,9.7104,10.2512,10.2594
CMP-007890,Memory IC,Standby Current,µA,LOT-12,124.9,23.8401,24.0466,24.6555,25.0471
CMP-007891,ADC,Leakage Current,µA,LOT-07,124.9,5.0306,5.1259,5.2537,5.3723
CMP-007892,Driver IC,Propagation Delay,ns,LOT-12,124.18,18.388,19.0596,28.3698,47.7092
CMP-007893,Logic IC,Iddq,µA,LOT-07,124.94,9.9171,11.9325,22.5275,35.4691
CMP-007894,Memory IC,Standby Current,µA,LOT-19,124.67,25.8507,28.3412,36.2567,64.4365
CMP-007895,ADC,Leakage Current,µA,LOT-04,126.32,5.186,5.3008,5.4922,5.6107
CMP-007896,Driver IC,Propagation Delay,ns,LOT-13,126.36,18.1729,19.5163,27.3797,39.813
CMP-007897,Logic IC,Iddq,µA,LOT-18,124.54,9.7621,9.9589,10.2782,10.5092
CMP-007898,Memory IC,Standby Current,µA,LOT-07,127.72,25.2029,25.5597,25.2583,25.7845
CMP-007899,ADC,Leakage Current,µA,LOT-06,126.9,4.9332,5.0524,5.1607,5.4351
CMP-007900,Driver IC,Propagation Delay,ns,LOT-19,125.85,17.5229,18.9385,26.6983,34.4869
CMP-007901,Logic IC,Iddq,µA,LOT-01,124.46,10.6535,21.1579,11.5622,14.3891
CMP-007902,Memory IC,Standby Current,µA,LOT-13,124.45,25.3574,27.7362,42.8503,71.2197
CMP-007903,ADC,Leakage Current,µA,LOT-13,124.95,5.3656,5.4114,5.5964,5.7578
CMP-007904,Driver IC,Propagation Delay,ns,LOT-04,123.54,17.8459,17.7012,18.6653,18.2169
CMP-007905,Logic IC,Iddq,µA,LOT-06,124.34,9.8012,9.909,10.4184,10.7125
CMP-007906,Memory IC,Standby Current,µA,LOT-11,126.61,25.1538,24.963,26.0261,25.9848
CMP-007907,ADC,Leakage Current,µA,LOT-09,125.47,4.9536,5.1428,5.3367,5.5257
CMP-007908,Driver IC,Propagation Delay,ns,LOT-08,123.19,17.7621,19.3822,25.9224,43.8748
CMP-007909,Logic IC,Iddq,µA,LOT-19,124.77,10.2248,10.7104,10.7015,10.9215
CMP-007910,Memory IC,Standby Current,µA,LOT-02,126.11,25.0042,36.8978,26.6583,29.903
CMP-007911,ADC,Leakage Current,µA,LOT-13,125.13,4.8745,5.0538,5.1397,5.3088
CMP-007912,Driver IC,Propagation Delay,ns,LOT-14,123.29,18.1941,19.5934,28.3887,38.7814
CMP-007913,Logic IC,Iddq,µA,LOT-17,124.85,10.1795,10.313,10.3907,10.6079
CMP-007914,Memory IC,Standby Current,µA,LOT-05,124.9,23.9897,24.4536,24.731,25.3373
CMP-007915,ADC,Leakage Current,µA,LOT-07,123.5,5.2152,5.3646,5.4472,5.6359
CMP-007916,Driver IC,Propagation Delay,ns,LOT-15,123.35,18.6779,24.5116,19.5508,20.6763
CMP-007917,Logic IC,Iddq,µA,LOT-20,124.52,9.9471,18.1364,10.3706,13.6658
CMP-007918,Memory IC,Standby Current,µA,LOT-19,123.08,25.3776,25.3235,25.7804,25.8008
CMP-007919,ADC,Leakage Current,µA,LOT-14,125.06,5.2939,6.2059,11.067,25.5946
CMP-007920,Driver IC,Propagation Delay,ns,LOT-20,123.82,18.2281,18.6639,26.081,45.2851
CMP-007921,Logic IC,Iddq,µA,LOT-20,125.01,10.0443,10.5141,10.5333,10.7143
CMP-007922,Memory IC,Standby Current,µA,LOT-20,123.07,24.6002,25.0447,24.5541,25.2891
CMP-007923,ADC,Leakage Current,µA,LOT-01,122.86,5.003,4.9673,5.2488,5.3243
CMP-007924,Driver IC,Propagation Delay,ns,LOT-01,123.61,18.4856,31.5864,19.7265,20.4268
CMP-007925,Logic IC,Iddq,µA,LOT-09,123.92,10.5663,11.8926,18.7442,41.8558
CMP-007926,Memory IC,Standby Current,µA,LOT-11,125.46,25.6389,26.5158,26.8256,26.7499
CMP-007927,ADC,Leakage Current,µA,LOT-17,125.52,4.9748,12.3625,5.5539,6.1962
CMP-007928,Driver IC,Propagation Delay,ns,LOT-12,124.1,17.8371,17.8848,18.2056,18.4944
CMP-007929,Logic IC,Iddq,µA,LOT-13,125.24,9.6416,9.9515,10.1809,10.6189
CMP-007930,Memory IC,Standby Current,µA,LOT-11,123.13,24.7889,27.4108,42.4103,75.962
CMP-007931,ADC,Leakage Current,µA,LOT-13,124.35,4.8351,4.9381,5.2919,5.307
CMP-007932,Driver IC,Propagation Delay,ns,LOT-02,124.95,18.7163,18.9502,19.1591,19.6166
CMP-007933,Logic IC,Iddq,µA,LOT-12,123.16,10.2761,10.3187,10.8,11.2068
CMP-007934,Memory IC,Standby Current,µA,LOT-13,123.24,24.0763,24.1165,24.8319,25.7258
CMP-007935,ADC,Leakage Current,µA,LOT-12,123.07,4.8641,5.087,5.2447,5.5117
CMP-007936,Driver IC,Propagation Delay,ns,LOT-05,125.16,17.822,17.8715,18.4851,18.2765
CMP-007937,Logic IC,Iddq,µA,LOT-15,126.89,9.7631,10.1653,10.2763,10.9109
CMP-007938,Memory IC,Standby Current,µA,LOT-20,123.11,24.534,24.7214,24.695,26.1901
CMP-007939,ADC,Leakage Current,µA,LOT-20,126.72,4.9405,5.5623,11.3724,24.5802
CMP-007940,Driver IC,Propagation Delay,ns,LOT-02,123.4,17.449,17.7124,17.828,17.8436
CMP-007941,Logic IC,Iddq,µA,LOT-07,123.86,9.2643,9.6565,9.9475,10.3132
CMP-007942,Memory IC,Standby Current,µA,LOT-19,123.53,26.0459,48.8761,28.6335,31.4723
CMP-007943,ADC,Leakage Current,µA,LOT-03,122.89,5.0361,5.2975,5.4453,5.6435
CMP-007944,Driver IC,Propagation Delay,ns,LOT-13,125.58,18.1097,20.5233,26.4428,39.7472
CMP-007945,Logic IC,Iddq,µA,LOT-13,126.77,9.8496,10.6581,19.6083,41.6963
CMP-007946,Memory IC,Standby Current,µA,LOT-12,125.19,25.0654,26.2157,26.0727,26.5299
CMP-007947,ADC,Leakage Current,µA,LOT-09,125.35,4.7339,4.9658,5.0561,5.2183
CMP-007948,Driver IC,Propagation Delay,ns,LOT-05,128.04,17.4072,29.0555,19.3392,21.9621
CMP-007949,Logic IC,Iddq,µA,LOT-19,124.18,10.1627,11.5514,23.2905,37.3937
CMP-007950,Memory IC,Standby Current,µA,LOT-07,125.45,24.892,25.7077,25.9814,26.5113
CMP-007951,ADC,Leakage Current,µA,LOT-05,126.96,4.5923,4.7495,4.9194,5.1169
CMP-007952,Driver IC,Propagation Delay,ns,LOT-01,125.02,17.8748,19.1834,25.243,43.7607
CMP-007953,Logic IC,Iddq,µA,LOT-10,124.89,10.0795,10.1077,10.3884,10.4919
CMP-007954,Memory IC,Standby Current,µA,LOT-03,126.0,25.2686,28.0206,36.8155,63.8554
CMP-007955,ADC,Leakage Current,µA,LOT-03,124.11,5.2089,5.4509,5.5444,5.8187
CMP-007956,Driver IC,Propagation Delay,ns,LOT-02,127.23,17.9935,18.1221,18.4749,18.6963
CMP-007957,Logic IC,Iddq,µA,LOT-05,125.14,9.6534,9.8304,9.9058,10.395
CMP-007958,Memory IC,Standby Current,µA,LOT-13,122.63,25.8902,28.3,40.7736,58.4332
CMP-007959,ADC,Leakage Current,µA,LOT-08,126.6,5.2085,6.2725,9.5532,16.7089
CMP-007960,Driver IC,Propagation Delay,ns,LOT-10,126.71,17.6631,17.5079,18.0767,18.5973
CMP-007961,Logic IC,Iddq,µA,LOT-05,125.41,9.386,10.5317,22.541,37.9929
CMP-007962,Memory IC,Standby Current,µA,LOT-15,122.15,24.98,27.6491,37.7766,60.5771
CMP-007963,ADC,Leakage Current,µA,LOT-18,125.56,4.7507,5.0222,5.0783,5.2464
CMP-007964,Driver IC,Propagation Delay,ns,LOT-13,126.11,18.1587,29.1733,19.1643,21.3019
CMP-007965,Logic IC,Iddq,µA,LOT-15,126.24,10.0891,12.0905,18.913,38.5319
CMP-007966,Memory IC,Standby Current,µA,LOT-05,121.97,24.7765,25.2298,26.0463,26.031
CMP-007967,ADC,Leakage Current,µA,LOT-18,124.76,4.8763,4.9931,5.15,5.3899
CMP-007968,Driver IC,Propagation Delay,ns,LOT-18,128.15,17.5736,18.9103,24.7311,39.8782
CMP-007969,Logic IC,Iddq,µA,LOT-09,124.64,10.2567,10.5831,10.63,10.8571
CMP-007970,Memory IC,Standby Current,µA,LOT-14,127.07,25.3396,26.0091,26.4677,26.8683
CMP-007971,ADC,Leakage Current,µA,LOT-04,123.66,5.1455,6.0208,10.5085,20.2196
CMP-007972,Driver IC,Propagation Delay,ns,LOT-03,126.75,18.5903,18.5448,18.9698,18.8801
CMP-007973,Logic IC,Iddq,µA,LOT-07,128.16,9.6519,20.7581,11.7689,14.1641
CMP-007974,Memory IC,Standby Current,µA,LOT-19,126.05,24.5175,46.513,27.8531,29.8417
CMP-007975,ADC,Leakage Current,µA,LOT-10,125.81,4.9556,12.2752,5.8885,6.5258
CMP-007976,Driver IC,Propagation Delay,ns,LOT-15,125.61,17.8284,19.442,29.0524,44.3961
CMP-007977,Logic IC,Iddq,µA,LOT-15,125.12,9.929,10.1505,10.422,10.5183
CMP-007978,Memory IC,Standby Current,µA,LOT-04,121.65,24.8061,25.0339,25.4045,25.7229
CMP-007979,ADC,Leakage Current,µA,LOT-20,124.89,5.1753,5.1791,5.3075,5.6225
CMP-007980,Driver IC,Propagation Delay,ns,LOT-15,126.15,18.4231,18.3277,18.4255,18.8021
CMP-007981,Logic IC,Iddq,µA,LOT-14,127.06,9.9012,10.0653,10.3077,10.7894
CMP-007982,Memory IC,Standby Current,µA,LOT-02,125.09,25.1521,26.1078,26.2893,27.0177
CMP-007983,ADC,Leakage Current,µA,LOT-20,123.78,4.9972,5.0657,5.0594,5.3387
CMP-007984,Driver IC,Propagation Delay,ns,LOT-07,122.31,17.991,18.8996,24.6662,34.4132
CMP-007985,Logic IC,Iddq,µA,LOT-17,127.87,9.9474,10.2559,10.3822,10.5002
CMP-007986,Memory IC,Standby Current,µA,LOT-05,125.38,23.9103,26.3069,36.5776,71.3397
CMP-007987,ADC,Leakage Current,µA,LOT-01,127.01,4.9683,5.097,5.224,5.3331
CMP-007988,Driver IC,Propagation Delay,ns,LOT-15,126.22,17.9292,19.9243,26.1144,42.3263
CMP-007989,Logic IC,Iddq,µA,LOT-15,124.55,10.2987,10.7786,11.0904,11.3365
CMP-007990,Memory IC,Standby Current,µA,LOT-11,125.92,26.2858,25.7149,26.3967,27.2018
CMP-007991,ADC,Leakage Current,µA,LOT-16,124.42,4.9127,6.3685,9.9015,18.8342
CMP-007992,Driver IC,Propagation Delay,ns,LOT-12,121.95,19.0281,19.4012,19.1406,19.4906
CMP-007993,Logic IC,Iddq,µA,LOT-17,123.83,9.5798,10.0842,10.31,10.5687
CMP-007994,Memory IC,Standby Current,µA,LOT-17,126.54,24.9815,27.2631,38.9374,66.9987
CMP-007995,ADC,Leakage Current,µA,LOT-20,125.0,4.9097,5.0165,5.2651,5.3734
CMP-007996,Driver IC,Propagation Delay,ns,LOT-17,124.15,18.1147,18.3371,18.4861,19.0512
CMP-007997,Logic IC,Iddq,µA,LOT-16,125.74,10.0963,10.4168,10.8219,10.8105
CMP-007998,Memory IC,Standby Current,µA,LOT-08,125.54,23.8609,24.4036,25.3873,25.824
CMP-007999,ADC,Leakage Current,µA,LOT-14,124.16,4.995,5.0654,5.2908,5.3489
CMP-008000,Driver IC,Propagation Delay,ns,LOT-12,124.87,18.8246,18.7998,18.8253,19.0892
CMP-008001,Logic IC,Iddq,µA,LOT-01,124.44,9.8797,10.3559,10.621,10.7569
CMP-008002,Memory IC,Standby Current,µA,LOT-18,125.3,25.8,26.0367,26.2203,27.4972
CMP-008003,ADC,Leakage Current,µA,LOT-12,127.32,5.1236,5.2359,5.4072,5.6745
CMP-008004,Driver IC,Propagation Delay,ns,LOT-01,123.93,18.0992,18.5733,18.3375,18.7901
CMP-008005,Logic IC,Iddq,µA,LOT-11,121.87,10.2108,10.4026,10.7645,10.9382
CMP-008006,Memory IC,Standby Current,µA,LOT-12,127.18,24.8417,38.6541,27.5857,33.6289
CMP-008007,ADC,Leakage Current,µA,LOT-11,124.85,5.0089,6.1113,9.9647,22.8213
CMP-008008,Driver IC,Propagation Delay,ns,LOT-04,125.34,17.2718,19.0098,25.6732,34.4479
CMP-008009,Logic IC,Iddq,µA,LOT-03,122.12,10.348,10.6518,10.6869,11.2657
CMP-008010,Memory IC,Standby Current,µA,LOT-01,126.4,25.6753,26.1738,26.5349,27.6969
CMP-008011,ADC,Leakage Current,µA,LOT-06,126.21,4.8942,4.9028,5.0035,5.1583
CMP-008012,Driver IC,Propagation Delay,ns,LOT-10,125.64,17.4715,17.794,17.9824,18.1407
CMP-008013,Logic IC,Iddq,µA,LOT-19,128.31,10.4124,12.066,20.4915,33.016
CMP-008014,Memory IC,Standby Current,µA,LOT-06,124.04,24.2415,24.7805,25.0974,25.5669
CMP-008015,ADC,Leakage Current,µA,LOT-16,123.12,4.544,4.6027,4.8737,5.0866
CMP-008016,Driver IC,Propagation Delay,ns,LOT-07,123.32,18.2134,18.0946,18.8309,18.6726
CMP-008017,Logic IC,Iddq,µA,LOT-04,124.61,10.3013,10.6819,10.8385,11.269
CMP-008018,Memory IC,Standby Current,µA,LOT-07,123.18,25.0348,25.7799,25.7916,25.7508
CMP-008019,ADC,Leakage Current,µA,LOT-01,125.2,5.247,5.5259,5.5194,5.6178
CMP-008020,Driver IC,Propagation Delay,ns,LOT-01,123.72,18.1784,19.3904,28.4082,41.764
CMP-008021,Logic IC,Iddq,µA,LOT-18,124.86,10.1599,10.5088,10.9546,10.9228
CMP-008022,Memory IC,Standby Current,µA,LOT-04,124.34,26.068,46.1369,27.5938,29.0272
CMP-008023,ADC,Leakage Current,µA,LOT-05,126.28,4.7239,4.8341,5.1714,5.0775
CMP-008024,Driver IC,Propagation Delay,ns,LOT-15,124.16,18.6001,18.1489,18.7092,18.4469
CMP-008025,Logic IC,Iddq,µA,LOT-14,124.78,10.0147,12.0009,19.6385,32.9509
CMP-008026,Memory IC,Standby Current,µA,LOT-02,127.21,25.6716,26.4463,26.9691,27.2186
CMP-008027,ADC,Leakage Current,µA,LOT-15,124.47,5.0131,6.2037,10.3106,17.0568
CMP-008028,Driver IC,Propagation Delay,ns,LOT-09,124.21,17.6791,18.0863,18.3168,18.475
CMP-008029,Logic IC,Iddq,µA,LOT-06,126.97,9.9442,10.348,10.5317,10.8845
CMP-008030,Memory IC,Standby Current,µA,LOT-01,123.77,25.4293,25.7921,26.1903,26.6175
CMP-008031,ADC,Leakage Current,µA,LOT-15,125.98,4.9269,5.0333,5.1769,5.2708
CMP-008032,Driver IC,Propagation Delay,ns,LOT-20,127.52,18.7818,18.6867,18.7047,18.972
CMP-008033,Logic IC,Iddq,µA,LOT-09,126.91,10.5767,10.7997,10.8785,11.119
CMP-008034,Memory IC,Standby Current,µA,LOT-11,126.77,25.1287,28.2511,42.7391,61.4993
CMP-008035,ADC,Leakage Current,µA,LOT-11,121.82,5.2682,5.2821,5.5642,5.4807
CMP-008036,Driver IC,Propagation Delay,ns,LOT-08,124.8,16.9386,19.1022,24.1889,33.573
CMP-008037,Logic IC,Iddq,µA,LOT-06,127.97,9.6462,10.9332,20.8891,40.7501
CMP-008038,Memory IC,Standby Current,µA,LOT-11,125.05,25.8495,25.6872,26.7879,26.768
CMP-008039,ADC,Leakage Current,µA,LOT-07,126.08,5.3151,9.85,5.9832,8.0021
CMP-008040,Driver IC,Propagation Delay,ns,LOT-16,125.95,18.0479,18.3445,18.3858,18.9571
CMP-008041,Logic IC,Iddq,µA,LOT-09,125.64,9.8801,10.4451,10.9166,10.9112
CMP-008042,Memory IC,Standby Current,µA,LOT-16,125.18,23.8504,37.5483,26.8967,32.2896
CMP-008043,ADC,Leakage Current,µA,LOT-04,122.97,5.3777,11.2298,6.6237,7.9062
CMP-008044,Driver IC,Propagation Delay,ns,LOT-12,125.3,18.3115,30.9661,19.3638,22.2614
CMP-008045,Logic IC,Iddq,µA,LOT-12,125.15,10.2386,10.3195,10.4267,10.7781
CMP-008046,Memory IC,Standby Current,µA,LOT-07,124.87,25.4955,26.5752,27.2046,27.1002
CMP-008047,ADC,Leakage Current,µA,LOT-10,125.04,4.9985,5.1768,5.2649,5.4479
CMP-008048,Driver IC,Propagation Delay,ns,LOT-03,122.49,17.4282,17.5638,17.815,18.0958
CMP-008049,Logic IC,Iddq,µA,LOT-16,125.39,9.7103,12.3334,17.5156,32.3195
CMP-008050,Memory IC,Standby Current,µA,LOT-12,125.99,25.1894,27.9792,39.4416,74.0343
CMP-008051,ADC,Leakage Current,µA,LOT-10,123.27,4.8619,5.1043,5.2878,5.3337
CMP-008052,Driver IC,Propagation Delay,ns,LOT-13,123.8,17.8817,19.1106,26.5116,44.5171
CMP-008053,Logic IC,Iddq,µA,LOT-06,125.08,9.5783,11.2086,23.4412,42.4269
CMP-008054,Memory IC,Standby Current,µA,LOT-04,124.61,25.6715,26.6863,46.0588,73.4628
CMP-008055,ADC,Leakage Current,µA,LOT-18,126.6,5.0636,5.5439,10.9601,20.8364
CMP-008056,Driver IC,Propagation Delay,ns,LOT-14,126.3,17.7378,18.8528,24.5032,41.974
CMP-008057,Logic IC,Iddq,µA,LOT-17,124.62,10.3346,11.8152,24.3643,38.8234
CMP-008058,Memory IC,Standby Current,µA,LOT-11,124.33,24.8972,25.0465,25.5284,26.0139
CMP-008059,ADC,Leakage Current,µA,LOT-11,126.29,5.1,6.0406,12.4427,20.8367
CMP-008060,Driver IC,Propagation Delay,ns,LOT-15,124.26,17.5663,17.6217,17.7717,18.281
CMP-008061,Logic IC,Iddq,µA,LOT-15,125.37,10.0815,10.6794,10.9042,11.1067
CMP-008062,Memory IC,Standby Current,µA,LOT-20,124.34,24.8659,28.7731,41.7249,65.9704
CMP-008063,ADC,Leakage Current,µA,LOT-14,125.22,5.37,5.3128,5.4332,5.5141
CMP-008064,Driver IC,Propagation Delay,ns,LOT-20,125.28,17.6506,17.8696,18.1738,18.4808
CMP-008065,Logic IC,Iddq,µA,LOT-18,127.32,9.434,11.2909,19.0226,33.7661
CMP-008066,Memory IC,Standby Current,µA,LOT-17,123.4,24.7243,25.2211,25.482,25.8123
CMP-008067,ADC,Leakage Current,µA,LOT-10,124.9,4.7557,12.6948,6.0287,7.553
CMP-008068,Driver IC,Propagation Delay,ns,LOT-15,127.55,17.8059,17.9766,18.6222,18.3774
CMP-008069,Logic IC,Iddq,µA,LOT-11,123.26,10.2734,12.9078,21.2147,36.4055
CMP-008070,Memory IC,Standby Current,µA,LOT-16,124.88,24.8953,25.4555,25.3206,26.6976
CMP-008071,ADC,Leakage Current,µA,LOT-20,125.86,5.0862,5.3579,5.459,5.6643
CMP-008072,Driver IC,Propagation Delay,ns,LOT-03,123.12,18.2487,19.3894,28.9245,43.1248
CMP-008073,Logic IC,Iddq,µA,LOT-03,126.2,10.1237,11.833,21.3268,35.9734
CMP-008074,Memory IC,Standby Current,µA,LOT-06,124.81,24.9044,27.5619,37.6505,73.0794
CMP-008075,ADC,Leakage Current,µA,LOT-15,123.39,4.8474,5.0552,5.1475,5.3741
CMP-008076,Driver IC,Propagation Delay,ns,LOT-05,125.0,17.3109,19.974,24.4049,36.3502
CMP-008077,Logic IC,Iddq,µA,LOT-10,123.45,9.7823,11.8151,19.537,35.0066
CMP-008078,Memory IC,Standby Current,µA,LOT-14,123.99,25.0886,25.4956,25.8926,26.1246
CMP-008079,ADC,Leakage Current,µA,LOT-05,125.09,4.7301,4.8781,5.0331,5.1529
CMP-008080,Driver IC,Propagation Delay,ns,LOT-18,126.17,18.0295,18.1145,18.3,18.4024
CMP-008081,Logic IC,Iddq,µA,LOT-13,121.58,9.6713,11.4647,17.4436,35.8954
CMP-008082,Memory IC,Standby Current,µA,LOT-08,126.63,25.1585,25.8738,26.726,27.0834
CMP-008083,ADC,Leakage Current,µA,LOT-12,124.57,5.2162,6.0419,12.9499,24.7972
CMP-008084,Driver IC,Propagation Delay,ns,LOT-03,125.09,18.2921,18.9811,25.7149,40.3874
CMP-008085,Logic IC,Iddq,µA,LOT-05,124.38,9.5439,11.1103,20.3116,35.3078
CMP-008086,Memory IC,Standby Current,µA,LOT-01,126.19,24.8594,29.2575,44.3173,69.2921
CMP-008087,ADC,Leakage Current,µA,LOT-08,123.17,5.0506,5.1312,5.2903,5.5432
CMP-008088,Driver IC,Propagation Delay,ns,LOT-09,122.21,18.1553,19.5799,26.5483,40.1014
CMP-008089,Logic IC,Iddq,µA,LOT-12,121.23,10.3042,10.5565,10.7715,10.8905
CMP-008090,Memory IC,Standby Current,µA,LOT-17,124.47,25.174,26.1031,26.2377,26.238
CMP-008091,ADC,Leakage Current,µA,LOT-14,123.1,5.3178,6.0737,10.8229,23.8829
CMP-008092,Driver IC,Propagation Delay,ns,LOT-13,126.69,18.7961,20.217,27.5916,41.0583
CMP-008093,Logic IC,Iddq,µA,LOT-13,121.14,10.0552,10.4461,10.5679,10.672
CMP-008094,Memory IC,Standby Current,µA,LOT-13,125.72,25.2074,25.9307,26.5204,27.3292
CMP-008095,ADC,Leakage Current,µA,LOT-12,125.79,5.3549,5.5951,5.7743,5.9225
CMP-008096,Driver IC,Propagation Delay,ns,LOT-16,125.74,18.1292,20.0802,26.8038,37.2755
CMP-008097,Logic IC,Iddq,µA,LOT-15,126.35,9.8441,23.4896,11.9605,13.8651
CMP-008098,Memory IC,Standby Current,µA,LOT-20,124.73,25.4791,25.9327,25.8984,26.5608
CMP-008099,ADC,Leakage Current,µA,LOT-07,126.37,4.8543,4.8753,4.9224,5.0646
CMP-008100,Driver IC,Propagation Delay,ns,LOT-05,124.6,17.8448,25.2391,19.3907,21.814
CMP-008101,Logic IC,Iddq,µA,LOT-15,126.36,10.3936,10.6428,10.9697,10.8569
CMP-008102,Memory IC,Standby Current,µA,LOT-15,123.09,25.1781,26.2586,26.3291,26.4787
CMP-008103,ADC,Leakage Current,µA,LOT-20,125.45,5.0644,6.7547,10.5968,21.7526
CMP-008104,Driver IC,Propagation Delay,ns,LOT-08,124.31,18.0124,28.0685,19.867,21.4423
CMP-008105,Logic IC,Iddq,µA,LOT-13,126.84,10.169,10.4877,10.9532,11.1101
CMP-008106,Memory IC,Standby Current,µA,LOT-11,128.33,25.3837,25.5816,25.988,26.3659
CMP-008107,ADC,Leakage Current,µA,LOT-08,127.33,4.7055,4.9053,5.058,5.3012
CMP-008108,Driver IC,Propagation Delay,ns,LOT-12,123.88,17.4175,17.5629,17.7711,17.8929
CMP-008109,Logic IC,Iddq,µA,LOT-01,126.72,10.2152,10.5542,10.6124,11.0017
CMP-008110,Memory IC,Standby Current,µA,LOT-10,124.04,25.2612,29.2678,38.9831,69.0586
CMP-008111,ADC,Leakage Current,µA,LOT-08,126.59,4.9457,5.1486,5.2257,5.3442
CMP-008112,Driver IC,Propagation Delay,ns,LOT-06,124.71,17.9095,19.5131,25.3006,39.3461
CMP-008113,Logic IC,Iddq,µA,LOT-19,126.45,9.93,10.2178,10.3314,10.6668
CMP-008114,Memory IC,Standby Current,µA,LOT-01,124.98,25.5564,26.4343,27.0671,26.9253
CMP-008115,ADC,Leakage Current,µA,LOT-02,126.01,4.9297,5.0733,5.2775,5.4087
CMP-008116,Driver IC,Propagation Delay,ns,LOT-12,126.2,18.5709,18.7578,18.6001,19.1722
CMP-008117,Logic IC,Iddq,µA,LOT-06,128.19,9.7827,10.0796,10.1316,10.4796
CMP-008118,Memory IC,Standby Current,µA,LOT-13,127.21,24.6622,25.2687,24.7506,26.172
CMP-008119,ADC,Leakage Current,µA,LOT-14,124.59,5.3069,5.5027,5.7479,5.8309
CMP-008120,Driver IC,Propagation Delay,ns,LOT-17,125.9,17.835,17.6757,18.2995,18.5317
CMP-008121,Logic IC,Iddq,µA,LOT-16,125.61,9.962,18.7313,11.2175,13.3693
CMP-008122,Memory IC,Standby Current,µA,LOT-09,123.22,24.1052,28.3408,38.6944,57.6649
CMP-008123,ADC,Leakage Current,µA,LOT-05,128.92,4.7451,6.0035,10.1798,21.41
CMP-008124,Driver IC,Propagation Delay,ns,LOT-03,126.25,17.7936,28.7035,19.2682,20.2974
CMP-008125,Logic IC,Iddq,µA,LOT-18,124.9,9.691,12.6357,21.4149,37.6011
CMP-008126,Memory IC,Standby Current,µA,LOT-03,124.06,25.0153,28.7046,39.4748,59.9013
CMP-008127,ADC,Leakage Current,µA,LOT-05,124.23,4.5442,4.7091,4.9658,5.1992
CMP-008128,Driver IC,Propagation Delay,ns,LOT-02,126.14,18.1112,19.5786,23.6335,37.1746
CMP-008129,Logic IC,Iddq,µA,LOT-13,126.06,9.8824,10.0339,10.3451,10.6114
CMP-008130,Memory IC,Standby Current,µA,LOT-04,125.66,24.4166,25.5011,25.047,25.6535
CMP-008131,ADC,Leakage Current,µA,LOT-04,124.47,5.4815,5.7416,5.7945,5.9155
CMP-008132,Driver IC,Propagation Delay,ns,LOT-08,123.42,17.8352,17.8033,18.4148,18.0106
CMP-008133,Logic IC,Iddq,µA,LOT-08,124.7,10.2312,24.0328,12.8636,13.5948
CMP-008134,Memory IC,Standby Current,µA,LOT-09,125.09,24.9639,25.544,25.6769,26.2087
CMP-008135,ADC,Leakage Current,µA,LOT-10,124.42,4.6859,4.9582,5.0204,5.1365
CMP-008136,Driver IC,Propagation Delay,ns,LOT-15,126.06,17.4801,26.7626,20.1083,20.58
CMP-008137,Logic IC,Iddq,µA,LOT-08,126.81,9.808,9.954,10.0951,10.5217
CMP-008138,Memory IC,Standby Current,µA,LOT-01,124.75,24.477,25.3962,25.3179,26.1151
CMP-008139,ADC,Leakage Current,µA,LOT-06,123.75,4.9698,4.9545,5.2681,5.5373
CMP-008140,Driver IC,Propagation Delay,ns,LOT-09,126.18,17.8351,18.1339,18.5318,18.7038
CMP-008141,Logic IC,Iddq,µA,LOT-12,123.75,10.268,10.3786,10.7974,11.1309
CMP-008142,Memory IC,Standby Current,µA,LOT-14,122.83,24.6181,27.2877,38.7855,68.8694
CMP-008143,ADC,Leakage Current,µA,LOT-16,124.27,4.8687,5.038,5.1632,5.1677
CMP-008144,Driver IC,Propagation Delay,ns,LOT-11,127.91,18.5675,20.0558,26.6522,38.334
CMP-008145,Logic IC,Iddq,µA,LOT-12,124.0,9.9791,10.2639,10.3486,10.5269
CMP-008146,Memory IC,Standby Current,µA,LOT-09,126.12,25.172,41.2349,28.2798,30.2055
CMP-008147,ADC,Leakage Current,µA,LOT-15,124.42,5.1814,6.1307,11.3644,23.1222
CMP-008148,Driver IC,Propagation Delay,ns,LOT-12,126.65,18.6264,18.4207,18.1778,18.7206
CMP-008149,Logic IC,Iddq,µA,LOT-17,124.64,10.3804,11.9379,18.8964,38.2223
CMP-008150,Memory IC,Standby Current,µA,LOT-08,123.54,24.9048,25.5468,25.8374,25.8955
CMP-008151,ADC,Leakage Current,µA,LOT-13,125.4,5.0577,5.2329,5.3191,5.5657
CMP-008152,Driver IC,Propagation Delay,ns,LOT-18,123.56,17.4253,27.2727,18.6709,21.0578
CMP-008153,Logic IC,Iddq,µA,LOT-04,126.76,10.4037,10.6982,11.0784,11.1729
CMP-008154,Memory IC,Standby Current,µA,LOT-02,125.58,24.2867,24.148,24.7856,25.5649
CMP-008155,ADC,Leakage Current,µA,LOT-20,127.17,4.9134,6.2767,11.7074,22.6301
CMP-008156,Driver IC,Propagation Delay,ns,LOT-10,124.96,18.258,18.7558,28.6902,43.0599
CMP-008157,Logic IC,Iddq,µA,LOT-14,125.85,9.8875,9.9968,10.1432,10.6876
CMP-008158,Memory IC,Standby Current,µA,LOT-02,124.21,23.8638,24.8611,24.7428,25.3971
CMP-008159,ADC,Leakage Current,µA,LOT-08,125.63,4.9279,5.0621,5.2789,5.458
CMP-008160,Driver IC,Propagation Delay,ns,LOT-16,125.38,17.7702,17.6834,17.9153,18.1554
CMP-008161,Logic IC,Iddq,µA,LOT-16,126.36,9.6005,10.0192,10.1933,10.5155
CMP-008162,Memory IC,Standby Current,µA,LOT-13,124.62,25.3101,26.9132,44.4801,75.5538
CMP-008163,ADC,Leakage Current,µA,LOT-09,125.05,5.1779,5.3775,5.5933,5.6573
CMP-008164,Driver IC,Propagation Delay,ns,LOT-09,126.49,18.2447,18.3265,18.3141,18.8116
CMP-008165,Logic IC,Iddq,µA,LOT-07,126.88,10.1735,10.2621,10.5224,10.788
CMP-008166,Memory IC,Standby Current,µA,LOT-02,126.77,24.5684,27.5803,41.3469,57.6747
CMP-008167,ADC,Leakage Current,µA,LOT-06,124.86,4.7941,12.2052,6.2634,8.2754
CMP-008168,Driver IC,Propagation Delay,ns,LOT-01,123.53,18.3945,20.3985,27.0369,37.9057
CMP-008169,Logic IC,Iddq,µA,LOT-04,126.8,9.9982,11.8291,18.6583,35.802
CMP-008170,Memory IC,Standby Current,µA,LOT-19,122.7,26.0113,26.1079,26.8704,26.8177
CMP-008171,ADC,Leakage Current,µA,LOT-09,124.16,5.1262,5.1765,5.358,5.4921
CMP-008172,Driver IC,Propagation Delay,ns,LOT-16,125.88,17.9555,18.3405,18.5849,19.2677
CMP-008173,Logic IC,Iddq,µA,LOT-04,127.35,9.8406,10.2149,10.2354,10.6481
CMP-008174,Memory IC,Standby Current,µA,LOT-14,123.55,24.5442,24.9555,25.7224,25.4436
CMP-008175,ADC,Leakage Current,µA,LOT-11,126.98,5.1837,5.3533,5.4543,5.6304
CMP-008176,Driver IC,Propagation Delay,ns,LOT-11,124.35,17.9914,19.5241,26.0292,35.4979
CMP-008177,Logic IC,Iddq,µA,LOT-17,122.51,10.0309,10.4432,10.6929,11.108
CMP-008178,Memory IC,Standby Current,µA,LOT-10,126.41,24.3113,24.4705,24.9731,24.9058
CMP-008179,ADC,Leakage Current,µA,LOT-10,124.98,4.9784,6.1366,10.3051,19.0606
CMP-008180,Driver IC,Propagation Delay,ns,LOT-13,121.99,18.8096,20.7194,27.1522,37.0908
CMP-008181,Logic IC,Iddq,µA,LOT-04,125.41,10.1343,11.0987,19.5298,44.2329
CMP-008182,Memory IC,Standby Current,µA,LOT-06,125.68,23.5491,23.8965,24.2712,25.259
CMP-008183,ADC,Leakage Current,µA,LOT-01,124.22,4.9335,5.1783,5.3291,5.5549
CMP-008184,Driver IC,Propagation Delay,ns,LOT-20,124.9,17.0492,17.6964,26.9097,40.7573
CMP-008185,Logic IC,Iddq,µA,LOT-08,124.9,9.7701,9.9925,10.3036,10.5511
CMP-008186,Memory IC,Standby Current,µA,LOT-15,126.26,25.0517,25.4256,26.1421,26.6602
CMP-008187,ADC,Leakage Current,µA,LOT-17,126.02,5.1644,6.256,9.182,17.0319
CMP-008188,Driver IC,Propagation Delay,ns,LOT-20,126.49,18.5449,19.0528,27.8085,46.0599
CMP-008189,Logic IC,Iddq,µA,LOT-13,125.22,10.7195,10.8566,11.2311,11.3164
CMP-008190,Memory IC,Standby Current,µA,LOT-14,126.56,24.7567,28.1296,42.5427,64.2421
CMP-008191,ADC,Leakage Current,µA,LOT-18,125.85,4.7554,5.7686,11.7458,22.5956
CMP-008192,Driver IC,Propagation Delay,ns,LOT-08,123.86,18.1028,18.074,18.257,18.5352
CMP-008193,Logic IC,Iddq,µA,LOT-01,127.22,9.9126,10.3778,10.3705,10.5454
CMP-008194,Memory IC,Standby Current,µA,LOT-07,124.0,24.709,27.6928,37.1026,65.331
CMP-008195,ADC,Leakage Current,µA,LOT-03,122.26,5.0086,5.1139,5.4408,5.6159
CMP-008196,Driver IC,Propagation Delay,ns,LOT-09,122.85,18.2507,18.3988,18.4974,18.6173
CMP-008197,Logic IC,Iddq,µA,LOT-03,125.02,10.8269,24.5301,12.9313,16.3043
CMP-008198,Memory IC,Standby Current,µA,LOT-19,127.11,25.5986,25.5248,25.5196,25.6351
CMP-008199,ADC,Leakage Current,µA,LOT-03,124.25,5.0415,13.8916,5.4377,7.2209
CMP-008200,Driver IC,Propagation Delay,ns,LOT-13,124.78,17.3537,18.8681,24.0992,37.7993
CMP-008201,Logic IC,Iddq,µA,LOT-12,124.66,10.198,10.4817,10.4764,10.9265
CMP-008202,Memory IC,Standby Current,µA,LOT-10,127.17,25.6965,28.6774,46.1278,75.366
CMP-008203,ADC,Leakage Current,µA,LOT-13,128.16,4.724,10.4927,5.3403,7.1611
CMP-008204,Driver IC,Propagation Delay,ns,LOT-09,123.95,17.4693,17.3596,17.62,17.7249
CMP-008205,Logic IC,Iddq,µA,LOT-01,122.96,10.4356,10.6092,10.7076,11.0428
CMP-008206,Memory IC,Standby Current,µA,LOT-05,124.11,24.6143,26.6965,38.3452,55.0734
CMP-008207,ADC,Leakage Current,µA,LOT-07,127.18,5.0212,6.2684,10.1337,20.2018
CMP-008208,Driver IC,Propagation Delay,ns,LOT-14,126.01,17.9835,18.4176,18.1387,18.2982
CMP-008209,Logic IC,Iddq,µA,LOT-15,123.95,9.9995,11.8864,20.1571,39.517
CMP-008210,Memory IC,Standby Current,µA,LOT-03,125.89,26.0505,27.4296,38.8751,64.7932
CMP-008211,ADC,Leakage Current,µA,LOT-19,126.49,5.2391,6.704,10.2591,17.2264
CMP-008212,Driver IC,Propagation Delay,ns,LOT-10,124.07,18.5627,20.1486,26.0778,39.729
CMP-008213,Logic IC,Iddq,µA,LOT-18,125.22,9.8272,9.8486,10.3623,10.4383
CMP-008214,Memory IC,Standby Current,µA,LOT-12,126.76,24.1185,24.8759,24.5285,25.2758
CMP-008215,ADC,Leakage Current,µA,LOT-04,124.93,5.1556,5.8068,11.3707,26.1879
CMP-008216,Driver IC,Propagation Delay,ns,LOT-03,124.99,18.3846,18.6776,18.6292,19.3386
CMP-008217,Logic IC,Iddq,µA,LOT-04,124.89,10.441,10.6268,10.8086,11.2813
CMP-008218,Memory IC,Standby Current,µA,LOT-12,126.12,25.5439,27.7926,38.0283,60.4533
CMP-008219,ADC,Leakage Current,µA,LOT-12,123.45,5.107,5.1625,5.312,5.4817
CMP-008220,Driver IC,Propagation Delay,ns,LOT-05,123.56,17.4866,17.8077,18.193,18.5311
CMP-008221,Logic IC,Iddq,µA,LOT-07,125.07,10.2152,10.2378,10.4207,10.7285
CMP-008222,Memory IC,Standby Current,µA,LOT-09,124.53,24.3794,25.221,26.0071,25.6797
CMP-008223,ADC,Leakage Current,µA,LOT-02,126.91,4.6762,6.2082,9.8388,20.6705
CMP-008224,Driver IC,Propagation Delay,ns,LOT-10,125.72,17.9416,19.5226,24.2215,34.4552
CMP-008225,Logic IC,Iddq,µA,LOT-11,121.47,10.451,10.4016,10.6644,10.9937
CMP-008226,Memory IC,Standby Current,µA,LOT-12,122.97,24.1725,26.951,38.9361,69.2707
CMP-008227,ADC,Leakage Current,µA,LOT-05,124.39,4.6256,4.9116,4.9666,5.1437
CMP-008228,Driver IC,Propagation Delay,ns,LOT-03,123.72,18.2156,20.3088,28.1419,36.2395
CMP-008229,Logic IC,Iddq,µA,LOT-05,124.02,9.5984,10.0735,10.3378,10.4299
CMP-008230,Memory IC,Standby Current,µA,LOT-12,125.78,24.8058,44.6272,26.0218,29.8376
CMP-008231,ADC,Leakage Current,µA,LOT-04,123.77,5.1173,5.1499,5.4558,5.5674
CMP-008232,Driver IC,Propagation Delay,ns,LOT-12,124.57,17.8216,18.4093,18.3498,18.5726
CMP-008233,Logic IC,Iddq,µA,LOT-19,121.9,10.3906,10.4377,10.6453,11.0164
CMP-008234,Memory IC,Standby Current,µA,LOT-02,127.0,24.1726,24.8358,25.6209,26.2855
CMP-008235,ADC,Leakage Current,µA,LOT-05,125.04,4.7911,12.1911,5.7299,7.3467
CMP-008236,Driver IC,Propagation Delay,ns,LOT-13,123.91,17.5848,17.9766,18.3409,18.9004
CMP-008237,Logic IC,Iddq,µA,LOT-17,126.43,9.6485,10.1668,10.4966,10.9196
CMP-008238,Memory IC,Standby Current,µA,LOT-11,124.82,25.4287,28.1139,41.6744,71.7815
CMP-008239,ADC,Leakage Current,µA,LOT-09,124.41,4.9837,5.1994,5.3669,5.5578
CMP-008240,Driver IC,Propagation Delay,ns,LOT-12,126.39,17.7336,19.9481,26.8811,40.5521
CMP-008241,Logic IC,Iddq,µA,LOT-02,121.88,9.9102,10.4337,10.5999,10.7855
CMP-008242,Memory IC,Standby Current,µA,LOT-08,126.64,25.2163,26.0377,26.8248,26.7991
CMP-008243,ADC,Leakage Current,µA,LOT-10,125.56,4.862,5.9315,10.9167,17.6956
CMP-008244,Driver IC,Propagation Delay,ns,LOT-07,125.15,17.7873,17.8184,18.2383,18.4101
CMP-008245,Logic IC,Iddq,µA,LOT-11,126.31,10.0016,10.3582,10.0604,10.56
CMP-008246,Memory IC,Standby Current,µA,LOT-03,126.08,25.0185,27.2731,45.1453,74.5009
CMP-008247,ADC,Leakage Current,µA,LOT-12,124.84,5.1336,5.2671,5.3994,5.5281
CMP-008248,Driver IC,Propagation Delay,ns,LOT-04,122.71,18.642,20.9237,26.261,36.4251
CMP-008249,Logic IC,Iddq,µA,LOT-07,125.18,9.7855,10.8723,18.7605,38.6985
CMP-008250,Memory IC,Standby Current,µA,LOT-03,123.05,25.5513,27.1783,44.6198,64.9006
CMP-008251,ADC,Leakage Current,µA,LOT-14,126.23,5.3605,5.5906,5.51,5.6538
CMP-008252,Driver IC,Propagation Delay,ns,LOT-09,121.81,18.2421,18.2558,18.5024,18.9662
CMP-008253,Logic IC,Iddq,µA,LOT-15,125.07,10.1339,10.5197,10.5998,10.9123
CMP-008254,Memory IC,Standby Current,µA,LOT-14,125.98,24.8769,25.5934,25.7142,26.6999
CMP-008255,ADC,Leakage Current,µA,LOT-16,125.83,4.9943,5.2405,5.2312,5.411
CMP-008256,Driver IC,Propagation Delay,ns,LOT-01,124.91,18.0879,18.1213,18.3133,18.5207
CMP-008257,Logic IC,Iddq,µA,LOT-20,122.29,9.6737,10.4565,22.8157,41.4184
CMP-008258,Memory IC,Standby Current,µA,LOT-05,122.86,24.1031,25.3028,25.8563,26.0784
CMP-008259,ADC,Leakage Current,µA,LOT-01,124.14,5.1798,13.9145,6.4908,8.3599
CMP-008260,Driver IC,Propagation Delay,ns,LOT-09,126.07,18.0144,18.1707,18.1683,18.4773
CMP-008261,Logic IC,Iddq,µA,LOT-02,126.01,10.0007,25.7401,11.5198,13.5064
CMP-008262,Memory IC,Standby Current,µA,LOT-01,126.24,25.5454,28.3572,41.1067,65.6048
CMP-008263,ADC,Leakage Current,µA,LOT-19,126.42,5.0616,6.1165,10.5847,18.1131
CMP-008264,Driver IC,Propagation Delay,ns,LOT-03,122.82,18.3481,18.7264,18.9154,18.9409
CMP-008265,Logic IC,Iddq,µA,LOT-07,123.97,10.1663,20.0292,11.2055,14.0051
CMP-008266,Memory IC,Standby Current,µA,LOT-11,123.73,24.6728,44.0825,27.2311,27.8592
CMP-008267,ADC,Leakage Current,µA,LOT-09,127.08,4.9168,5.1883,5.3579,5.6356
CMP-008268,Driver IC,Propagation Delay,ns,LOT-16,120.9,17.6064,17.8478,17.9328,17.9855
CMP-008269,Logic IC,Iddq,µA,LOT-10,125.84,9.5771,12.6305,18.375,30.6133
CMP-008270,Memory IC,Standby Current,µA,LOT-13,126.04,24.866,25.2284,25.6817,25.605
CMP-008271,ADC,Leakage Current,µA,LOT-09,124.93,5.0345,5.0508,5.2993,5.4438
CMP-008272,Driver IC,Propagation Delay,ns,LOT-09,122.28,18.1941,18.0221,18.0843,18.7883
CMP-008273,Logic IC,Iddq,µA,LOT-20,127.21,10.1171,11.8417,21.9238,32.578
CMP-008274,Memory IC,Standby Current,µA,LOT-02,126.3,25.6813,26.2691,26.4664,27.0914
CMP-008275,ADC,Leakage Current,µA,LOT-10,125.68,4.9374,5.0234,5.2628,5.5139
CMP-008276,Driver IC,Propagation Delay,ns,LOT-13,122.96,19.2689,20.9254,26.4294,40.4538
CMP-008277,Logic IC,Iddq,µA,LOT-17,122.15,10.2514,12.8019,21.5901,31.8872
CMP-008278,Memory IC,Standby Current,µA,LOT-05,126.47,23.5672,25.3355,44.4369,74.0036
CMP-008279,ADC,Leakage Current,µA,LOT-14,124.75,5.1571,5.306,5.5053,5.5199
CMP-008280,Driver IC,Propagation Delay,ns,LOT-02,124.61,17.6278,17.8015,18.0282,18.0409
CMP-008281,Logic IC,Iddq,µA,LOT-18,127.68,9.9259,21.8177,11.9448,14.3202
CMP-008282,Memory IC,Standby Current,µA,LOT-08,128.81,24.437,24.9731,25.8329,25.6589
CMP-008283,ADC,Leakage Current,µA,LOT-04,122.75,5.4461,5.425,5.6237,5.7536
CMP-008284,Driver IC,Propagation Delay,ns,LOT-10,128.11,17.8386,17.8378,18.1949,17.7647
CMP-008285,Logic IC,Iddq,µA,LOT-09,126.19,9.9397,25.8981,10.4357,12.9259
CMP-008286,Memory IC,Standby Current,µA,LOT-15,125.82,25.2744,25.1026,25.6123,26.4
CMP-008287,ADC,Leakage Current,µA,LOT-15,123.46,5.1166,14.1882,6.2351,7.4182
CMP-008288,Driver IC,Propagation Delay,ns,LOT-05,126.25,17.1967,17.5918,17.558,17.4783
CMP-008289,Logic IC,Iddq,µA,LOT-01,125.46,10.4008,10.6617,11.0557,11.0883
CMP-008290,Memory IC,Standby Current,µA,LOT-19,125.28,25.938,27.1761,47.0863,77.3233
CMP-008291,ADC,Leakage Current,µA,LOT-03,123.7,5.2053,6.1423,12.4057,20.6436
CMP-008292,Driver IC,Propagation Delay,ns,LOT-17,128.4,18.2637,18.4783,19.043,19.0179
CMP-008293,Logic IC,Iddq,µA,LOT-05,121.19,9.3033,11.9382,19.3223,33.2181
CMP-008294,Memory IC,Standby Current,µA,LOT-01,124.95,25.013,28.048,38.9404,60.6708
CMP-008295,ADC,Leakage Current,µA,LOT-20,123.51,5.1468,6.5282,12.0658,23.6674
CMP-008296,Driver IC,Propagation Delay,ns,LOT-02,126.63,17.8225,17.5647,17.9616,18.3616
CMP-008297,Logic IC,Iddq,µA,LOT-06,127.1,9.8191,10.4948,10.4515,10.6359
CMP-008298,Memory IC,Standby Current,µA,LOT-15,123.25,25.1744,25.2853,25.8044,25.6231
CMP-008299,ADC,Leakage Current,µA,LOT-12,124.42,5.3461,5.5144,5.6538,5.765
CMP-008300,Driver IC,Propagation Delay,ns,LOT-02,124.82,17.3481,17.7402,18.028,17.9185
CMP-008301,Logic IC,Iddq,µA,LOT-07,124.08,9.8746,9.9427,10.2614,10.4935
CMP-008302,Memory IC,Standby Current,µA,LOT-04,126.04,25.8203,28.287,44.2565,72.3106
CMP-008303,ADC,Leakage Current,µA,LOT-09,125.43,5.1178,5.184,5.363,5.6384
CMP-008304,Driver IC,Propagation Delay,ns,LOT-20,126.38,18.4824,18.7412,18.9039,19.1225
CMP-008305,Logic IC,Iddq,µA,LOT-01,123.9,9.6496,9.7078,10.0893,10.1987
CMP-008306,Memory IC,Standby Current,µA,LOT-11,124.62,24.3105,25.472,25.0585,26.1369
CMP-008307,ADC,Leakage Current,µA,LOT-20,125.94,5.2111,6.0736,10.2609,24.0241
CMP-008308,Driver IC,Propagation Delay,ns,LOT-08,124.26,17.3701,25.4943,19.6286,21.2307
CMP-008309,Logic IC,Iddq,µA,LOT-11,123.77,10.5339,10.3639,11.0895,11.1722
CMP-008310,Memory IC,Standby Current,µA,LOT-09,127.08,25.4626,26.1672,26.2634,26.6914
CMP-008311,ADC,Leakage Current,µA,LOT-05,125.22,4.7091,11.8056,5.9806,8.2151
CMP-008312,Driver IC,Propagation Delay,ns,LOT-20,124.28,17.6865,17.6031,18.2903,18.4854
CMP-008313,Logic IC,Iddq,µA,LOT-18,126.2,10.0888,10.2528,10.5968,11.0036
CMP-008314,Memory IC,Standby Current,µA,LOT-08,123.56,24.4336,27.8097,41.9859,75.6005
CMP-008315,ADC,Leakage Current,µA,LOT-09,124.93,4.9377,5.8114,12.6902,26.4661
CMP-008316,Driver IC,Propagation Delay,ns,LOT-10,125.12,17.8473,18.123,18.465,18.6463
CMP-008317,Logic IC,Iddq,µA,LOT-17,125.92,9.5931,11.7394,19.5208,44.1213
CMP-008318,Memory IC,Standby Current,µA,LOT-16,125.01,24.5852,24.834,24.99,25.4125
CMP-008319,ADC,Leakage Current,µA,LOT-19,124.64,5.2461,5.2071,5.5218,5.6211
CMP-008320,Driver IC,Propagation Delay,ns,LOT-05,125.32,17.7597,17.8021,17.9741,17.5259
CMP-008321,Logic IC,Iddq,µA,LOT-06,125.56,10.233,10.3934,10.8202,11.6168
CMP-008322,Memory IC,Standby Current,µA,LOT-15,126.54,25.3661,28.2102,36.8628,58.9481
CMP-008323,ADC,Leakage Current,µA,LOT-06,126.61,4.6767,5.8982,9.4279,20.9109
CMP-008324,Driver IC,Propagation Delay,ns,LOT-05,126.77,17.2109,18.1821,24.7356,41.2119
CMP-008325,Logic IC,Iddq,µA,LOT-15,126.01,10.327,22.4989,10.9147,12.4016
CMP-008326,Memory IC,Standby Current,µA,LOT-20,121.62,25.1835,25.4605,26.2141,27.2752
CMP-008327,ADC,Leakage Current,µA,LOT-19,126.4,5.2941,6.1216,10.2163,16.1913
CMP-008328,Driver IC,Propagation Delay,ns,LOT-02,125.53,17.866,18.1042,18.121,18.2593
CMP-008329,Logic IC,Iddq,µA,LOT-01,124.56,9.8749,9.8351,10.3257,10.6451
CMP-008330,Memory IC,Standby Current,µA,LOT-05,124.97,23.8843,46.3974,25.9971,28.9403
CMP-008331,ADC,Leakage Current,µA,LOT-04,126.35,5.3344,6.2755,10.373,18.4372
CMP-008332,Driver IC,Propagation Delay,ns,LOT-18,121.99,17.4472,17.1658,17.7034,17.8898
CMP-008333,Logic IC,Iddq,µA,LOT-03,124.86,10.616,12.2614,21.2209,41.0096
CMP-008334,Memory IC,Standby Current,µA,LOT-11,126.88,25.5526,28.7766,39.7585,68.0995
CMP-008335,ADC,Leakage Current,µA,LOT-08,126.47,4.7414,4.8763,4.9921,5.1189
CMP-008336,Driver IC,Propagation Delay,ns,LOT-02,126.73,17.8948,19.3105,24.5993,34.4068
CMP-008337,Logic IC,Iddq,µA,LOT-04,125.84,10.1455,11.1803,22.084,43.0441
CMP-008338,Memory IC,Standby Current,µA,LOT-16,123.37,24.6396,24.9866,25.8049,25.8319
CMP-008339,ADC,Leakage Current,µA,LOT-13,126.5,4.9695,5.0333,5.0373,5.2714
CMP-008340,Driver IC,Propagation Delay,ns,LOT-15,123.99,18.8417,19.9609,25.2374,40.1005
CMP-008341,Logic IC,Iddq,µA,LOT-15,123.74,9.9251,10.2459,10.5366,10.8214
CMP-008342,Memory IC,Standby Current,µA,LOT-19,125.83,25.7114,29.4178,43.1275,67.4549
CMP-008343,ADC,Leakage Current,µA,LOT-11,124.64,5.2106,5.6342,9.5936,21.3014
CMP-008344,Driver IC,Propagation Delay,ns,LOT-13,125.15,17.1353,17.5008,17.8907,17.6818
CMP-008345,Logic IC,Iddq,µA,LOT-18,123.09,9.5722,9.8098,9.7673,10.1884
CMP-008346,Memory IC,Standby Current,µA,LOT-16,128.11,23.5101,24.2221,25.0478,24.8211
CMP-008347,ADC,Leakage Current,µA,LOT-02,125.16,4.8394,5.4969,12.3977,25.4997
CMP-008348,Driver IC,Propagation Delay,ns,LOT-05,126.56,18.0388,18.265,18.3565,18.9304
CMP-008349,Logic IC,Iddq,µA,LOT-01,124.57,9.8638,10.1275,9.9391,10.4432
CMP-008350,Memory IC,Standby Current,µA,LOT-20,124.84,24.8567,52.3314,26.2472,28.9251
CMP-008351,ADC,Leakage Current,µA,LOT-08,124.45,4.9235,5.0877,5.2285,5.5456
CMP-008352,Driver IC,Propagation Delay,ns,LOT-17,125.29,18.5225,18.4296,18.916,19.4741
CMP-008353,Logic IC,Iddq,µA,LOT-13,122.93,10.2308,10.3491,10.7406,10.8692
CMP-008354,Memory IC,Standby Current,µA,LOT-20,126.66,25.7543,40.9454,27.8291,33.7306
CMP-008355,ADC,Leakage Current,µA,LOT-19,124.5,5.1221,6.4412,10.9134,20.8415
CMP-008356,Driver IC,Propagation Delay,ns,LOT-13,124.76,18.0952,19.7443,26.1953,34.704
CMP-008357,Logic IC,Iddq,µA,LOT-20,124.36,9.492,9.7266,10.3391,10.5553
CMP-008358,Memory IC,Standby Current,µA,LOT-18,126.69,24.4201,24.7218,24.84,24.7614
CMP-008359,ADC,Leakage Current,µA,LOT-06,126.37,4.692,4.7465,5.0595,5.1345
CMP-008360,Driver IC,Propagation Delay,ns,LOT-11,123.37,18.4547,18.3974,18.8306,18.7698
CMP-008361,Logic IC,Iddq,µA,LOT-12,125.18,10.0891,18.9297,11.9268,15.482
CMP-008362,Memory IC,Standby Current,µA,LOT-10,122.7,24.6385,24.5834,25.1479,25.1387
CMP-008363,ADC,Leakage Current,µA,LOT-15,124.02,5.089,11.6211,6.113,8.0525
CMP-008364,Driver IC,Propagation Delay,ns,LOT-02,123.95,17.8716,17.9264,17.9787,18.3339
CMP-008365,Logic IC,Iddq,µA,LOT-12,126.41,10.402,10.4554,10.8102,11.088
CMP-008366,Memory IC,Standby Current,µA,LOT-04,122.44,25.8638,26.9335,46.172,69.7802
CMP-008367,ADC,Leakage Current,µA,LOT-19,120.73,5.5664,5.6809,5.7914,5.8818
CMP-008368,Driver IC,Propagation Delay,ns,LOT-08,124.35,17.9353,17.949,17.9654,18.6143
CMP-008369,Logic IC,Iddq,µA,LOT-12,124.14,10.1202,10.6595,10.6789,11.1215
CMP-008370,Memory IC,Standby Current,µA,LOT-16,125.13,24.8886,28.5594,37.0927,58.2678
CMP-008371,ADC,Leakage Current,µA,LOT-18,122.78,4.852,6.06,9.2809,18.5776
CMP-008372,Driver IC,Propagation Delay,ns,LOT-14,124.96,18.5038,31.6258,19.265,19.9754
CMP-008373,Logic IC,Iddq,µA,LOT-13,126.78,10.0163,9.9589,10.3706,10.582
CMP-008374,Memory IC,Standby Current,µA,LOT-03,122.47,25.0642,27.6717,41.4215,68.7208
CMP-008375,ADC,Leakage Current,µA,LOT-17,125.86,5.3614,5.3779,5.5998,5.5514
CMP-008376,Driver IC,Propagation Delay,ns,LOT-13,124.8,18.0814,19.8705,27.3645,41.7835
CMP-008377,Logic IC,Iddq,µA,LOT-06,127.56,9.8786,11.0328,19.715,34.0889
CMP-008378,Memory IC,Standby Current,µA,LOT-02,123.89,24.8596,25.4288,26.0158,26.4052
CMP-008379,ADC,Leakage Current,µA,LOT-13,127.52,5.0192,5.2243,5.4037,5.5948
CMP-008380,Driver IC,Propagation Delay,ns,LOT-08,126.19,17.796,20.0937,27.4735,39.374
CMP-008381,Logic IC,Iddq,µA,LOT-03,125.76,10.0605,10.2816,10.2979,10.4101
CMP-008382,Memory IC,Standby Current,µA,LOT-12,124.42,24.1198,28.0946,40.4269,60.8011
CMP-008383,ADC,Leakage Current,µA,LOT-13,122.45,5.2808,5.9617,10.8451,21.8974
CMP-008384,Driver IC,Propagation Delay,ns,LOT-13,124.37,18.3137,28.2955,19.4054,20.0406
CMP-008385,Logic IC,Iddq,µA,LOT-06,124.11,9.8112,11.8535,17.6933,36.017
CMP-008386,Memory IC,Standby Current,µA,LOT-08,124.54,24.585,25.1524,25.872,26.4143
CMP-008387,ADC,Leakage Current,µA,LOT-17,125.6,5.245,6.9635,10.0822,17.3446
CMP-008388,Driver IC,Propagation Delay,ns,LOT-05,122.09,17.1176,17.5305,17.6776,17.5793
CMP-008389,Logic IC,Iddq,µA,LOT-06,124.59,10.0779,10.3749,10.4948,10.9735
CMP-008390,Memory IC,Standby Current,µA,LOT-18,125.73,25.5499,28.7903,44.4936,72.1145
CMP-008391,ADC,Leakage Current,µA,LOT-13,125.81,4.9962,14.3095,5.89,6.9816
CMP-008392,Driver IC,Propagation Delay,ns,LOT-19,122.69,18.1106,18.2455,18.5818,18.4084
CMP-008393,Logic IC,Iddq,µA,LOT-08,125.52,9.7096,10.7372,16.7513,40.3777
CMP-008394,Memory IC,Standby Current,µA,LOT-02,126.23,23.0314,42.4099,25.5255,27.8376
CMP-008395,ADC,Leakage Current,µA,LOT-05,119.91,4.5437,5.0594,10.203,24.9759
CMP-008396,Driver IC,Propagation Delay,ns,LOT-10,124.33,18.3,18.7383,18.732,19.0429
CMP-008397,Logic IC,Iddq,µA,LOT-15,123.75,9.822,9.8522,10.0364,10.2366
CMP-008398,Memory IC,Standby Current,µA,LOT-14,127.32,25.2418,27.5126,46.0411,71.9713
CMP-008399,ADC,Leakage Current,µA,LOT-08,126.47,4.9571,5.8353,11.4,22.5844
CMP-008400,Driver IC,Propagation Delay,ns,LOT-20,125.66,18.6997,18.8449,18.9638,18.8851
CMP-008401,Logic IC,Iddq,µA,LOT-01,127.91,9.709,9.9841,10.1546,10.5304
CMP-008402,Memory IC,Standby Current,µA,LOT-04,126.24,25.7364,25.8283,26.6114,26.916
CMP-008403,ADC,Leakage Current,µA,LOT-20,125.31,5.1191,5.3262,5.472,5.5799
CMP-008404,Driver IC,Propagation Delay,ns,LOT-03,126.41,18.2067,29.9734,20.3028,22.8607
CMP-008405,Logic IC,Iddq,µA,LOT-16,123.97,9.7508,9.8441,9.9727,10.2014
CMP-008406,Memory IC,Standby Current,µA,LOT-18,122.47,24.6976,25.3273,25.3853,25.2013
CMP-008407,ADC,Leakage Current,µA,LOT-05,123.46,4.6155,4.9298,4.9245,5.0707
CMP-008408,Driver IC,Propagation Delay,ns,LOT-04,123.73,18.0081,18.8061,28.371,46.5266
CMP-008409,Logic IC,Iddq,µA,LOT-20,125.37,10.1441,10.1387,10.3649,10.7981
CMP-008410,Memory IC,Standby Current,µA,LOT-04,125.47,24.9328,25.9819,25.5728,26.3232
CMP-008411,ADC,Leakage Current,µA,LOT-10,129.13,5.2137,5.2154,5.3479,5.5777
CMP-008412,Driver IC,Propagation Delay,ns,LOT-06,124.52,17.5636,28.7709,19.1708,20.0833
CMP-008413,Logic IC,Iddq,µA,LOT-05,123.08,9.9071,11.9154,21.1146,33.819
CMP-008414,Memory IC,Standby Current,µA,LOT-19,124.07,25.1949,28.8007,39.0017,67.702
CMP-008415,ADC,Leakage Current,µA,LOT-01,124.09,4.9659,6.3029,11.1393,21.4076
CMP-008416,Driver IC,Propagation Delay,ns,LOT-12,124.4,18.1747,18.5911,18.6466,18.9429
CMP-008417,Logic IC,Iddq,µA,LOT-08,123.26,9.8069,22.0425,10.9132,14.3834
CMP-008418,Memory IC,Standby Current,µA,LOT-13,125.23,25.2189,25.3276,25.3781,26.0619
CMP-008419,ADC,Leakage Current,µA,LOT-10,123.96,4.8331,5.7305,12.8699,22.7699
CMP-008420,Driver IC,Propagation Delay,ns,LOT-09,124.09,17.5466,17.8495,18.0216,17.949
CMP-008421,Logic IC,Iddq,µA,LOT-06,124.77,9.4386,11.7479,18.8554,29.5143
CMP-008422,Memory IC,Standby Current,µA,LOT-07,122.44,24.0687,24.7376,24.6727,26.0084
CMP-008423,ADC,Leakage Current,µA,LOT-05,126.22,4.5574,10.1299,4.9843,6.4172
CMP-008424,Driver IC,Propagation Delay,ns,LOT-09,122.27,18.7189,18.8123,19.2068,18.936
CMP-008425,Logic IC,Iddq,µA,LOT-04,125.19,10.3062,12.4126,20.1703,33.9521
CMP-008426,Memory IC,Standby Current,µA,LOT-10,127.43,24.374,24.907,25.2162,25.69
CMP-008427,ADC,Leakage Current,µA,LOT-14,124.66,5.2932,6.7896,9.6828,20.7786
CMP-008428,Driver IC,Propagation Delay,ns,LOT-18,125.55,17.8738,25.9433,18.3618,19.5473
CMP-008429,Logic IC,Iddq,µA,LOT-12,124.61,10.4558,11.5129,22.3038,42.8768
CMP-008430,Memory IC,Standby Current,µA,LOT-05,123.38,24.1118,24.7298,24.8837,25.2092
CMP-008431,ADC,Leakage Current,µA,LOT-03,124.97,4.9563,5.0064,5.068,5.2961
CMP-008432,Driver IC,Propagation Delay,ns,LOT-16,124.49,17.4966,18.8884,23.3683,35.0893
CMP-008433,Logic IC,Iddq,µA,LOT-10,125.75,9.2249,9.5794,9.8004,9.9623
CMP-008434,Memory IC,Standby Current,µA,LOT-03,125.19,25.0069,25.7701,25.8294,26.6403
CMP-008435,ADC,Leakage Current,µA,LOT-02,126.53,4.8056,6.2132,11.2076,23.1142
CMP-008436,Driver IC,Propagation Delay,ns,LOT-03,124.09,17.8769,18.0493,18.7539,18.2164
CMP-008437,Logic IC,Iddq,µA,LOT-13,126.01,9.589,9.7209,9.9623,10.0389
CMP-008438,Memory IC,Standby Current,µA,LOT-06,122.95,23.9313,27.0549,36.2445,53.0408
CMP-008439,ADC,Leakage Current,µA,LOT-15,124.43,5.0227,6.3614,9.6317,17.9258
CMP-008440,Driver IC,Propagation Delay,ns,LOT-14,126.91,18.8932,19.2291,19.4424,19.3212
CMP-008441,Logic IC,Iddq,µA,LOT-04,125.64,10.2038,10.4118,10.5692,11.0575
CMP-008442,Memory IC,Standby Current,µA,LOT-09,123.15,24.9959,26.0497,38.8073,65.6951
CMP-008443,ADC,Leakage Current,µA,LOT-16,127.73,4.7616,14.9676,6.016,7.6551
CMP-008444,Driver IC,Propagation Delay,ns,LOT-18,127.04,17.6548,17.8961,18.2078,18.3812
CMP-008445,Logic IC,Iddq,µA,LOT-05,123.06,9.4967,9.7683,9.9372,9.9177
CMP-008446,Memory IC,Standby Current,µA,LOT-10,125.65,25.2271,53.3399,29.0914,30.5189
CMP-008447,ADC,Leakage Current,µA,LOT-11,126.59,4.9434,6.6295,10.4131,19.594
CMP-008448,Driver IC,Propagation Delay,ns,LOT-11,122.72,18.555,18.3958,18.5617,18.5356
CMP-008449,Logic IC,Iddq,µA,LOT-07,126.53,9.9541,23.7434,11.2722,12.1571
CMP-008450,Memory IC,Standby Current,µA,LOT-05,124.33,25.0981,25.77,26.3045,26.5856
CMP-008451,ADC,Leakage Current,µA,LOT-19,121.72,5.1949,6.5467,11.8152,18.2991
CMP-008452,Driver IC,Propagation Delay,ns,LOT-06,126.79,18.1467,29.9934,19.979,22.8396
CMP-008453,Logic IC,Iddq,µA,LOT-09,125.41,9.9327,27.1878,10.9193,11.5391
CMP-008454,Memory IC,Standby Current,µA,LOT-09,125.28,25.8886,25.824,26.1323,26.4359
CMP-008455,ADC,Leakage Current,µA,LOT-05,125.23,4.4888,6.0098,9.5325,17.6306
CMP-008456,Driver IC,Propagation Delay,ns,LOT-14,123.19,18.2208,18.0378,18.3318,18.5993
CMP-008457,Logic IC,Iddq,µA,LOT-16,125.33,9.8048,9.9456,10.2412,10.684
CMP-008458,Memory IC,Standby Current,µA,LOT-06,125.66,24.7803,44.5388,28.1776,30.2294
CMP-008459,ADC,Leakage Current,µA,LOT-16,124.85,4.7109,4.9357,5.1755,5.2174
CMP-008460,Driver IC,Propagation Delay,ns,LOT-17,125.24,17.5474,17.6646,17.6614,18.6273
CMP-008461,Logic IC,Iddq,µA,LOT-17,125.22,10.1502,10.2381,10.5559,11.0003
CMP-008462,Memory IC,Standby Current,µA,LOT-11,124.1,25.2216,25.5097,26.1596,25.6615
CMP-008463,ADC,Leakage Current,µA,LOT-04,123.82,4.9229,13.5854,5.7805,7.4628
CMP-008464,Driver IC,Propagation Delay,ns,LOT-02,125.42,18.0434,17.9802,18.1483,18.4763
CMP-008465,Logic IC,Iddq,µA,LOT-14,126.06,10.1261,10.5629,10.6069,10.7865
CMP-008466,Memory IC,Standby Current,µA,LOT-20,127.73,24.583,28.032,37.8049,61.3833
CMP-008467,ADC,Leakage Current,µA,LOT-17,123.67,5.0238,6.0631,11.2646,20.1646
CMP-008468,Driver IC,Propagation Delay,ns,LOT-03,122.82,18.4151,18.9606,18.7963,19.7614
CMP-008469,Logic IC,Iddq,µA,LOT-20,127.64,9.7568,10.0144,10.4856,10.638
CMP-008470,Memory IC,Standby Current,µA,LOT-19,124.51,24.1648,26.6381,41.8149,74.5524
CMP-008471,ADC,Leakage Current,µA,LOT-13,124.67,4.9839,5.1819,5.3395,5.407
CMP-008472,Driver IC,Propagation Delay,ns,LOT-14,124.53,18.7162,18.9839,19.5375,19.7382
CMP-008473,Logic IC,Iddq,µA,LOT-15,124.76,10.2187,11.7465,19.9212,34.112
CMP-008474,Memory IC,Standby Current,µA,LOT-10,124.58,25.8091,26.1359,26.5763,26.6551
CMP-008475,ADC,Leakage Current,µA,LOT-20,125.26,5.1776,13.9178,6.2029,8.0341
CMP-008476,Driver IC,Propagation Delay,ns,LOT-19,125.67,19.1899,20.3838,27.8891,46.4707
CMP-008477,Logic IC,Iddq,µA,LOT-02,126.05,10.4822,12.4275,18.227,31.1136
CMP-008478,Memory IC,Standby Current,µA,LOT-10,123.45,25.0739,38.2133,27.8541,33.7167
CMP-008479,ADC,Leakage Current,µA,LOT-18,127.95,4.7424,4.6902,4.8674,4.9576
CMP-008480,Driver IC,Propagation Delay,ns,LOT-05,124.73,17.3299,17.6603,17.696,18.3173
CMP-008481,Logic IC,Iddq,µA,LOT-08,125.01,9.961,10.6065,10.7973,10.8901
CMP-008482,Memory IC,Standby Current,µA,LOT-20,123.68,25.4087,26.063,26.1793,26.4214
CMP-008483,ADC,Leakage Current,µA,LOT-09,127.11,5.031,6.0347,11.7059,21.7194
CMP-008484,Driver IC,Propagation Delay,ns,LOT-19,122.42,17.546,18.2497,18.3793,18.1426
CMP-008485,Logic IC,Iddq,µA,LOT-20,126.35,10.4326,12.1892,24.2054,44.4387
CMP-008486,Memory IC,Standby Current,µA,LOT-16,126.05,24.5393,24.9815,25.5069,26.6898
CMP-008487,ADC,Leakage Current,µA,LOT-20,127.21,5.0013,5.9107,13.0291,27.2115
CMP-008488,Driver IC,Propagation Delay,ns,LOT-04,123.55,18.12,19.6317,24.7925,39.1054
CMP-008489,Logic IC,Iddq,µA,LOT-02,124.7,10.186,12.0918,18.6937,32.3116
CMP-008490,Memory IC,Standby Current,µA,LOT-10,125.43,24.4265,25.5677,25.3036,25.809
CMP-008491,ADC,Leakage Current,µA,LOT-07,124.56,5.1643,6.8693,11.6159,22.4555
CMP-008492,Driver IC,Propagation Delay,ns,LOT-20,127.59,18.6668,20.6779,26.4011,37.3252
CMP-008493,Logic IC,Iddq,µA,LOT-05,124.86,9.6055,11.7399,17.8606,32.2315
CMP-008494,Memory IC,Standby Current,µA,LOT-10,123.31,24.2345,24.8524,25.457,24.7988
CMP-008495,ADC,Leakage Current,µA,LOT-15,126.97,5.0918,5.2784,5.3297,5.5379
CMP-008496,Driver IC,Propagation Delay,ns,LOT-05,126.67,17.8122,17.7115,17.9765,18.3969
CMP-008497,Logic IC,Iddq,µA,LOT-14,123.16,9.8308,10.1128,10.4701,10.6267
CMP-008498,Memory IC,Standby Current,µA,LOT-15,125.62,24.7267,25.8591,26.4284,26.432
CMP-008499,ADC,Leakage Current,µA,LOT-12,123.1,5.1569,5.3363,5.4282,5.5795
CMP-008500,Driver IC,Propagation Delay,ns,LOT-06,125.02,17.965,18.8267,27.887,38.1877
CMP-008501,Logic IC,Iddq,µA,LOT-05,125.91,9.3307,9.6194,9.9219,10.0437
CMP-008502,Memory IC,Standby Current,µA,LOT-03,125.26,24.194,24.9114,25.3836,26.3434
CMP-008503,ADC,Leakage Current,µA,LOT-10,126.43,5.0107,5.6525,12.6997,20.8677
CMP-008504,Driver IC,Propagation Delay,ns,LOT-06,122.89,17.9378,18.5866,28.3338,39.0041
CMP-008505,Logic IC,Iddq,µA,LOT-12,124.8,10.1745,18.5746,12.213,14.6055
CMP-008506,Memory IC,Standby Current,µA,LOT-05,127.34,25.1773,28.1613,43.1284,71.5821
CMP-008507,ADC,Leakage Current,µA,LOT-08,122.16,4.7708,5.0582,5.2941,5.514
CMP-008508,Driver IC,Propagation Delay,ns,LOT-02,125.23,18.8267,20.4982,24.9628,33.626
CMP-008509,Logic IC,Iddq,µA,LOT-08,124.63,10.1169,11.6806,21.3165,33.702
CMP-008510,Memory IC,Standby Current,µA,LOT-08,125.99,25.1297,25.7122,25.7515,26.1802
CMP-008511,ADC,Leakage Current,µA,LOT-10,126.09,4.8189,5.0584,5.166,5.3902
CMP-008512,Driver IC,Propagation Delay,ns,LOT-02,123.77,18.7144,21.0243,27.9902,43.0066
CMP-008513,Logic IC,Iddq,µA,LOT-19,124.5,9.7342,10.2914,10.2613,10.6439
CMP-008514,Memory IC,Standby Current,µA,LOT-08,124.55,25.1498,29.3227,39.8327,66.63
CMP-008515,ADC,Leakage Current,µA,LOT-12,122.79,5.3977,6.6061,13.5107,21.6562
CMP-008516,Driver IC,Propagation Delay,ns,LOT-20,127.78,18.5701,18.9629,18.9439,18.9359
CMP-008517,Logic IC,Iddq,µA,LOT-11,124.06,9.9753,10.014,10.6492,10.7548
CMP-008518,Memory IC,Standby Current,µA,LOT-15,123.69,24.725,24.9544,25.4176,25.5366
CMP-008519,ADC,Leakage Current,µA,LOT-12,124.05,5.0818,5.8972,11.1017,20.5398
CMP-008520,Driver IC,Propagation Delay,ns,LOT-11,126.28,18.6582,18.8254,18.9396,19.1181
CMP-008521,Logic IC,Iddq,µA,LOT-20,124.91,10.1554,10.3349,10.7277,10.9151
CMP-008522,Memory IC,Standby Current,µA,LOT-03,125.9,25.6761,25.5493,26.5593,26.768
CMP-008523,ADC,Leakage Current,µA,LOT-03,126.28,5.1539,5.3405,5.5685,5.7152
CMP-008524,Driver IC,Propagation Delay,ns,LOT-13,124.36,18.3556,24.1821,18.6955,21.6276
CMP-008525,Logic IC,Iddq,µA,LOT-13,125.13,10.26,18.5027,12.7144,13.6759
CMP-008526,Memory IC,Standby Current,µA,LOT-03,124.61,25.9952,29.9024,41.3009,73.0459
CMP-008527,ADC,Leakage Current,µA,LOT-04,124.04,5.1524,5.7663,12.6642,27.5246
CMP-008528,Driver IC,Propagation Delay,ns,LOT-01,129.11,17.4228,19.6221,26.3321,40.5009
CMP-008529,Logic IC,Iddq,µA,LOT-06,125.16,9.4827,10.8525,19.5192,33.5758
CMP-008530,Memory IC,Standby Current,µA,LOT-08,124.79,24.8809,25.5204,25.1989,25.2562
CMP-008531,ADC,Leakage Current,µA,LOT-03,126.28,5.2779,12.8854,5.7243,6.3544
CMP-008532,Driver IC,Propagation Delay,ns,LOT-05,125.85,17.5664,19.7431,26.4708,34.7743
CMP-008533,Logic IC,Iddq,µA,LOT-01,122.58,10.3774,12.5073,19.5823,34.3626
CMP-008534,Memory IC,Standby Current,µA,LOT-20,124.05,24.0133,28.6504,44.0573,64.8396
CMP-008535,ADC,Leakage Current,µA,LOT-14,123.76,5.3202,5.5439,5.712,5.8183
CMP-008536,Driver IC,Propagation Delay,ns,LOT-19,125.28,17.7463,19.085,25.3076,34.8334
CMP-008537,Logic IC,Iddq,µA,LOT-06,125.88,9.955,10.0862,10.2108,10.7159
CMP-008538,Memory IC,Standby Current,µA,LOT-18,126.59,25.4505,51.8491,28.7869,33.6926
CMP-008539,ADC,Leakage Current,µA,LOT-01,123.02,5.1062,5.4707,5.6263,5.7209
CMP-008540,Driver IC,Propagation Delay,ns,LOT-07,123.1,18.131,20.1752,26.0995,35.083
CMP-008541,Logic IC,Iddq,µA,LOT-05,124.32,9.77,10.9252,19.0728,36.8505
CMP-008542,Memory IC,Standby Current,µA,LOT-05,126.08,24.8927,24.2986,25.0988,25.4049
CMP-008543,ADC,Leakage Current,µA,LOT-16,123.65,4.7078,6.0298,10.9402,22.2279
CMP-008544,Driver IC,Propagation Delay,ns,LOT-10,126.63,17.9982,18.7292,25.9182,37.0496
CMP-008545,Logic IC,Iddq,µA,LOT-07,125.71,10.3616,10.6035,10.926,11.3537
CMP-008546,Memory IC,Standby Current,µA,LOT-16,123.6,24.0924,27.8368,38.7769,61.6998
CMP-008547,ADC,Leakage Current,µA,LOT-15,124.19,5.0679,5.2856,5.4583,5.5469
CMP-008548,Driver IC,Propagation Delay,ns,LOT-02,124.19,18.0121,18.2895,18.6041,18.6117
CMP-008549,Logic IC,Iddq,µA,LOT-15,124.38,10.4486,10.591,10.8632,11.0955
CMP-008550,Memory IC,Standby Current,µA,LOT-12,123.28,25.329,25.37,25.6676,26.0369
CMP-008551,ADC,Leakage Current,µA,LOT-20,124.22,4.942,5.7579,12.1398,22.2075
CMP-008552,Driver IC,Propagation Delay,ns,LOT-09,126.0,18.328,18.4651,18.6144,18.9465
CMP-008553,Logic IC,Iddq,µA,LOT-16,124.45,10.0847,12.0629,19.4231,38.0826
CMP-008554,Memory IC,Standby Current,µA,LOT-20,125.87,24.1949,24.3393,24.8954,25.5219
CMP-008555,ADC,Leakage Current,µA,LOT-05,127.29,4.522,4.5634,4.7082,4.9052
CMP-008556,Driver IC,Propagation Delay,ns,LOT-19,123.85,18.3203,18.7207,18.8755,18.8995
CMP-008557,Logic IC,Iddq,µA,LOT-20,125.83,10.1552,12.5668,20.4073,31.4762
CMP-008558,Memory IC,Standby Current,µA,LOT-17,126.59,24.815,25.3396,25.989,26.027
CMP-008559,ADC,Leakage Current,µA,LOT-05,127.35,4.6562,4.6402,4.9317,4.8905
CMP-008560,Driver IC,Propagation Delay,ns,LOT-16,126.3,18.0767,18.0782,18.388,18.2118
CMP-008561,Logic IC,Iddq,µA,LOT-18,125.88,9.8182,10.1801,10.4517,10.5646
CMP-008562,Memory IC,Standby Current,µA,LOT-03,125.5,25.3314,29.2067,38.8314,68.5842
CMP-008563,ADC,Leakage Current,µA,LOT-04,125.72,5.4032,5.5514,5.6806,5.7779
CMP-008564,Driver IC,Propagation Delay,ns,LOT-13,125.39,18.1973,19.4589,25.3296,41.5848
CMP-008565,Logic IC,Iddq,µA,LOT-02,127.89,10.2095,10.5245,10.8777,11.0488
CMP-008566,Memory IC,Standby Current,µA,LOT-08,122.11,25.1282,28.5529,40.7594,67.5579
CMP-008567,ADC,Leakage Current,µA,LOT-11,123.7,5.192,5.2923,5.4805,5.7327
CMP-008568,Driver IC,Propagation Delay,ns,LOT-11,123.96,18.338,18.6749,18.6431,18.8917
CMP-008569,Logic IC,Iddq,µA,LOT-19,125.74,10.2197,10.6485,10.5169,10.9339
CMP-008570,Memory IC,Standby Current,µA,LOT-14,125.54,24.9739,28.1469,40.4821,69.4595
CMP-008571,ADC,Leakage Current,µA,LOT-03,125.4,5.1093,6.132,13.052,25.411
CMP-008572,Driver IC,Propagation Delay,ns,LOT-18,124.61,18.1017,18.9858,23.4515,39.304
CMP-008573,Logic IC,Iddq,µA,LOT-19,122.42,9.7977,10.1816,10.2839,10.3896
CMP-008574,Memory IC,Standby Current,µA,LOT-16,124.74,25.2039,26.0656,26.2195,26.1555
CMP-008575,ADC,Leakage Current,µA,LOT-19,123.56,5.1983,5.7027,10.6947,19.7532
CMP-008576,Driver IC,Propagation Delay,ns,LOT-15,124.21,18.1629,20.577,25.8874,34.8044
CMP-008577,Logic IC,Iddq,µA,LOT-01,125.55,9.95,23.4735,10.8784,11.7434
CMP-008578,Memory IC,Standby Current,µA,LOT-04,123.77,25.008,24.844,25.566,26.2861
CMP-008579,ADC,Leakage Current,µA,LOT-02,125.47,4.7314,10.7568,5.2183,7.4184
CMP-008580,Driver IC,Propagation Delay,ns,LOT-05,125.25,17.62,17.8382,17.9379,18.4971
CMP-008581,Logic IC,Iddq,µA,LOT-04,123.41,9.8786,17.4869,11.6483,13.6881
CMP-008582,Memory IC,Standby Current,µA,LOT-07,126.69,25.1359,25.5994,26.6871,26.1689
CMP-008583,ADC,Leakage Current,µA,LOT-14,126.02,5.193,6.3832,12.1107,26.4696
CMP-008584,Driver IC,Propagation Delay,ns,LOT-20,124.04,18.8378,19.7713,26.6622,37.5081
CMP-008585,Logic IC,Iddq,µA,LOT-11,122.44,10.2097,10.202,10.3863,10.7092
CMP-008586,Memory IC,Standby Current,µA,LOT-03,125.86,23.8834,24.5905,24.9041,25.033
CMP-008587,ADC,Leakage Current,µA,LOT-07,126.28,5.1915,6.1434,12.9318,22.9453
CMP-008588,Driver IC,Propagation Delay,ns,LOT-04,128.1,18.1938,18.2159,18.6024,18.7925
CMP-008589,Logic IC,Iddq,µA,LOT-12,123.15,9.6733,11.333,23.6888,42.2796
CMP-008590,Memory IC,Standby Current,µA,LOT-02,127.64,24.8553,25.2984,25.9747,26.4464
CMP-008591,ADC,Leakage Current,µA,LOT-12,125.89,5.15,5.288,5.4347,5.5597
CMP-008592,Driver IC,Propagation Delay,ns,LOT-08,124.86,17.2685,17.8141,17.8937,18.039
CMP-008593,Logic IC,Iddq,µA,LOT-09,124.46,9.7048,10.1042,10.3486,10.9417
CMP-008594,Memory IC,Standby Current,µA,LOT-15,125.55,24.7278,25.7243,27.1141,26.5379
CMP-008595,ADC,Leakage Current,µA,LOT-02,126.66,4.6872,5.3536,9.8264,24.1671
CMP-008596,Driver IC,Propagation Delay,ns,LOT-16,125.52,17.611,17.3245,18.1907,18.0714
CMP-008597,Logic IC,Iddq,µA,LOT-07,124.01,10.1227,10.2848,10.3794,10.6598
CMP-008598,Memory IC,Standby Current,µA,LOT-12,126.3,25.3373,45.2156,28.3938,30.9863
CMP-008599,ADC,Leakage Current,µA,LOT-16,125.42,5.2536,5.3693,5.3943,5.5306
CMP-008600,Driver IC,Propagation Delay,ns,LOT-02,124.7,17.5996,17.6504,17.7273,18.1131
CMP-008601,Logic IC,Iddq,µA,LOT-02,124.34,10.1373,11.9706,19.3288,30.7382
CMP-008602,Memory IC,Standby Current,µA,LOT-09,128.9,25.0471,29.6703,43.6992,75.2659
CMP-008603,ADC,Leakage Current,µA,LOT-01,126.27,4.8636,11.4436,6.2641,7.2608
CMP-008604,Driver IC,Propagation Delay,ns,LOT-17,127.2,18.2339,30.6836,19.5361,20.3895
CMP-008605,Logic IC,Iddq,µA,LOT-02,124.37,10.1878,10.1754,10.7068,10.949
CMP-008606,Memory IC,Standby Current,µA,LOT-12,122.65,24.6522,24.8125,25.3203,25.2196
CMP-008607,ADC,Leakage Current,µA,LOT-20,124.36,4.8479,4.9894,5.1571,5.3918
CMP-008608,Driver IC,Propagation Delay,ns,LOT-07,124.67,18.1872,18.2774,18.8871,18.6024
CMP-008609,Logic IC,Iddq,µA,LOT-15,123.92,10.1992,10.3348,10.5541,10.6719
CMP-008610,Memory IC,Standby Current,µA,LOT-02,125.33,25.1934,25.7672,26.5667,26.65
CMP-008611,ADC,Leakage Current,µA,LOT-20,123.46,4.7949,4.9346,5.2719,5.2553
CMP-008612,Driver IC,Propagation Delay,ns,LOT-12,123.26,18.8184,18.7534,19.241,19.0412
CMP-008613,Logic IC,Iddq,µA,LOT-07,127.35,10.6917,10.6078,11.0851,11.1883
CMP-008614,Memory IC,Standby Current,µA,LOT-07,122.44,25.0617,25.2244,25.7222,25.9999
CMP-008615,ADC,Leakage Current,µA,LOT-11,124.59,5.142,6.2534,10.9356,23.2829
CMP-008616,Driver IC,Propagation Delay,ns,LOT-11,123.77,17.7386,19.0783,28.1465,45.7351
CMP-008617,Logic IC,Iddq,µA,LOT-03,122.14,10.2152,12.359,21.1201,33.4162
CMP-008618,Memory IC,Standby Current,µA,LOT-06,124.67,25.4247,27.2223,38.477,74.2714
CMP-008619,ADC,Leakage Current,µA,LOT-12,124.67,5.2384,5.2001,5.4475,5.611
CMP-008620,Driver IC,Propagation Delay,ns,LOT-11,124.17,19.1045,19.1385,19.4566,20.0416
CMP-008621,Logic IC,Iddq,µA,LOT-02,122.66,9.6428,10.0527,10.1925,10.4224
CMP-008622,Memory IC,Standby Current,µA,LOT-16,124.04,25.4988,26.6943,42.3914,80.2041
CMP-008623,ADC,Leakage Current,µA,LOT-14,125.32,5.3641,5.4025,5.6601,5.6279
CMP-008624,Driver IC,Propagation Delay,ns,LOT-09,124.94,17.2685,17.7358,17.8438,17.7323
CMP-008625,Logic IC,Iddq,µA,LOT-13,125.34,9.675,10.1188,10.1062,10.4799
CMP-008626,Memory IC,Standby Current,µA,LOT-17,126.99,24.8653,29.2848,37.8352,66.6363
CMP-008627,ADC,Leakage Current,µA,LOT-14,124.85,5.2256,5.2568,5.2622,5.4154
CMP-008628,Driver IC,Propagation Delay,ns,LOT-18,125.28,17.2664,19.5072,23.6512,35.2456
CMP-008629,Logic IC,Iddq,µA,LOT-08,126.1,10.0607,26.3325,10.6113,12.8996
CMP-008630,Memory IC,Standby Current,µA,LOT-03,125.28,25.1806,25.2961,25.3364,26.2614
CMP-008631,ADC,Leakage Current,µA,LOT-03,123.41,5.2173,13.1718,6.7548,8.9168
CMP-008632,Driver IC,Propagation Delay,ns,LOT-02,124.74,17.0087,17.1825,17.3477,17.3922
CMP-008633,Logic IC,Iddq,µA,LOT-01,124.66,9.9478,10.2459,10.1027,10.4877
CMP-008634,Memory IC,Standby Current,µA,LOT-01,124.06,25.0859,25.4904,25.8985,26.2344
CMP-008635,ADC,Leakage Current,µA,LOT-03,123.15,5.1263,5.2731,5.4427,5.6455
CMP-008636,Driver IC,Propagation Delay,ns,LOT-10,125.57,17.1065,17.5103,17.4848,17.7967
CMP-008637,Logic IC,Iddq,µA,LOT-10,125.29,10.4601,10.5225,10.6309,10.9034
CMP-008638,Memory IC,Standby Current,µA,LOT-05,124.69,24.5869,27.242,47.4399,83.3191
CMP-008639,ADC,Leakage Current,µA,LOT-17,125.87,4.8545,5.9191,11.1537,19.1877
CMP-008640,Driver IC,Propagation Delay,ns,LOT-04,123.06,18.6404,18.6249,19.0745,19.1911
CMP-008641,Logic IC,Iddq,µA,LOT-02,124.73,10.1123,23.8473,11.5185,14.7266
CMP-008642,Memory IC,Standby Current,µA,LOT-12,126.6,24.7997,25.3492,25.7948,26.176
CMP-008643,ADC,Leakage Current,µA,LOT-18,124.34,4.7458,4.6668,4.8626,5.1177
CMP-008644,Driver IC,Propagation Delay,ns,LOT-18,124.63,17.3622,17.482,17.7392,17.8329
CMP-008645,Logic IC,Iddq,µA,LOT-03,124.61,10.2119,10.4115,10.7209,11.0739
CMP-008646,Memory IC,Standby Current,µA,LOT-13,123.98,25.7082,28.4424,42.7193,79.6686
CMP-008647,ADC,Leakage Current,µA,LOT-08,121.53,4.7764,6.4799,11.5513,18.9999
CMP-008648,Driver IC,Propagation Delay,ns,LOT-14,127.4,17.9867,27.1514,18.7624,21.2271
CMP-008649,Logic IC,Iddq,µA,LOT-09,122.87,9.3994,24.1313,10.2412,11.5013
CMP-008650,Memory IC,Standby Current,µA,LOT-20,126.96,24.1033,27.9118,42.2783,59.1069
CMP-008651,ADC,Leakage Current,µA,LOT-06,126.51,4.7257,4.8129,4.8698,5.0596
CMP-008652,Driver IC,Propagation Delay,ns,LOT-16,121.84,17.3855,17.6399,18.0926,18.523
CMP-008653,Logic IC,Iddq,µA,LOT-03,125.06,10.0043,11.3215,18.8729,35.5052
CMP-008654,Memory IC,Standby Current,µA,LOT-16,125.01,24.3816,26.9845,42.5324,73.9144
CMP-008655,ADC,Leakage Current,µA,LOT-12,125.88,5.1497,6.1487,12.642,22.6289
CMP-008656,Driver IC,Propagation Delay,ns,LOT-16,124.42,18.0611,19.6208,25.155,40.1665
CMP-008657,Logic IC,Iddq,µA,LOT-04,127.49,10.748,11.1619,11.321,11.7019
CMP-008658,Memory IC,Standby Current,µA,LOT-03,123.66,25.1812,25.3212,25.7865,26.2377
CMP-008659,ADC,Leakage Current,µA,LOT-18,125.87,4.7754,6.0745,11.4909,17.9844
CMP-008660,Driver IC,Propagation Delay,ns,LOT-20,124.11,18.1893,18.4897,18.8406,18.9864
CMP-008661,Logic IC,Iddq,µA,LOT-01,122.71,10.4494,10.4882,10.5548,11.2855
CMP-008662,Memory IC,Standby Current,µA,LOT-03,122.53,25.1114,28.2601,42.6226,72.0343
CMP-008663,ADC,Leakage Current,µA,LOT-08,125.12,5.1028,6.2221,13.1436,23.2536
CMP-008664,Driver IC,Propagation Delay,ns,LOT-11,125.56,17.2563,18.1062,27.4119,40.1016
CMP-008665,Logic IC,Iddq,µA,LOT-01,125.81,10.4263,12.0922,21.6269,32.9519
CMP-008666,Memory IC,Standby Current,µA,LOT-01,125.6,24.0071,45.28,26.4535,29.7474
CMP-008667,ADC,Leakage Current,µA,LOT-06,126.57,4.8049,13.8561,5.5135,6.3302
CMP-008668,Driver IC,Propagation Delay,ns,LOT-18,127.06,17.1573,29.9501,17.788,19.6441
CMP-008669,Logic IC,Iddq,µA,LOT-07,127.17,9.8236,10.0803,10.3327,10.4898
CMP-008670,Memory IC,Standby Current,µA,LOT-08,125.3,25.3773,25.4065,26.4201,26.153
CMP-008671,ADC,Leakage Current,µA,LOT-04,125.14,4.9668,5.6185,11.1467,25.0705
CMP-008672,Driver IC,Propagation Delay,ns,LOT-16,122.66,17.7133,17.99,17.9495,17.7699
CMP-008673,Logic IC,Iddq,µA,LOT-12,127.24,10.2489,10.2687,10.5421,11.0701
CMP-008674,Memory IC,Standby Current,µA,LOT-08,122.29,25.8848,28.6829,36.1669,55.8748
CMP-008675,ADC,Leakage Current,µA,LOT-19,125.93,5.1864,5.5961,5.7872,5.9086
CMP-008676,Driver IC,Propagation Delay,ns,LOT-03,125.8,18.1167,17.9257,18.372,18.7187
CMP-008677,Logic IC,Iddq,µA,LOT-11,122.65,10.164,10.681,10.9897,11.315
CMP-008678,Memory IC,Standby Current,µA,LOT-10,124.88,24.8661,28.5517,37.5776,66.0027
CMP-008679,ADC,Leakage Current,µA,LOT-09,126.65,5.0679,6.273,10.0429,19.7962
CMP-008680,Driver IC,Propagation Delay,ns,LOT-11,125.02,18.2798,19.6362,24.2498,38.5015
CMP-008681,Logic IC,Iddq,µA,LOT-14,124.07,10.1364,10.3422,10.5421,10.5531
CMP-008682,Memory IC,Standby Current,µA,LOT-17,125.83,24.2369,24.8843,24.6066,25.2552
CMP-008683,ADC,Leakage Current,µA,LOT-01,123.62,5.2156,5.4,5.5891,5.8728
CMP-008684,Driver IC,Propagation Delay,ns,LOT-19,125.28,18.6489,19.1692,23.8516,42.884
CMP-008685,Logic IC,Iddq,µA,LOT-11,125.48,10.31,10.7587,11.0539,11.0742
CMP-008686,Memory IC,Standby Current,µA,LOT-04,124.66,24.5378,25.2047,25.8946,25.8882
CMP-008687,ADC,Leakage Current,µA,LOT-18,124.44,4.6984,4.6805,4.8826,4.9405
CMP-008688,Driver IC,Propagation Delay,ns,LOT-12,124.7,18.6755,18.824,19.0556,19.1951
CMP-008689,Logic IC,Iddq,µA,LOT-11,124.93,10.0389,10.5606,11.0307,11.0592
CMP-008690,Memory IC,Standby Current,µA,LOT-05,125.22,24.2442,25.0667,25.2371,25.9889
CMP-008691,ADC,Leakage Current,µA,LOT-12,125.09,4.8441,11.4799,5.7289,6.2162
CMP-008692,Driver IC,Propagation Delay,ns,LOT-12,123.39,18.6928,20.8544,25.8762,34.272
CMP-008693,Logic IC,Iddq,µA,LOT-04,126.07,10.4049,23.5527,12.1335,12.8235
CMP-008694,Memory IC,Standby Current,µA,LOT-06,123.7,25.2317,25.6186,25.903,26.4824
CMP-008695,ADC,Leakage Current,µA,LOT-02,122.23,4.8466,5.1427,5.0145,5.2772
CMP-008696,Driver IC,Propagation Delay,ns,LOT-18,124.93,18.0845,18.0882,18.0645,18.4511
CMP-008697,Logic IC,Iddq,µA,LOT-09,125.84,9.5737,11.3889,23.133,44.5158
CMP-008698,Memory IC,Standby Current,µA,LOT-11,125.44,24.6223,25.0978,25.3603,26.1261
CMP-008699,ADC,Leakage Current,µA,LOT-13,124.06,4.9833,4.8643,5.0159,5.2689
CMP-008700,Driver IC,Propagation Delay,ns,LOT-16,125.41,17.0739,18.9523,24.3491,33.4665
CMP-008701,Logic IC,Iddq,µA,LOT-19,124.24,9.8461,12.4353,20.9084,35.5266
CMP-008702,Memory IC,Standby Current,µA,LOT-13,124.46,24.8768,45.3305,27.1339,31.8343
CMP-008703,ADC,Leakage Current,µA,LOT-10,127.24,4.7622,5.802,11.4971,18.7855
CMP-008704,Driver IC,Propagation Delay,ns,LOT-06,124.16,17.2881,17.8123,17.7878,17.5545
CMP-008705,Logic IC,Iddq,µA,LOT-03,125.5,10.1941,11.8966,22.4653,44.8422
CMP-008706,Memory IC,Standby Current,µA,LOT-08,124.83,25.1866,25.5671,25.965,26.3621
CMP-008707,ADC,Leakage Current,µA,LOT-12,124.55,5.4033,5.4335,5.5706,5.6447
CMP-008708,Driver IC,Propagation Delay,ns,LOT-06,124.71,17.1872,26.5177,18.2939,20.5262
CMP-008709,Logic IC,Iddq,µA,LOT-08,123.02,9.9644,10.9909,20.0355,34.231
CMP-008710,Memory IC,Standby Current,µA,LOT-05,131.76,24.56,25.5191,25.3823,26.3332
CMP-008711,ADC,Leakage Current,µA,LOT-02,125.29,4.8229,4.8837,5.0176,5.1624
CMP-008712,Driver IC,Propagation Delay,ns,LOT-02,126.33,17.3984,26.0054,18.4847,21.1663
CMP-008713,Logic IC,Iddq,µA,LOT-06,125.5,9.468,25.8651,10.5778,11.4326
CMP-008714,Memory IC,Standby Current,µA,LOT-01,124.86,24.7242,26.4894,44.1642,83.9027
CMP-008715,ADC,Leakage Current,µA,LOT-19,125.83,5.3398,11.2717,6.8934,8.5272
CMP-008716,Driver IC,Propagation Delay,ns,LOT-17,124.37,17.2584,17.4166,17.7266,18.2719
CMP-008717,Logic IC,Iddq,µA,LOT-20,127.13,10.0914,10.3354,10.5497,10.667
CMP-008718,Memory IC,Standby Current,µA,LOT-02,125.61,24.4008,25.2423,24.5927,25.6837
CMP-008719,ADC,Leakage Current,µA,LOT-20,122.64,4.9809,5.1547,5.357,5.4977
CMP-008720,Driver IC,Propagation Delay,ns,LOT-10,126.96,17.6854,18.0877,26.668,39.6431
CMP-008721,Logic IC,Iddq,µA,LOT-07,124.94,9.8629,10.1962,10.6023,10.753
CMP-008722,Memory IC,Standby Current,µA,LOT-18,127.03,25.7157,28.6492,41.1977,81.2358
CMP-008723,ADC,Leakage Current,µA,LOT-09,125.28,5.0757,5.361,5.3342,5.5225
CMP-008724,Driver IC,Propagation Delay,ns,LOT-05,125.19,17.4154,19.0654,26.886,37.6288
CMP-008725,Logic IC,Iddq,µA,LOT-13,122.74,9.9211,10.7659,18.0532,42.7913
CMP-008726,Memory IC,Standby Current,µA,LOT-05,125.33,24.7184,24.5143,24.7979,25.6592
CMP-008727,ADC,Leakage Current,µA,LOT-04,124.27,4.9471,5.8636,10.0653,23.181
CMP-008728,Driver IC,Propagation Delay,ns,LOT-06,126.46,17.7511,27.5913,18.4714,21.5526
CMP-008729,Logic IC,Iddq,µA,LOT-04,123.69,9.7809,10.032,10.1684,10.6321
CMP-008730,Memory IC,Standby Current,µA,LOT-06,125.75,25.1541,25.5992,25.4252,25.6117
CMP-008731,ADC,Leakage Current,µA,LOT-17,120.73,5.0446,5.1233,5.3196,5.542
CMP-008732,Driver IC,Propagation Delay,ns,LOT-14,125.05,18.1555,18.263,18.62,18.7998
CMP-008733,Logic IC,Iddq,µA,LOT-11,125.9,10.7232,12.1535,24.0638,44.9451
CMP-008734,Memory IC,Standby Current,µA,LOT-07,123.56,24.3219,24.5926,24.4881,25.2904
CMP-008735,ADC,Leakage Current,µA,LOT-01,124.45,5.0611,6.7825,10.2994,19.9034
CMP-008736,Driver IC,Propagation Delay,ns,LOT-08,120.99,18.125,18.131,18.3152,17.9506
CMP-008737,Logic IC,Iddq,µA,LOT-05,124.67,9.4289,9.6463,10.2099,10.4559
CMP-008738,Memory IC,Standby Current,µA,LOT-17,123.55,25.0249,26.5818,44.1365,83.4492
CMP-008739,ADC,Leakage Current,µA,LOT-15,124.74,5.2205,5.3261,5.5601,5.5118
CMP-008740,Driver IC,Propagation Delay,ns,LOT-06,122.74,18.1047,19.8657,27.1606,36.1326
CMP-008741,Logic IC,Iddq,µA,LOT-17,121.29,10.5964,11.5437,22.9185,45.7101
CMP-008742,Memory IC,Standby Current,µA,LOT-19,122.99,25.2522,25.7591,25.9516,26.616
CMP-008743,ADC,Leakage Current,µA,LOT-19,123.34,5.3889,5.5183,5.7304,5.8513
CMP-008744,Driver IC,Propagation Delay,ns,LOT-02,124.2,17.9663,19.0193,27.42,42.2659
CMP-008745,Logic IC,Iddq,µA,LOT-17,127.89,9.845,10.1247,10.4981,10.515
CMP-008746,Memory IC,Standby Current,µA,LOT-09,123.27,24.7329,24.882,25.5064,26.2125
CMP-008747,ADC,Leakage Current,µA,LOT-11,127.06,5.1402,5.3183,5.3169,5.5084
CMP-008748,Driver IC,Propagation Delay,ns,LOT-08,126.32,17.556,17.5734,17.9154,18.3991
CMP-008749,Logic IC,Iddq,µA,LOT-10,126.33,9.6537,11.981,17.1608,35.0303
CMP-008750,Memory IC,Standby Current,µA,LOT-05,125.89,23.4899,26.476,37.7501,71.7878
CMP-008751,ADC,Leakage Current,µA,LOT-04,122.57,4.9894,5.1228,5.2783,5.4072
CMP-008752,Driver IC,Propagation Delay,ns,LOT-12,126.93,17.4951,17.325,17.7966,17.973
CMP-008753,Logic IC,Iddq,µA,LOT-07,125.41,9.7469,11.9592,18.3104,37.0203
CMP-008754,Memory IC,Standby Current,µA,LOT-07,123.07,25.4895,26.1615,41.5122,75.4379
CMP-008755,ADC,Leakage Current,µA,LOT-09,127.96,4.8489,4.9298,5.0729,5.242
CMP-008756,Driver IC,Propagation Delay,ns,LOT-09,126.32,17.791,17.8928,18.3002,18.373
CMP-008757,Logic IC,Iddq,µA,LOT-20,124.37,9.8585,10.2501,10.4577,10.6872
CMP-008758,Memory IC,Standby Current,µA,LOT-13,126.09,25.2833,26.546,45.5983,75.8504
CMP-008759,ADC,Leakage Current,µA,LOT-16,126.24,4.7908,6.3107,11.5876,23.0129
CMP-008760,Driver IC,Propagation Delay,ns,LOT-10,125.21,17.2733,17.6084,17.8441,18.2886
CMP-008761,Logic IC,Iddq,µA,LOT-14,125.16,9.8047,10.1103,10.2596,10.3145
CMP-008762,Memory IC,Standby Current,µA,LOT-01,123.95,24.8908,26.9812,37.0933,69.4807
CMP-008763,ADC,Leakage Current,µA,LOT-07,124.84,5.1366,5.2101,5.4173,5.5216
CMP-008764,Driver IC,Propagation Delay,ns,LOT-15,125.93,17.7621,18.7588,25.7618,39.4398
CMP-008765,Logic IC,Iddq,µA,LOT-06,124.55,10.3427,18.3308,12.1961,14.3031
CMP-008766,Memory IC,Standby Current,µA,LOT-05,124.22,24.2626,24.4948,25.3629,25.7994
CMP-008767,ADC,Leakage Current,µA,LOT-01,126.99,5.0494,6.2092,10.0284,24.7186
CMP-008768,Driver IC,Propagation Delay,ns,LOT-11,128.5,18.3269,18.7023,19.3194,19.0456
CMP-008769,Logic IC,Iddq,µA,LOT-06,124.32,9.5309,10.1448,10.4929,10.4207
CMP-008770,Memory IC,Standby Current,µA,LOT-11,125.91,24.8353,26.6627,42.1093,71.2396
CMP-008771,ADC,Leakage Current,µA,LOT-19,125.23,5.111,5.1801,5.3901,5.538
CMP-008772,Driver IC,Propagation Delay,ns,LOT-08,126.07,17.6203,18.067,17.7764,18.1405
CMP-008773,Logic IC,Iddq,µA,LOT-15,125.83,9.8672,10.0952,10.2048,10.4843
CMP-008774,Memory IC,Standby Current,µA,LOT-01,125.52,24.8726,29.3641,41.2543,72.372
CMP-008775,ADC,Leakage Current,µA,LOT-12,126.08,5.2971,5.4126,5.6846,5.7872
CMP-008776,Driver IC,Propagation Delay,ns,LOT-14,123.56,18.1522,18.2305,18.4874,19.023
CMP-008777,Logic IC,Iddq,µA,LOT-09,126.62,10.0425,10.3964,10.5059,10.6675
CMP-008778,Memory IC,Standby Current,µA,LOT-13,124.6,24.8617,25.0057,25.2099,25.5073
CMP-008779,ADC,Leakage Current,µA,LOT-10,127.15,4.7743,5.1085,5.1409,5.4134
CMP-008780,Driver IC,Propagation Delay,ns,LOT-10,122.8,17.9718,19.1305,27.3606,47.5823
CMP-008781,Logic IC,Iddq,µA,LOT-01,122.5,10.3146,10.6252,10.9685,11.1443
CMP-008782,Memory IC,Standby Current,µA,LOT-10,127.82,24.9141,25.0006,25.8242,25.9949
CMP-008783,ADC,Leakage Current,µA,LOT-18,127.23,4.5868,4.9586,5.2052,5.1858
CMP-008784,Driver IC,Propagation Delay,ns,LOT-07,128.78,17.971,19.6449,25.1825,43.1842
CMP-008785,Logic IC,Iddq,µA,LOT-12,128.1,9.9993,10.0101,10.2178,10.5423
CMP-008786,Memory IC,Standby Current,µA,LOT-12,126.31,25.2356,26.4222,25.9546,26.6121
CMP-008787,ADC,Leakage Current,µA,LOT-19,124.08,4.9083,6.0172,10.9316,18.9419
CMP-008788,Driver IC,Propagation Delay,ns,LOT-18,125.55,18.3523,18.5934,18.8849,18.7573
CMP-008789,Logic IC,Iddq,µA,LOT-17,124.61,10.1969,10.5414,10.8417,11.0729
CMP-008790,Memory IC,Standby Current,µA,LOT-02,124.99,23.9678,24.3596,25.0212,25.0928
CMP-008791,ADC,Leakage Current,µA,LOT-12,124.67,5.3979,5.4866,5.592,5.7221
CMP-008792,Driver IC,Propagation Delay,ns,LOT-15,126.66,18.4261,30.2943,18.7056,19.7587
CMP-008793,Logic IC,Iddq,µA,LOT-08,123.12,9.9082,27.2486,12.0012,13.8919
CMP-008794,Memory IC,Standby Current,µA,LOT-08,129.74,25.5477,25.4681,25.3818,26.3576
CMP-008795,ADC,Leakage Current,µA,LOT-20,125.22,4.8968,12.8034,6.3178,8.1173
CMP-008796,Driver IC,Propagation Delay,ns,LOT-14,126.31,18.2266,20.5958,25.1043,37.9459
CMP-008797,Logic IC,Iddq,µA,LOT-14,125.16,10.3266,10.4705,10.6241,10.8886
CMP-008798,Memory IC,Standby Current,µA,LOT-11,124.82,25.3133,25.4313,25.2262,25.7245
CMP-008799,ADC,Leakage Current,µA,LOT-19,124.28,5.4612,5.7078,5.7121,5.9629
CMP-008800,Driver IC,Propagation Delay,ns,LOT-09,123.39,17.694,18.0002,18.2766,18.5016
CMP-008801,Logic IC,Iddq,µA,LOT-16,125.58,9.5505,11.3968,22.7644,46.0657
CMP-008802,Memory IC,Standby Current,µA,LOT-15,127.97,24.9565,28.2073,36.9308,57.7306
CMP-008803,ADC,Leakage Current,µA,LOT-18,125.44,4.7323,10.8156,5.247,7.3858
CMP-008804,Driver IC,Propagation Delay,ns,LOT-14,123.53,17.9388,18.0343,18.2706,18.5611
CMP-008805,Logic IC,Iddq,µA,LOT-02,127.14,9.9268,11.9953,21.078,33.7923
CMP-008806,Memory IC,Standby Current,µA,LOT-05,124.42,24.8219,25.0075,25.8441,26.4427
CMP-008807,ADC,Leakage Current,µA,LOT-09,125.1,5.0372,5.1799,5.4306,5.5184
CMP-008808,Driver IC,Propagation Delay,ns,LOT-05,126.54,17.4074,17.7329,17.9079,17.9284
CMP-008809,Logic IC,Iddq,µA,LOT-08,124.48,10.4471,10.8115,10.9479,11.315
CMP-008810,Memory IC,Standby Current,µA,LOT-06,123.4,23.6128,23.8565,24.5759,24.7784
CMP-008811,ADC,Leakage Current,µA,LOT-03,127.35,5.2393,5.9836,10.5514,20.7397
CMP-008812,Driver IC,Propagation Delay,ns,LOT-13,127.53,17.6665,18.8515,25.4861,34.7105
CMP-008813,Logic IC,Iddq,µA,LOT-06,119.98,9.751,10.0761,9.9631,10.6355
CMP-008814,Memory IC,Standby Current,µA,LOT-13,123.16,25.7796,30.8551,42.1088,65.7685
CMP-008815,ADC,Leakage Current,µA,LOT-18,123.48,4.5488,4.6243,4.6862,4.9098
CMP-008816,Driver IC,Propagation Delay,ns,LOT-11,125.22,18.5491,26.9837,20.1438,21.5115
CMP-008817,Logic IC,Iddq,µA,LOT-03,122.05,10.52,10.7435,10.7342,10.9058
CMP-008818,Memory IC,Standby Current,µA,LOT-15,126.93,25.3984,28.9844,44.9299,73.2269
CMP-008819,ADC,Leakage Current,µA,LOT-11,122.45,5.0731,5.1259,5.3292,5.4432
CMP-008820,Driver IC,Propagation Delay,ns,LOT-08,124.03,17.819,18.0109,18.1347,18.5754
CMP-008821,Logic IC,Iddq,µA,LOT-12,125.11,9.896,19.7827,11.2983,14.4009
CMP-008822,Memory IC,Standby Current,µA,LOT-16,124.88,24.3248,25.0433,25.6664,25.5008
CMP-008823,ADC,Leakage Current,µA,LOT-12,123.34,5.2032,5.415,5.5453,5.707
CMP-008824,Driver IC,Propagation Delay,ns,LOT-09,123.58,18.0796,19.5947,26.5162,36.2728
CMP-008825,Logic IC,Iddq,µA,LOT-16,126.39,9.0855,10.9493,16.7456,27.2689
CMP-008826,Memory IC,Standby Current,µA,LOT-07,124.54,23.595,24.3445,24.5873,25.3119
CMP-008827,ADC,Leakage Current,µA,LOT-09,121.56,5.0278,5.0575,5.1341,5.3855
CMP-008828,Driver IC,Propagation Delay,ns,LOT-07,123.09,17.5738,18.1183,18.0761,18.2656
CMP-008829,Logic IC,Iddq,µA,LOT-20,125.34,9.7777,10.0811,10.0915,10.4533
CMP-008830,Memory IC,Standby Current,µA,LOT-07,127.44,24.6381,28.9313,42.6229,70.3087
CMP-008831,ADC,Leakage Current,µA,LOT-17,123.79,5.2265,5.3293,5.512,5.5012
CMP-008832,Driver IC,Propagation Delay,ns,LOT-12,124.35,18.9483,19.0764,19.6546,19.62
CMP-008833,Logic IC,Iddq,µA,LOT-13,125.45,10.5938,21.4019,11.1418,13.5398
CMP-008834,Memory IC,Standby Current,µA,LOT-19,124.12,25.3044,28.4081,41.6915,64.6074
CMP-008835,ADC,Leakage Current,µA,LOT-06,126.3,4.8249,4.9022,5.1808,5.3641
CMP-008836,Driver IC,Propagation Delay,ns,LOT-02,123.88,17.4956,19.7036,27.4346,39.9302
CMP-008837,Logic IC,Iddq,µA,LOT-03,123.35,10.286,13.1484,20.7851,35.8791
CMP-008838,Memory IC,Standby Current,µA,LOT-03,126.21,25.4157,25.9356,25.6454,26.25
CMP-008839,ADC,Leakage Current,µA,LOT-20,123.86,5.0929,5.3087,5.4205,5.7051
CMP-008840,Driver IC,Propagation Delay,ns,LOT-02,125.55,17.1323,26.5827,18.27,19.6001
CMP-008841,Logic IC,Iddq,µA,LOT-18,123.4,9.6962,12.4735,19.7826,30.729
CMP-008842,Memory IC,Standby Current,µA,LOT-07,125.81,25.3155,25.4994,26.3668,26.3769
CMP-008843,ADC,Leakage Current,µA,LOT-18,123.42,4.5519,5.5342,10.9413,18.1462
CMP-008844,Driver IC,Propagation Delay,ns,LOT-08,128.21,18.6182,18.4728,18.9805,19.1089
CMP-008845,Logic IC,Iddq,µA,LOT-14,125.0,10.1914,10.3331,10.6329,10.6833
CMP-008846,Memory IC,Standby Current,µA,LOT-16,124.59,24.0354,28.3117,43.0693,73.5328
CMP-008847,ADC,Leakage Current,µA,LOT-18,125.36,4.9261,5.1052,5.163,5.3205
CMP-008848,Driver IC,Propagation Delay,ns,LOT-17,122.23,18.8828,27.0833,20.3146,22.7609
CMP-008849,Logic IC,Iddq,µA,LOT-10,125.26,10.0825,10.8348,23.2962,38.5652
CMP-008850,Memory IC,Standby Current,µA,LOT-08,123.63,25.6621,25.6157,25.5684,26.2933
CMP-008851,ADC,Leakage Current,µA,LOT-07,124.1,5.1652,6.2664,11.7679,21.7665
CMP-008852,Driver IC,Propagation Delay,ns,LOT-03,123.71,17.5617,17.8247,18.1885,18.2662
CMP-008853,Logic IC,Iddq,µA,LOT-19,124.73,10.0355,10.3405,10.6244,10.6322
CMP-008854,Memory IC,Standby Current,µA,LOT-19,124.64,25.1671,25.433,25.9159,26.6694
CMP-008855,ADC,Leakage Current,µA,LOT-17,124.62,5.0517,5.1999,5.2937,5.4834
CMP-008856,Driver IC,Propagation Delay,ns,LOT-13,122.98,17.6076,18.0218,18.7444,18.3236
CMP-008857,Logic IC,Iddq,µA,LOT-20,126.03,9.9828,11.6606,19.9446,41.8445
CMP-008858,Memory IC,Standby Current,µA,LOT-09,125.03,24.6367,26.5556,37.6237,77.6045
CMP-008859,ADC,Leakage Current,µA,LOT-08,126.83,4.7717,6.008,11.5843,21.8146
CMP-008860,Driver IC,Propagation Delay,ns,LOT-20,122.55,18.4927,18.8847,19.2118,19.2467
CMP-008861,Logic IC,Iddq,µA,LOT-13,122.77,9.912,11.3218,19.6301,44.3873
CMP-008862,Memory IC,Standby Current,µA,LOT-19,127.05,24.7477,25.1148,25.6597,26.4372
CMP-008863,ADC,Leakage Current,µA,LOT-01,123.43,4.7884,5.0375,5.1578,5.4051
CMP-008864,Driver IC,Propagation Delay,ns,LOT-14,122.4,17.6984,19.9404,27.7055,36.2153
CMP-008865,Logic IC,Iddq,µA,LOT-14,125.59,10.4175,13.6828,19.8884,39.1925
CMP-008866,Memory IC,Standby Current,µA,LOT-11,127.99,24.7853,24.9872,25.5695,26.0354
CMP-008867,ADC,Leakage Current,µA,LOT-13,125.93,4.9912,5.2539,5.3309,5.5121
CMP-008868,Driver IC,Propagation Delay,ns,LOT-18,122.51,18.2986,19.7333,28.6344,42.8846
CMP-008869,Logic IC,Iddq,µA,LOT-02,126.77,9.7195,9.8529,9.9213,10.3292
CMP-008870,Memory IC,Standby Current,µA,LOT-10,122.64,24.5013,26.2223,37.9039,65.8995
CMP-008871,ADC,Leakage Current,µA,LOT-04,125.27,5.0174,6.3399,10.593,20.2036
CMP-008872,Driver IC,Propagation Delay,ns,LOT-18,123.69,18.1899,18.4334,18.8162,18.3326
CMP-008873,Logic IC,Iddq,µA,LOT-15,124.15,10.6744,13.1196,20.6065,37.212
CMP-008874,Memory IC,Standby Current,µA,LOT-01,124.78,24.5468,25.3195,25.5175,26.052
CMP-008875,ADC,Leakage Current,µA,LOT-13,126.64,5.1304,5.3464,5.4421,5.4806
CMP-008876,Driver IC,Propagation Delay,ns,LOT-11,120.81,17.9409,18.1777,18.3867,18.6498
CMP-008877,Logic IC,Iddq,µA,LOT-07,123.02,10.0533,10.9744,18.7303,38.3183
CMP-008878,Memory IC,Standby Current,µA,LOT-13,125.62,25.3494,28.9194,37.9412,56.4155
CMP-008879,ADC,Leakage Current,µA,LOT-04,125.86,5.2674,5.4736,5.7094,5.8003
CMP-008880,Driver IC,Propagation Delay,ns,LOT-20,126.95,17.3641,17.904,18.1526,18.102
CMP-008881,Logic IC,Iddq,µA,LOT-07,124.37,9.7884,11.345,17.9023,36.2893
CMP-008882,Memory IC,Standby Current,µA,LOT-12,126.36,25.3532,29.9292,38.4262,59.3616
CMP-008883,ADC,Leakage Current,µA,LOT-19,128.14,4.892,6.4189,11.4096,18.5601
CMP-008884,Driver IC,Propagation Delay,ns,LOT-17,125.02,17.8945,18.3652,18.6362,18.9003
CMP-008885,Logic IC,Iddq,µA,LOT-01,125.32,9.7094,10.0315,10.3742,10.3927
CMP-008886,Memory IC,Standby Current,µA,LOT-09,124.69,24.171,28.2352,38.4861,65.4089
CMP-008887,ADC,Leakage Current,µA,LOT-18,124.27,4.7583,13.381,5.1731,5.7093
CMP-008888,Driver IC,Propagation Delay,ns,LOT-20,125.02,17.698,19.987,26.8092,41.7167
CMP-008889,Logic IC,Iddq,µA,LOT-11,126.91,10.164,11.8601,19.0988,40.7697
CMP-008890,Memory IC,Standby Current,µA,LOT-17,125.26,24.6027,25.2066,25.7447,26.4927
CMP-008891,ADC,Leakage Current,µA,LOT-03,128.71,5.0893,9.9529,5.9733,6.2196
CMP-008892,Driver IC,Propagation Delay,ns,LOT-19,126.39,17.9269,26.9501,18.694,21.3761
CMP-008893,Logic IC,Iddq,µA,LOT-14,127.08,9.6952,12.8065,19.6213,35.2593
CMP-008894,Memory IC,Standby Current,µA,LOT-04,127.78,24.1371,24.6662,25.1182,25.1587
CMP-008895,ADC,Leakage Current,µA,LOT-18,125.63,4.5248,4.641,4.7498,4.8684
CMP-008896,Driver IC,Propagation Delay,ns,LOT-13,126.21,17.2383,17.5001,17.9613,17.9928
CMP-008897,Logic IC,Iddq,µA,LOT-13,124.65,10.0508,19.8599,10.9372,12.2398
CMP-008898,Memory IC,Standby Current,µA,LOT-14,125.17,26.4022,38.7069,29.8993,34.5024
CMP-008899,ADC,Leakage Current,µA,LOT-08,125.78,4.7974,5.4633,11.7958,23.7034
CMP-008900,Driver IC,Propagation Delay,ns,LOT-10,125.39,17.6254,20.0732,26.8199,41.8071
CMP-008901,Logic IC,Iddq,µA,LOT-18,126.29,10.0755,10.2281,10.4959,10.6872
CMP-008902,Memory IC,Standby Current,µA,LOT-15,123.1,24.4268,28.1945,43.805,72.029
CMP-008903,ADC,Leakage Current,µA,LOT-08,126.51,5.126,5.247,5.3973,5.5619
CMP-008904,Driver IC,Propagation Delay,ns,LOT-02,124.5,17.121,27.5348,19.3627,21.442
CMP-008905,Logic IC,Iddq,µA,LOT-18,124.97,9.6626,11.7803,17.9644,31.9051
CMP-008906,Memory IC,Standby Current,µA,LOT-03,124.77,24.6215,26.9884,44.6051,66.6848
CMP-008907,ADC,Leakage Current,µA,LOT-11,122.76,5.2112,5.7258,9.7208,20.5683
CMP-008908,Driver IC,Propagation Delay,ns,LOT-12,125.12,17.9164,17.8409,18.1604,18.6071
CMP-008909,Logic IC,Iddq,µA,LOT-03,125.73,9.9842,12.6131,20.949,38.1499
CMP-008910,Memory IC,Standby Current,µA,LOT-04,122.35,25.3965,29.2036,43.037,60.4558
CMP-008911,ADC,Leakage Current,µA,LOT-05,125.76,4.5854,4.7404,4.7953,5.0151
CMP-008912,Driver IC,Propagation Delay,ns,LOT-12,125.75,18.5362,20.4113,27.9744,38.0855
CMP-008913,Logic IC,Iddq,µA,LOT-09,127.19,10.0001,10.0692,10.5715,10.6392
CMP-008914,Memory IC,Standby Current,µA,LOT-02,125.98,25.0372,25.9318,26.4057,26.2093
CMP-008915,ADC,Leakage Current,µA,LOT-16,126.43,4.7645,5.4254,11.2175,20.7643
CMP-008916,Driver IC,Propagation Delay,ns,LOT-04,126.71,18.0032,18.3495,18.3818,18.5118
CMP-008917,Logic IC,Iddq,µA,LOT-03,124.72,10.0334,10.2201,10.5203,10.7282
CMP-008918,Memory IC,Standby Current,µA,LOT-11,124.58,24.8003,25.1213,25.8387,26.0419
CMP-008919,ADC,Leakage Current,µA,LOT-13,124.42,5.0613,6.3439,12.0433,23.9813
CMP-008920,Driver IC,Propagation Delay,ns,LOT-13,124.58,18.4745,18.5646,18.6602,18.99
CMP-008921,Logic IC,Iddq,µA,LOT-03,124.02,10.1414,10.3967,10.4417,10.8956
CMP-008922,Memory IC,Standby Current,µA,LOT-08,124.02,25.4761,26.1856,27.0143,26.7607
CMP-008923,ADC,Leakage Current,µA,LOT-15,126.73,5.3247,5.4566,5.5694,5.5898
CMP-008924,Driver IC,Propagation Delay,ns,LOT-20,127.55,18.1854,19.0711,26.3476,45.6122
CMP-008925,Logic IC,Iddq,µA,LOT-08,124.15,10.1766,10.2535,10.3543,11.1276
CMP-008926,Memory IC,Standby Current,µA,LOT-20,125.6,25.5554,25.5407,26.1842,26.3071
CMP-008927,ADC,Leakage Current,µA,LOT-08,124.66,4.7292,4.9438,5.1918,5.2373
CMP-008928,Driver IC,Propagation Delay,ns,LOT-13,124.77,17.9491,29.4764,19.6789,22.3138
CMP-008929,Logic IC,Iddq,µA,LOT-12,124.22,10.3372,13.1419,22.6873,37.4089
CMP-008930,Memory IC,Standby Current,µA,LOT-09,124.97,24.5191,25.3318,25.3837,26.144
CMP-008931,ADC,Leakage Current,µA,LOT-05,125.98,4.7309,6.2394,11.1889,21.8815
CMP-008932,Driver IC,Propagation Delay,ns,LOT-03,124.4,18.2922,27.9965,19.9133,22.5413
CMP-008933,Logic IC,Iddq,µA,LOT-07,125.09,9.7517,11.4437,17.112,31.5931
CMP-008934,Memory IC,Standby Current,µA,LOT-18,126.85,24.7056,24.7051,25.2094,25.6318
CMP-008935,ADC,Leakage Current,µA,LOT-06,123.18,4.8147,4.9532,5.097,5.2654
CMP-008936,Driver IC,Propagation Delay,ns,LOT-18,127.23,18.4139,18.272,18.5529,18.71
CMP-008937,Logic IC,Iddq,µA,LOT-09,126.58,9.971,10.2652,10.602,10.795
CMP-008938,Memory IC,Standby Current,µA,LOT-12,124.02,24.8894,49.3967,27.4542,31.4935
CMP-008939,ADC,Leakage Current,µA,LOT-10,123.01,4.742,6.4858,10.9779,18.7844
CMP-008940,Driver IC,Propagation Delay,ns,LOT-06,124.38,17.813,18.7416,18.7836,18.7957
CMP-008941,Logic IC,Iddq,µA,LOT-06,122.93,9.7384,11.4867,20.5715,36.7013
CMP-008942,Memory IC,Standby Current,µA,LOT-09,127.6,25.2184,25.3056,25.8095,25.9408
CMP-008943,ADC,Leakage Current,µA,LOT-15,124.35,5.2847,5.4768,5.6381,5.7472
CMP-008944,Driver IC,Propagation Delay,ns,LOT-16,124.23,17.6734,18.7331,24.3147,40.3096
CMP-008945,Logic IC,Iddq,µA,LOT-08,123.06,9.9451,22.8145,10.6948,11.1392
CMP-008946,Memory IC,Standby Current,µA,LOT-02,122.36,24.8404,45.3082,26.8226,28.947
CMP-008947,ADC,Leakage Current,µA,LOT-10,123.13,4.8141,4.9266,5.0604,5.0823
CMP-008948,Driver IC,Propagation Delay,ns,LOT-14,124.07,17.7622,19.7759,25.1626,37.5627
CMP-008949,Logic IC,Iddq,µA,LOT-07,125.91,10.2794,12.7253,21.2573,36.9029
CMP-008950,Memory IC,Standby Current,µA,LOT-03,125.91,24.6951,25.3018,25.5511,25.8235
CMP-008951,ADC,Leakage Current,µA,LOT-16,125.86,4.866,5.102,5.1444,5.4165
CMP-008952,Driver IC,Propagation Delay,ns,LOT-13,127.92,18.4984,30.383,20.0945,21.9149
CMP-008953,Logic IC,Iddq,µA,LOT-17,122.81,9.7833,9.9546,10.2735,10.4492
CMP-008954,Memory IC,Standby Current,µA,LOT-15,124.12,26.2203,28.884,39.4901,74.1616
CMP-008955,ADC,Leakage Current,µA,LOT-18,128.2,4.9705,5.0976,5.2692,5.4702
CMP-008956,Driver IC,Propagation Delay,ns,LOT-11,125.11,17.5101,18.6647,26.297,40.3818
CMP-008957,Logic IC,Iddq,µA,LOT-10,124.37,9.9365,25.7874,10.5245,13.4174
CMP-008958,Memory IC,Standby Current,µA,LOT-07,125.57,25.0266,25.501,25.5921,26.1275
CMP-008959,ADC,Leakage Current,µA,LOT-17,124.45,4.946,5.8856,9.8104,24.3416
CMP-008960,Driver IC,Propagation Delay,ns,LOT-14,128.21,17.516,17.7653,18.011,17.8938
CMP-008961,Logic IC,Iddq,µA,LOT-11,123.86,10.012,10.0634,10.4493,10.7711
CMP-008962,Memory IC,Standby Current,µA,LOT-14,123.61,24.5428,39.1121,27.9331,33.5968
CMP-008963,ADC,Leakage Current,µA,LOT-04,126.36,5.3184,6.4825,12.5688,23.0698
CMP-008964,Driver IC,Propagation Delay,ns,LOT-03,125.58,18.2572,18.1626,18.6441,19.3373
CMP-008965,Logic IC,Iddq,µA,LOT-10,124.15,9.6907,9.7535,10.1676,10.4807
CMP-008966,Memory IC,Standby Current,µA,LOT-03,124.66,24.9327,25.8074,25.404,25.5738
CMP-008967,ADC,Leakage Current,µA,LOT-12,127.31,5.0889,12.7726,6.2814,6.5487
CMP-008968,Driver IC,Propagation Delay,ns,LOT-06,124.81,18.4177,18.5371,18.7575,19.0744
CMP-008969,Logic IC,Iddq,µA,LOT-11,124.63,9.8573,10.2277,10.3066,10.5277
CMP-008970,Memory IC,Standby Current,µA,LOT-20,126.49,25.7227,26.5424,26.937,27.7009
CMP-008971,ADC,Leakage Current,µA,LOT-19,125.59,5.3865,10.4467,6.1024,7.4658
CMP-008972,Driver IC,Propagation Delay,ns,LOT-10,125.28,17.5447,17.9578,17.9771,18.6258
CMP-008973,Logic IC,Iddq,µA,LOT-20,124.34,10.1907,12.0925,23.2377,44.6018
CMP-008974,Memory IC,Standby Current,µA,LOT-02,123.67,23.4686,24.1984,24.5885,25.0263
CMP-008975,ADC,Leakage Current,µA,LOT-18,127.43,4.6006,4.6152,4.7648,4.9276
CMP-008976,Driver IC,Propagation Delay,ns,LOT-18,124.82,18.6809,18.2797,18.3368,18.731
CMP-008977,Logic IC,Iddq,µA,LOT-20,126.09,9.8129,11.3769,21.8055,41.2029
CMP-008978,Memory IC,Standby Current,µA,LOT-19,121.14,25.8436,26.0658,26.4003,26.9945
CMP-008979,ADC,Leakage Current,µA,LOT-02,125.49,4.6186,4.6284,4.7826,4.9824
CMP-008980,Driver IC,Propagation Delay,ns,LOT-04,122.86,18.5962,18.6649,18.4789,18.6632
CMP-008981,Logic IC,Iddq,µA,LOT-10,124.41,9.8055,10.2341,10.1892,10.4126
CMP-008982,Memory IC,Standby Current,µA,LOT-11,123.89,25.7742,26.4422,27.4346,27.2971
CMP-008983,ADC,Leakage Current,µA,LOT-15,124.68,5.1553,5.1903,5.4325,5.6733
CMP-008984,Driver IC,Propagation Delay,ns,LOT-06,122.67,17.3407,17.9681,17.9308,18.2753
CMP-008985,Logic IC,Iddq,µA,LOT-03,123.53,10.0159,11.8222,24.0682,38.5465
CMP-008986,Memory IC,Standby Current,µA,LOT-03,125.24,25.3141,26.8772,37.1139,77.8031
CMP-008987,ADC,Leakage Current,µA,LOT-01,124.98,5.0649,5.1336,5.3416,5.4148
CMP-008988,Driver IC,Propagation Delay,ns,LOT-16,123.9,18.8247,20.3907,26.7412,40.852
CMP-008989,Logic IC,Iddq,µA,LOT-15,121.76,10.452,10.6268,10.8035,11.3888
CMP-008990,Memory IC,Standby Current,µA,LOT-02,123.01,24.4649,25.5942,25.7708,25.8049
CMP-008991,ADC,Leakage Current,µA,LOT-13,127.3,5.1195,5.3299,5.4276,5.652
CMP-008992,Driver IC,Propagation Delay,ns,LOT-17,125.01,18.0104,18.4644,18.1156,18.4508
CMP-008993,Logic IC,Iddq,µA,LOT-15,125.32,9.6038,11.5144,20.2532,34.9892
CMP-008994,Memory IC,Standby Current,µA,LOT-19,126.61,25.2516,27.1879,26.6939,27.9827
CMP-008995,ADC,Leakage Current,µA,LOT-02,124.9,4.6272,5.6646,11.9858,24.4414
CMP-008996,Driver IC,Propagation Delay,ns,LOT-02,127.24,18.6018,20.3788,27.1149,41.9525
CMP-008997,Logic IC,Iddq,µA,LOT-18,126.41,9.8389,9.9643,10.5269,10.6077
CMP-008998,Memory IC,Standby Current,µA,LOT-06,125.59,23.7107,26.4005,41.6999,59.3614
CMP-008999,ADC,Leakage Current,µA,LOT-13,122.9,5.1631,5.4279,5.394,5.6755
CMP-009000,Driver IC,Propagation Delay,ns,LOT-11,122.1,17.8647,18.204,18.461,18.8096
CMP-009001,Logic IC,Iddq,µA,LOT-18,124.93,9.6238,23.994,11.808,15.0217
CMP-009002,Memory IC,Standby Current,µA,LOT-08,126.06,24.7249,25.808,26.0954,26.195
CMP-009003,ADC,Leakage Current,µA,LOT-09,123.62,5.3038,6.5028,12.364,22.5473
CMP-009004,Driver IC,Propagation Delay,ns,LOT-16,127.19,17.3436,17.6003,17.4386,17.556
CMP-009005,Logic IC,Iddq,µA,LOT-05,123.63,9.5096,11.5205,18.8751,37.588
CMP-009006,Memory IC,Standby Current,µA,LOT-13,125.2,25.0775,39.1854,28.3558,33.7034
CMP-009007,ADC,Leakage Current,µA,LOT-03,124.19,5.1268,15.0777,6.4392,8.4248
CMP-009008,Driver IC,Propagation Delay,ns,LOT-01,126.5,17.5453,23.7841,19.498,20.0915
CMP-009009,Logic IC,Iddq,µA,LOT-06,123.23,9.6145,11.0169,23.1207,41.2093
CMP-009010,Memory IC,Standby Current,µA,LOT-20,126.53,24.9452,28.4246,40.8837,62.8427
CMP-009011,ADC,Leakage Current,µA,LOT-02,124.92,4.8998,5.1147,5.2439,5.306
CMP-009012,Driver IC,Propagation Delay,ns,LOT-08,124.04,17.6811,17.6748,17.9814,18.0253
CMP-009013,Logic IC,Iddq,µA,LOT-03,129.68,10.6066,11.4644,18.4314,31.9145
CMP-009014,Memory IC,Standby Current,µA,LOT-10,124.22,25.073,25.1268,26.0514,26.201
CMP-009015,ADC,Leakage Current,µA,LOT-14,123.45,5.294,6.3244,11.8977,23.327
CMP-009016,Driver IC,Propagation Delay,ns,LOT-13,125.25,17.3068,17.6152,17.4582,17.9268
CMP-009017,Logic IC,Iddq,µA,LOT-12,125.4,10.3601,21.0885,10.8896,13.78
CMP-009018,Memory IC,Standby Current,µA,LOT-04,126.57,24.6761,25.3442,25.8187,25.9277
CMP-009019,ADC,Leakage Current,µA,LOT-14,126.21,5.1493,6.2252,13.5348,27.0354
CMP-009020,Driver IC,Propagation Delay,ns,LOT-02,125.34,18.0325,25.2609,18.6021,20.7204
CMP-009021,Logic IC,Iddq,µA,LOT-18,125.15,10.0983,11.0439,22.613,45.3869
CMP-009022,Memory IC,Standby Current,µA,LOT-16,126.27,25.2361,25.5328,25.7862,26.3683
CMP-009023,ADC,Leakage Current,µA,LOT-10,124.94,4.92,5.1225,5.2044,5.2318
CMP-009024,Driver IC,Propagation Delay,ns,LOT-03,122.96,18.0149,27.4037,19.1971,19.6892
CMP-009025,Logic IC,Iddq,µA,LOT-13,126.34,9.8519,12.4869,19.0122,37.431
CMP-009026,Memory IC,Standby Current,µA,LOT-17,125.76,24.8442,25.376,25.8866,26.3672
CMP-009027,ADC,Leakage Current,µA,LOT-15,124.75,5.1007,5.7853,12.272,20.1132
CMP-009028,Driver IC,Propagation Delay,ns,LOT-07,125.03,18.0299,18.0483,18.4074,18.4985
CMP-009029,Logic IC,Iddq,µA,LOT-18,125.47,9.7949,9.8573,10.1586,10.4529
CMP-009030,Memory IC,Standby Current,µA,LOT-08,127.75,24.3708,24.6716,25.9361,25.6844
CMP-009031,ADC,Leakage Current,µA,LOT-10,126.06,5.0247,5.1369,5.3987,5.5154
CMP-009032,Driver IC,Propagation Delay,ns,LOT-02,123.58,17.0643,17.3088,17.4791,17.2098
CMP-009033,Logic IC,Iddq,µA,LOT-18,123.42,10.146,11.5386,18.9997,38.9331
CMP-009034,Memory IC,Standby Current,µA,LOT-05,125.69,25.1833,27.0873,44.0065,69.8004
CMP-009035,ADC,Leakage Current,µA,LOT-01,123.1,5.2863,5.374,5.6466,5.7774
CMP-009036,Driver IC,Propagation Delay,ns,LOT-18,124.17,17.9554,18.2423,18.2434,18.6884
CMP-009037,Logic IC,Iddq,µA,LOT-17,127.77,9.5783,12.6406,21.2197,38.6533
CMP-009038,Memory IC,Standby Current,µA,LOT-05,128.83,24.3737,24.3756,25.2854,25.6827
CMP-009039,ADC,Leakage Current,µA,LOT-02,124.46,4.7688,5.1512,5.3513,5.507
CMP-009040,Driver IC,Propagation Delay,ns,LOT-06,125.43,17.4323,17.9588,18.0224,17.9195
CMP-009041,Logic IC,Iddq,µA,LOT-19,123.93,10.1354,12.7048,18.2609,28.9884
CMP-009042,Memory IC,Standby Current,µA,LOT-03,124.74,25.9541,26.6079,27.1703,27.2002
CMP-009043,ADC,Leakage Current,µA,LOT-08,121.8,5.1037,6.3575,9.6074,17.5491
CMP-009044,Driver IC,Propagation Delay,ns,LOT-08,126.57,17.4793,18.0921,17.9534,17.9866
CMP-009045,Logic IC,Iddq,µA,LOT-12,125.04,10.1316,10.4908,10.6242,10.8679
CMP-009046,Memory IC,Standby Current,µA,LOT-18,126.16,24.8579,25.894,25.5069,25.5033
CMP-009047,ADC,Leakage Current,µA,LOT-10,128.17,4.7545,4.9729,5.0385,5.2166
CMP-009048,Driver IC,Propagation Delay,ns,LOT-12,123.17,18.7484,19.9188,25.8197,39.6293
CMP-009049,Logic IC,Iddq,µA,LOT-04,125.98,10.4099,10.6652,11.1795,11.2748
CMP-009050,Memory IC,Standby Current,µA,LOT-16,126.08,24.5279,24.905,25.18,25.8101
CMP-009051,ADC,Leakage Current,µA,LOT-06,124.14,4.7103,4.9351,5.0116,5.1982
CMP-009052,Driver IC,Propagation Delay,ns,LOT-18,124.08,17.8253,19.4145,24.5407,39.6068
CMP-009053,Logic IC,Iddq,µA,LOT-12,126.26,10.041,10.0255,10.4073,10.537
CMP-009054,Memory IC,Standby Current,µA,LOT-05,122.42,24.0664,27.4173,43.735,64.5078
CMP-009055,ADC,Leakage Current,µA,LOT-06,124.23,4.8735,6.2406,9.9323,18.7534
CMP-009056,Driver IC,Propagation Delay,ns,LOT-07,125.5,17.9392,18.4384,18.2097,18.319
CMP-009057,Logic IC,Iddq,µA,LOT-10,125.43,9.2534,9.5301,9.597,9.9235
CMP-009058,Memory IC,Standby Current,µA,LOT-05,125.58,24.3393,27.5106,42.2394,71.2039
CMP-009059,ADC,Leakage Current,µA,LOT-04,126.74,5.4068,6.7152,11.0597,21.05
CMP-009060,Driver IC,Propagation Delay,ns,LOT-01,123.43,18.1332,19.854,24.3816,36.2904
CMP-009061,Logic IC,Iddq,µA,LOT-08,128.57,10.3526,10.5701,10.6595,11.0666
CMP-009062,Memory IC,Standby Current,µA,LOT-04,125.42,24.4592,25.2401,25.492,25.752
CMP-009063,ADC,Leakage Current,µA,LOT-19,122.82,5.1841,5.3743,5.5013,5.6995
CMP-009064,Driver IC,Propagation Delay,ns,LOT-14,124.39,18.4728,18.3173,18.5675,18.6734
CMP-009065,Logic IC,Iddq,µA,LOT-05,124.84,9.4849,9.8221,10.3423,10.6591
CMP-009066,Memory IC,Standby Current,µA,LOT-05,122.78,25.2918,27.1168,41.0978,77.4718
CMP-009067,ADC,Leakage Current,µA,LOT-19,123.93,5.0051,4.9891,5.1198,5.2856
CMP-009068,Driver IC,Propagation Delay,ns,LOT-08,126.1,17.5952,29.3987,19.2739,21.2625
CMP-009069,Logic IC,Iddq,µA,LOT-04,121.93,9.9821,10.1937,10.6126,11.053
CMP-009070,Memory IC,Standby Current,µA,LOT-14,125.14,24.4463,24.7741,25.6312,25.8747
CMP-009071,ADC,Leakage Current,µA,LOT-02,125.9,5.2048,5.6388,13.1494,22.2464
CMP-009072,Driver IC,Propagation Delay,ns,LOT-16,125.13,17.7736,18.1541,18.3552,18.6653
CMP-009073,Logic IC,Iddq,µA,LOT-13,122.31,9.6564,12.6146,21.7866,37.6313
CMP-009074,Memory IC,Standby Current,µA,LOT-06,125.43,24.8553,27.1698,40.6927,62.7678
CMP-009075,ADC,Leakage Current,µA,LOT-06,126.08,4.7423,5.9306,11.9254,23.0691
CMP-009076,Driver IC,Propagation Delay,ns,LOT-19,126.56,18.2506,18.2187,18.5368,18.526
CMP-009077,Logic IC,Iddq,µA,LOT-12,125.99,10.0035,12.9869,22.8257,39.4827
CMP-009078,Memory IC,Standby Current,µA,LOT-18,124.95,24.4972,28.452,44.9313,64.511
CMP-009079,ADC,Leakage Current,µA,LOT-03,125.69,5.0392,5.7622,9.6769,20.6245
CMP-009080,Driver IC,Propagation Delay,ns,LOT-03,125.11,18.4973,18.8523,19.5959,19.6396
CMP-009081,Logic IC,Iddq,µA,LOT-01,126.3,10.0729,10.5329,10.5987,10.9906
CMP-009082,Memory IC,Standby Current,µA,LOT-01,125.4,24.5209,25.1322,25.8311,26.2453
CMP-009083,ADC,Leakage Current,µA,LOT-02,123.64,4.8598,5.0268,5.2143,5.2882
CMP-009084,Driver IC,Propagation Delay,ns,LOT-12,121.81,19.1961,19.4438,19.7214,19.827
CMP-009085,Logic IC,Iddq,µA,LOT-15,123.98,10.2997,11.5634,19.5003,32.0121
CMP-009086,Memory IC,Standby Current,µA,LOT-03,123.21,25.5564,27.4643,39.2392,66.4872
CMP-009087,ADC,Leakage Current,µA,LOT-06,125.05,4.5232,4.741,4.9378,5.0958
CMP-009088,Driver IC,Propagation Delay,ns,LOT-17,122.97,18.4915,19.1525,19.5126,19.4583
CMP-009089,Logic IC,Iddq,µA,LOT-05,126.14,9.8169,10.1718,10.4575,10.3096
CMP-009090,Memory IC,Standby Current,µA,LOT-06,125.63,24.7191,51.4061,27.1159,30.1133
CMP-009091,ADC,Leakage Current,µA,LOT-01,125.91,4.723,12.9173,5.6045,7.2631
CMP-009092,Driver IC,Propagation Delay,ns,LOT-06,123.74,17.679,19.7449,24.1951,37.639
CMP-009093,Logic IC,Iddq,µA,LOT-10,124.66,9.5046,10.0883,10.3824,10.4157
CMP-009094,Memory IC,Standby Current,µA,LOT-19,125.09,25.0777,27.6087,46.5966,68.6649
CMP-009095,ADC,Leakage Current,µA,LOT-03,122.88,5.1492,5.2506,5.3013,5.4519
CMP-009096,Driver IC,Propagation Delay,ns,LOT-08,120.67,18.2307,20.8436,27.2105,35.1074
CMP-009097,Logic IC,Iddq,µA,LOT-19,124.41,10.0463,10.1099,10.5104,10.8874
CMP-009098,Memory IC,Standby Current,µA,LOT-20,127.18,25.745,28.2801,42.7641,65.1105
CMP-009099,ADC,Leakage Current,µA,LOT-15,125.61,5.1049,6.0806,13.3794,26.3908
CMP-009100,Driver IC,Propagation Delay,ns,LOT-08,129.29,18.0068,18.5111,28.4039,40.8586
CMP-009101,Logic IC,Iddq,µA,LOT-18,123.85,10.1657,24.8953,11.014,14.4057
CMP-009102,Memory IC,Standby Current,µA,LOT-04,125.86,25.5102,27.2224,38.0752,74.2088
CMP-009103,ADC,Leakage Current,µA,LOT-07,123.34,4.939,6.0583,11.284,18.7581
CMP-009104,Driver IC,Propagation Delay,ns,LOT-13,127.38,17.9753,19.7305,23.928,38.5712
CMP-009105,Logic IC,Iddq,µA,LOT-17,125.23,9.7009,10.375,10.7341,10.6837
CMP-009106,Memory IC,Standby Current,µA,LOT-04,124.71,23.8938,24.6202,25.1446,25.0036
CMP-009107,ADC,Leakage Current,µA,LOT-20,125.35,4.5646,4.9138,4.8317,5.0271
CMP-009108,Driver IC,Propagation Delay,ns,LOT-15,126.8,17.9681,19.7536,25.9179,36.54
CMP-009109,Logic IC,Iddq,µA,LOT-18,126.58,9.7735,11.2897,20.2097,36.7397
CMP-009110,Memory IC,Standby Current,µA,LOT-02,124.34,24.8208,29.8667,40.7837,66.9794
CMP-009111,ADC,Leakage Current,µA,LOT-13,121.75,4.8709,4.8463,5.0768,5.2261
CMP-009112,Driver IC,Propagation Delay,ns,LOT-07,126.94,17.629,17.9261,18.2546,18.4569
CMP-009113,Logic IC,Iddq,µA,LOT-08,123.96,10.4491,10.555,10.9002,10.9245
CMP-009114,Memory IC,Standby Current,µA,LOT-02,125.43,24.6821,48.5186,28.7437,32.4291
CMP-009115,ADC,Leakage Current,µA,LOT-11,122.75,5.3662,5.4476,5.6819,5.6217
CMP-009116,Driver IC,Propagation Delay,ns,LOT-06,124.31,17.8707,18.4152,28.0803,43.3147
CMP-009117,Logic IC,Iddq,µA,LOT-14,124.78,10.0448,12.2233,19.5925,38.3011
CMP-009118,Memory IC,Standby Current,µA,LOT-07,125.82,24.3933,24.8015,25.1308,25.4839
CMP-009119,ADC,Leakage Current,µA,LOT-02,124.39,5.0015,6.3305,11.9791,21.395
CMP-009120,Driver IC,Propagation Delay,ns,LOT-11,126.07,18.3315,19.5203,28.8739,40.9869
CMP-009121,Logic IC,Iddq,µA,LOT-01,124.27,10.4946,12.7228,22.7976,37.8205
CMP-009122,Memory IC,Standby Current,µA,LOT-16,124.83,24.7385,27.7356,39.3668,63.213
CMP-009123,ADC,Leakage Current,µA,LOT-17,125.82,5.0981,5.1711,5.3724,5.2849
CMP-009124,Driver IC,Propagation Delay,ns,LOT-15,124.72,17.4658,18.0455,17.9735,18.369
CMP-009125,Logic IC,Iddq,µA,LOT-07,124.23,9.8642,10.3435,10.5955,10.9782
CMP-009126,Memory IC,Standby Current,µA,LOT-02,126.15,24.5066,26.6688,42.702,73.252
CMP-009127,ADC,Leakage Current,µA,LOT-11,124.82,5.085,10.5633,5.9076,6.1544
CMP-009128,Driver IC,Propagation Delay,ns,LOT-01,124.7,17.7025,19.4077,25.8104,39.7956
CMP-009129,Logic IC,Iddq,µA,LOT-14,121.74,10.1569,11.9919,17.9179,30.1254
CMP-009130,Memory IC,Standby Current,µA,LOT-19,125.05,24.9162,25.2793,25.6278,25.7447
CMP-009131,ADC,Leakage Current,µA,LOT-10,127.2,4.7554,4.7873,4.9095,5.0327
CMP-009132,Driver IC,Propagation Delay,ns,LOT-12,125.01,17.7703,18.2399,18.7587,18.699
CMP-009133,Logic IC,Iddq,µA,LOT-08,123.88,9.8616,10.0209,10.1995,10.3131
CMP-009134,Memory IC,Standby Current,µA,LOT-14,122.67,25.221,45.0702,27.6038,30.7839
CMP-009135,ADC,Leakage Current,µA,LOT-11,123.71,5.3474,5.4072,5.7498,5.7616
CMP-009136,Driver IC,Propagation Delay,ns,LOT-03,125.46,17.4896,19.0052,24.574,39.7893
CMP-009137,Logic IC,Iddq,µA,LOT-09,124.11,9.9564,17.7537,11.2072,14.2802
CMP-009138,Memory IC,Standby Current,µA,LOT-07,125.5,25.4585,29.2191,42.5266,64.5942
CMP-009139,ADC,Leakage Current,µA,LOT-10,123.52,5.0495,5.8324,10.9581,20.6169
CMP-009140,Driver IC,Propagation Delay,ns,LOT-02,125.71,17.8253,29.8532,18.3054,20.2805
CMP-009141,Logic IC,Iddq,µA,LOT-13,125.56,10.2006,10.4617,10.4928,10.8792
CMP-009142,Memory IC,Standby Current,µA,LOT-06,124.97,24.4364,24.9684,25.2784,25.3542
CMP-009143,ADC,Leakage Current,µA,LOT-20,126.79,5.1122,6.1722,12.6802,20.9269
CMP-009144,Driver IC,Propagation Delay,ns,LOT-17,124.61,18.4075,18.9053,18.9249,19.0314
CMP-009145,Logic IC,Iddq,µA,LOT-16,126.1,9.6025,9.7385,10.025,10.2832
CMP-009146,Memory IC,Standby Current,µA,LOT-19,125.31,25.4745,29.5258,41.2046,62.1624
CMP-009147,ADC,Leakage Current,µA,LOT-11,126.47,5.3313,5.5607,5.6045,5.809
CMP-009148,Driver IC,Propagation Delay,ns,LOT-12,124.59,18.39,19.0674,19.2542,18.8607
CMP-009149,Logic IC,Iddq,µA,LOT-10,124.98,9.6818,10.0974,10.141,10.4369
CMP-009150,Memory IC,Standby Current,µA,LOT-19,122.55,24.5182,24.5322,25.1877,26.2965
CMP-009151,ADC,Leakage Current,µA,LOT-10,124.82,4.7886,4.9233,5.2018,5.4578
CMP-009152,Driver IC,Propagation Delay,ns,LOT-09,124.18,17.8448,19.0474,23.4395,38.1884
CMP-009153,Logic IC,Iddq,µA,LOT-06,126.7,10.3199,10.4957,10.8465,11.0422
CMP-009154,Memory IC,Standby Current,µA,LOT-12,122.64,25.0771,25.5839,26.0677,26.2484
CMP-009155,ADC,Leakage Current,µA,LOT-02,124.04,4.7904,4.966,5.1406,5.2894
CMP-009156,Driver IC,Propagation Delay,ns,LOT-16,126.12,17.6843,18.0429,18.418,18.6083
CMP-009157,Logic IC,Iddq,µA,LOT-11,124.96,10.5017,10.9386,10.9332,11.3512
CMP-009158,Memory IC,Standby Current,µA,LOT-12,125.02,24.8106,25.202,26.1544,27.0698
CMP-009159,ADC,Leakage Current,µA,LOT-08,123.87,4.943,5.6835,11.5055,26.2587
CMP-009160,Driver IC,Propagation Delay,ns,LOT-08,124.61,18.0516,28.936,19.7832,21.8855
CMP-009161,Logic IC,Iddq,µA,LOT-18,125.02,9.4784,12.352,18.4279,30.9844
CMP-009162,Memory IC,Standby Current,µA,LOT-17,124.61,25.6641,25.967,26.9297,27.7895
CMP-009163,ADC,Leakage Current,µA,LOT-13,124.12,5.1651,5.2041,5.3414,5.4019
CMP-009164,Driver IC,Propagation Delay,ns,LOT-18,127.37,17.3529,26.9343,18.7033,20.3204
CMP-009165,Logic IC,Iddq,µA,LOT-06,125.7,9.316,23.6446,11.5552,14.8379
CMP-009166,Memory IC,Standby Current,µA,LOT-10,126.27,24.3704,24.7573,25.1185,25.5024
CMP-009167,ADC,Leakage Current,µA,LOT-08,127.54,5.121,5.1865,5.4367,5.6563
CMP-009168,Driver IC,Propagation Delay,ns,LOT-04,124.8,18.5664,19.3368,19.4747,19.6275
CMP-009169,Logic IC,Iddq,µA,LOT-17,123.75,9.8067,12.5636,19.9336,30.3316
CMP-009170,Memory IC,Standby Current,µA,LOT-16,126.79,25.641,29.4292,37.9943,61.6121
CMP-009171,ADC,Leakage Current,µA,LOT-01,124.57,5.0427,5.1357,5.3719,5.5142
CMP-009172,Driver IC,Propagation Delay,ns,LOT-07,126.0,17.6761,19.6583,24.6233,34.9697
CMP-009173,Logic IC,Iddq,µA,LOT-13,126.21,9.7307,21.3226,11.9357,14.7718
CMP-009174,Memory IC,Standby Current,µA,LOT-11,122.87,24.123,28.547,37.1451,55.3942
CMP-009175,ADC,Leakage Current,µA,LOT-18,123.32,4.8146,4.9492,5.1222,5.3244
CMP-009176,Driver IC,Propagation Delay,ns,LOT-06,126.38,17.5921,17.5536,17.459,17.6657
CMP-009177,Logic IC,Iddq,µA,LOT-10,124.13,9.423,9.633,9.7801,10.025
CMP-009178,Memory IC,Standby Current,µA,LOT-12,124.86,25.2851,26.0151,26.3864,26.8929
CMP-009179,ADC,Leakage Current,µA,LOT-16,123.12,5.0173,5.1997,5.3089,5.3798
CMP-009180,Driver IC,Propagation Delay,ns,LOT-20,125.35,18.5751,18.5779,18.9506,19.0142
CMP-009181,Logic IC,Iddq,µA,LOT-10,123.87,9.5134,9.8135,10.0763,10.3841
CMP-009182,Memory IC,Standby Current,µA,LOT-15,124.97,24.611,42.7596,27.7495,32.8118
CMP-009183,ADC,Leakage Current,µA,LOT-19,126.43,5.4016,6.9332,10.4941,18.7295
CMP-009184,Driver IC,Propagation Delay,ns,LOT-12,125.46,18.7617,26.6631,20.5629,22.2057
CMP-009185,Logic IC,Iddq,µA,LOT-15,124.68,9.8721,10.056,10.2798,10.6538
CMP-009186,Memory IC,Standby Current,µA,LOT-07,121.48,24.2243,24.3687,24.5738,25.439
CMP-009187,ADC,Leakage Current,µA,LOT-15,123.64,4.925,5.5428,11.5174,21.3183
CMP-009188,Driver IC,Propagation Delay,ns,LOT-12,126.12,17.6193,17.975,18.4847,18.6032
CMP-009189,Logic IC,Iddq,µA,LOT-04,123.59,10.3347,11.8289,19.5587,43.8869
CMP-009190,Memory IC,Standby Current,µA,LOT-06,124.6,25.2463,27.9932,42.3923,81.8133
CMP-009191,ADC,Leakage Current,µA,LOT-11,123.53,5.2383,14.1088,6.0283,6.9556
CMP-009192,Driver IC,Propagation Delay,ns,LOT-20,127.14,17.5682,18.0463,17.8415,18.6144
CMP-009193,Logic IC,Iddq,µA,LOT-08,123.01,10.1056,10.4171,10.7509,11.066
CMP-009194,Memory IC,Standby Current,µA,LOT-02,125.21,25.585,50.5845,29.5587,34.4009
CMP-009195,ADC,Leakage Current,µA,LOT-10,121.12,4.6895,9.4133,5.832,6.2382
CMP-009196,Driver IC,Propagation Delay,ns,LOT-01,123.02,17.6736,24.8028,19.2874,22.1116
CMP-009197,Logic IC,Iddq,µA,LOT-14,123.95,10.2342,10.277,10.6729,11.1098
CMP-009198,Memory IC,Standby Current,µA,LOT-01,123.93,25.5368,28.3867,44.0544,62.6661
CMP-009199,ADC,Leakage Current,µA,LOT-10,123.32,4.664,5.5592,9.4687,19.6467
CMP-009200,Driver IC,Propagation Delay,ns,LOT-09,124.95,17.7445,28.8993,18.9722,21.5269
CMP-009201,Logic IC,Iddq,µA,LOT-18,123.06,9.5298,11.8258,20.7101,40.2708
CMP-009202,Memory IC,Standby Current,µA,LOT-20,126.0,25.2035,24.9764,25.9539,25.4007
CMP-009203,ADC,Leakage Current,µA,LOT-19,127.9,5.3585,5.4458,5.5231,5.7238
CMP-009204,Driver IC,Propagation Delay,ns,LOT-04,124.21,18.2294,18.8429,18.9103,18.615
CMP-009205,Logic IC,Iddq,µA,LOT-12,125.65,9.8391,10.0952,10.1043,10.2595
CMP-009206,Memory IC,Standby Current,µA,LOT-12,124.97,25.1576,25.1885,25.1881,26.16
CMP-009207,ADC,Leakage Current,µA,LOT-10,125.69,4.5737,4.7327,4.7872,4.9221
CMP-009208,Driver IC,Propagation Delay,ns,LOT-09,122.79,17.7219,18.1624,18.168,18.2237
CMP-009209,Logic IC,Iddq,µA,LOT-19,125.26,10.4321,13.301,22.2212,36.44
CMP-009210,Memory IC,Standby Current,µA,LOT-17,127.93,24.1536,27.8796,35.3741,57.931
CMP-009211,ADC,Leakage Current,µA,LOT-09,125.73,5.1211,5.3102,5.4452,5.5909
CMP-009212,Driver IC,Propagation Delay,ns,LOT-18,125.75,17.9925,18.0182,18.612,18.8986
CMP-009213,Logic IC,Iddq,µA,LOT-10,126.37,9.8802,10.2536,10.5326,10.5746
CMP-009214,Memory IC,Standby Current,µA,LOT-15,124.18,24.5281,26.746,45.3637,79.3035
CMP-009215,ADC,Leakage Current,µA,LOT-09,125.14,4.866,6.119,11.864,21.4001
CMP-009216,Driver IC,Propagation Delay,ns,LOT-05,124.47,18.949,18.5595,19.1856,19.3964
CMP-009217,Logic IC,Iddq,µA,LOT-05,123.56,9.5405,11.3387,16.542,35.4773
CMP-009218,Memory IC,Standby Current,µA,LOT-03,125.75,25.5958,29.7446,43.9181,64.4875
CMP-009219,ADC,Leakage Current,µA,LOT-19,122.93,5.0671,13.895,6.1139,8.0779
CMP-009220,Driver IC,Propagation Delay,ns,LOT-09,124.62,18.0873,20.5778,25.6374,34.5316
CMP-009221,Logic IC,Iddq,µA,LOT-15,125.03,10.4821,13.0631,18.5816,36.1354
CMP-009222,Memory IC,Standby Current,µA,LOT-07,126.15,25.2632,25.8927,25.6341,26.2029
CMP-009223,ADC,Leakage Current,µA,LOT-10,123.25,5.0882,5.2738,5.3825,5.5485
CMP-009224,Driver IC,Propagation Delay,ns,LOT-06,123.29,18.1853,20.4171,25.5822,40.2237
CMP-009225,Logic IC,Iddq,µA,LOT-02,124.63,9.8057,10.1818,10.2444,10.4372
CMP-009226,Memory IC,Standby Current,µA,LOT-17,123.6,24.9641,28.6312,37.0581,56.328
CMP-009227,ADC,Leakage Current,µA,LOT-09,123.48,5.0187,5.026,5.086,5.2225
CMP-009228,Driver IC,Propagation Delay,ns,LOT-19,123.97,18.2465,19.648,24.0299,38.8272
CMP-009229,Logic IC,Iddq,µA,LOT-06,124.39,9.6825,20.6417,11.8659,13.6821
CMP-009230,Memory IC,Standby Current,µA,LOT-20,122.42,24.8431,25.1277,25.4139,25.5127
CMP-009231,ADC,Leakage Current,µA,LOT-07,127.08,4.6631,4.7924,5.0343,5.0983
CMP-009232,Driver IC,Propagation Delay,ns,LOT-16,125.49,18.5886,18.6925,19.2054,19.1505
CMP-009233,Logic IC,Iddq,µA,LOT-05,122.29,9.805,10.0067,10.2794,10.4763
CMP-009234,Memory IC,Standby Current,µA,LOT-10,124.69,24.741,28.2819,41.0902,65.3615
CMP-009235,ADC,Leakage Current,µA,LOT-16,125.59,4.9821,5.1444,5.3827,5.5482
CMP-009236,Driver IC,Propagation Delay,ns,LOT-13,125.64,17.7589,17.6361,17.7659,18.0099
CMP-009237,Logic IC,Iddq,µA,LOT-16,122.44,9.4132,9.7786,9.8453,9.9443
CMP-009238,Memory IC,Standby Current,µA,LOT-01,124.88,25.2812,27.3312,44.7934,80.915
CMP-009239,ADC,Leakage Current,µA,LOT-02,122.57,4.9904,5.9862,9.6269,19.6659
CMP-009240,Driver IC,Propagation Delay,ns,LOT-01,123.24,18.3579,17.9605,18.311,18.5716
CMP-009241,Logic IC,Iddq,µA,LOT-20,125.6,9.6635,11.4981,19.0216,31.2094
CMP-009242,Memory IC,Standby Current,µA,LOT-12,125.94,24.8833,26.7124,37.2401,64.8362
CMP-009243,ADC,Leakage Current,µA,LOT-11,123.71,5.1898,6.3604,10.4656,16.7065
CMP-009244,Driver IC,Propagation Delay,ns,LOT-18,127.05,18.4234,20.7198,26.2434,38.6968
CMP-009245,Logic IC,Iddq,µA,LOT-13,126.61,9.6337,10.0965,10.2548,10.584
CMP-009246,Memory IC,Standby Current,µA,LOT-03,120.61,24.9386,47.1664,27.0104,32.0845
CMP-009247,ADC,Leakage Current,µA,LOT-02,125.48,4.9287,5.157,5.2996,5.449
CMP-009248,Driver IC,Propagation Delay,ns,LOT-01,124.63,18.5285,26.448,19.9904,21.0935
CMP-009249,Logic IC,Iddq,µA,LOT-05,128.12,9.4143,11.7614,18.9866,35.7233
CMP-009250,Memory IC,Standby Current,µA,LOT-01,126.4,24.8375,25.6164,25.7977,26.0833
CMP-009251,ADC,Leakage Current,µA,LOT-02,121.9,4.8281,5.0255,5.0795,5.1677
CMP-009252,Driver IC,Propagation Delay,ns,LOT-14,125.77,18.5815,19.2048,26.3312,43.9986
CMP-009253,Logic IC,Iddq,µA,LOT-01,124.52,9.7132,20.1172,11.3956,14.8219
CMP-009254,Memory IC,Standby Current,µA,LOT-06,124.36,25.1524,28.8022,43.9354,64.1479
CMP-009255,ADC,Leakage Current,µA,LOT-10,122.35,4.843,5.1734,5.3708,5.4507
CMP-009256,Driver IC,Propagation Delay,ns,LOT-08,125.6,17.7086,17.8876,18.0286,18.4817
CMP-009257,Logic IC,Iddq,µA,LOT-06,123.89,9.4568,9.5465,10.0602,10.0261
CMP-009258,Memory IC,Standby Current,µA,LOT-19,125.6,25.3886,29.3459,38.8935,68.9111
CMP-009259,ADC,Leakage Current,µA,LOT-17,128.11,5.2763,10.8332,5.6978,7.2128
CMP-009260,Driver IC,Propagation Delay,ns,LOT-05,126.58,18.8335,18.869,18.9524,19.1861
CMP-009261,Logic IC,Iddq,µA,LOT-15,124.05,9.8031,10.1563,10.2567,10.4893
CMP-009262,Memory IC,Standby Current,µA,LOT-06,125.62,24.4616,28.9987,43.723,72.6135
CMP-009263,ADC,Leakage Current,µA,LOT-02,122.4,4.5995,4.7968,4.8502,5.0214
CMP-009264,Driver IC,Propagation Delay,ns,LOT-05,125.22,18.4949,18.7691,18.9357,18.8446
CMP-009265,Logic IC,Iddq,µA,LOT-09,124.26,10.1765,10.4782,10.588,10.9248
CMP-009266,Memory IC,Standby Current,µA,LOT-15,123.87,24.765,28.2663,42.024,80.0133
CMP-009267,ADC,Leakage Current,µA,LOT-03,123.69,5.3163,5.6998,11.1759,20.686
CMP-009268,Driver IC,Propagation Delay,ns,LOT-08,125.72,17.0268,17.65,17.8192,17.8102
CMP-009269,Logic IC,Iddq,µA,LOT-19,126.05,10.1757,11.2604,19.8592,34.448
CMP-009270,Memory IC,Standby Current,µA,LOT-11,126.35,24.4921,29.3933,37.918,62.0846
CMP-009271,ADC,Leakage Current,µA,LOT-16,125.23,4.714,6.1121,10.2227,21.8107
CMP-009272,Driver IC,Propagation Delay,ns,LOT-15,124.66,17.8348,18.2571,18.2898,18.4731
CMP-009273,Logic IC,Iddq,µA,LOT-11,125.51,10.6356,10.6635,11.006,11.2613
CMP-009274,Memory IC,Standby Current,µA,LOT-07,125.46,25.3579,25.9163,27.0083,26.8263
CMP-009275,ADC,Leakage Current,µA,LOT-20,123.33,4.9713,5.041,5.3093,5.4025
CMP-009276,Driver IC,Propagation Delay,ns,LOT-16,123.61,17.0397,18.9228,25.6354,38.4813
CMP-009277,Logic IC,Iddq,µA,LOT-16,123.92,9.9198,12.0629,19.3129,35.63
CMP-009278,Memory IC,Standby Current,µA,LOT-17,124.36,25.8043,26.5304,26.3927,26.1975
CMP-009279,ADC,Leakage Current,µA,LOT-11,126.95,5.2096,6.0819,9.6339,20.3651
CMP-009280,Driver IC,Propagation Delay,ns,LOT-18,123.5,18.042,18.9959,27.9081,44.7786
CMP-009281,Logic IC,Iddq,µA,LOT-01,128.52,9.2449,25.6577,11.0892,11.7799
CMP-009282,Memory IC,Standby Current,µA,LOT-16,125.3,24.624,24.8305,25.1434,25.7822
CMP-009283,ADC,Leakage Current,µA,LOT-10,123.08,4.8136,6.1722,11.934,18.0451
CMP-009284,Driver IC,Propagation Delay,ns,LOT-11,122.43,18.563,20.0394,25.2152,38.5941
CMP-009285,Logic IC,Iddq,µA,LOT-03,124.83,10.162,10.5416,10.6193,10.8244
CMP-009286,Memory IC,Standby Current,µA,LOT-02,124.37,24.9876,27.5172,44.329,84.509
CMP-009287,ADC,Leakage Current,µA,LOT-01,122.76,5.0563,5.3657,5.4102,5.5177
CMP-009288,Driver IC,Propagation Delay,ns,LOT-19,122.63,17.6848,17.7601,18.1619,18.465
CMP-009289,Logic IC,Iddq,µA,LOT-17,125.39,9.8073,11.6302,20.7177,38.118
CMP-009290,Memory IC,Standby Current,µA,LOT-07,125.42,25.1874,25.6117,25.6005,26.1434
CMP-009291,ADC,Leakage Current,µA,LOT-13,127.0,5.1388,6.8615,10.222,20.5407
CMP-009292,Driver IC,Propagation Delay,ns,LOT-03,123.01,17.9295,28.3845,19.0017,19.595
CMP-009293,Logic IC,Iddq,µA,LOT-19,123.44,10.2653,11.7844,22.1714,36.8939
CMP-009294,Memory IC,Standby Current,µA,LOT-18,125.4,24.854,25.1729,25.7478,25.7089
CMP-009295,ADC,Leakage Current,µA,LOT-19,122.73,5.4293,14.9275,7.0051,8.8922
CMP-009296,Driver IC,Propagation Delay,ns,LOT-20,122.35,17.6249,18.0912,18.3809,18.171
CMP-009297,Logic IC,Iddq,µA,LOT-18,125.7,9.8549,10.1966,10.3695,10.5381
CMP-009298,Memory IC,Standby Current,µA,LOT-01,123.1,24.7332,24.6572,25.3434,25.6401
CMP-009299,ADC,Leakage Current,µA,LOT-08,126.07,4.7632,4.8296,5.1037,5.0831
CMP-009300,Driver IC,Propagation Delay,ns,LOT-16,125.15,17.8999,18.4526,18.7714,18.8455
CMP-009301,Logic IC,Iddq,µA,LOT-02,127.05,9.7648,10.0512,10.1348,10.5386
CMP-009302,Memory IC,Standby Current,µA,LOT-15,122.35,25.2322,25.8868,25.7231,26.1318
CMP-009303,ADC,Leakage Current,µA,LOT-09,123.5,4.7251,5.5191,10.8844,23.2315
CMP-009304,Driver IC,Propagation Delay,ns,LOT-01,125.52,18.4817,19.7672,26.2808,39.7348
CMP-009305,Logic IC,Iddq,µA,LOT-17,122.77,10.4685,10.7425,10.7799,11.1401
CMP-009306,Memory IC,Standby Current,µA,LOT-13,125.58,25.1837,26.8275,39.7316,76.7234
CMP-009307,ADC,Leakage Current,µA,LOT-08,126.05,4.7959,5.8892,11.8866,26.7961
CMP-009308,Driver IC,Propagation Delay,ns,LOT-13,123.31,18.0836,18.395,18.9302,18.9047
CMP-009309,Logic IC,Iddq,µA,LOT-03,125.78,9.9258,10.3136,10.3834,10.6341
CMP-009310,Memory IC,Standby Current,µA,LOT-01,124.63,25.493,25.8526,25.7647,26.3637
CMP-009311,ADC,Leakage Current,µA,LOT-18,124.25,4.8189,5.8333,13.0317,26.4623
CMP-009312,Driver IC,Propagation Delay,ns,LOT-17,123.8,18.1327,18.0221,18.2071,18.4589
CMP-009313,Logic IC,Iddq,µA,LOT-16,126.54,10.1455,10.3568,10.3667,10.2619
CMP-009314,Memory IC,Standby Current,µA,LOT-02,126.33,24.2314,24.8344,24.8855,24.7988
CMP-009315,ADC,Leakage Current,µA,LOT-05,122.55,4.8203,4.941,4.8465,4.9724
CMP-009316,Driver IC,Propagation Delay,ns,LOT-03,126.84,17.7093,18.3137,18.664,18.322
CMP-009317,Logic IC,Iddq,µA,LOT-08,126.22,9.9291,9.9673,10.5209,10.6564
CMP-009318,Memory IC,Standby Current,µA,LOT-01,124.57,25.7002,28.3336,44.0827,68.3014
CMP-009319,ADC,Leakage Current,µA,LOT-03,126.33,5.067,5.2305,5.3469,5.4287
CMP-009320,Driver IC,Propagation Delay,ns,LOT-12,127.12,18.4678,18.6131,19.1941,19.159
CMP-009321,Logic IC,Iddq,µA,LOT-01,123.37,10.2332,10.3324,10.2404,10.8429
CMP-009322,Memory IC,Standby Current,µA,LOT-09,125.09,24.717,39.7665,27.4952,30.0123
CMP-009323,ADC,Leakage Current,µA,LOT-01,123.17,5.1527,6.3883,10.0748,19.8925
CMP-009324,Driver IC,Propagation Delay,ns,LOT-04,125.18,18.0045,18.1864,18.4034,18.6136
CMP-009325,Logic IC,Iddq,µA,LOT-05,122.59,9.6211,9.7511,10.0888,10.1524
CMP-009326,Memory IC,Standby Current,µA,LOT-03,124.65,24.8721,24.9038,25.4536,25.5083
CMP-009327,ADC,Leakage Current,µA,LOT-17,124.79,5.1115,5.2085,5.3741,5.4864
CMP-009328,Driver IC,Propagation Delay,ns,LOT-09,127.03,18.1532,17.9825,18.3623,18.2481
CMP-009329,Logic IC,Iddq,µA,LOT-15,124.67,9.957,10.0096,10.3463,10.5852
CMP-009330,Memory IC,Standby Current,µA,LOT-01,125.36,25.5887,25.8711,26.5979,26.2396
CMP-009331,ADC,Leakage Current,µA,LOT-10,123.27,4.8992,5.0319,5.1512,5.3103
CMP-009332,Driver IC,Propagation Delay,ns,LOT-02,125.3,18.0852,19.368,27.7913,41.5402
CMP-009333,Logic IC,Iddq,µA,LOT-16,122.84,9.7011,10.5715,21.2885,43.019
CMP-009334,Memory IC,Standby Current,µA,LOT-19,124.91,24.7677,28.5795,40.4707,67.6769
CMP-009335,ADC,Leakage Current,µA,LOT-05,124.9,4.4024,4.5519,4.6898,4.8638
CMP-009336,Driver IC,Propagation Delay,ns,LOT-07,126.5,18.4131,18.5023,19.0316,18.7225
CMP-009337,Logic IC,Iddq,µA,LOT-17,126.71,9.7576,11.584,17.923,42.4708
CMP-009338,Memory IC,Standby Current,µA,LOT-07,123.02,24.4123,45.7753,28.9368,34.5881
CMP-009339,ADC,Leakage Current,µA,LOT-14,126.15,5.4884,5.6475,5.7806,6.0458
CMP-009340,Driver IC,Propagation Delay,ns,LOT-20,126.16,17.1817,17.3507,17.8478,18.0897
CMP-009341,Logic IC,Iddq,µA,LOT-12,124.99,10.457,10.6551,10.7341,10.9721
CMP-009342,Memory IC,Standby Current,µA,LOT-12,126.15,25.061,25.2054,26.1468,26.2877
CMP-009343,ADC,Leakage Current,µA,LOT-01,126.46,5.0694,5.7674,11.9726,25.0549
CMP-009344,Driver IC,Propagation Delay,ns,LOT-16,123.16,16.9047,17.7807,17.1562,17.3229
CMP-009345,Logic IC,Iddq,µA,LOT-02,122.05,9.8855,11.4279,22.4254,44.2443
CMP-009346,Memory IC,Standby Current,µA,LOT-11,125.85,24.72,25.3399,24.8753,24.7598
CMP-009347,ADC,Leakage Current,µA,LOT-02,124.68,4.8547,6.4609,11.5054,18.3576
CMP-009348,Driver IC,Propagation Delay,ns,LOT-17,124.46,18.0269,17.9215,18.5138,18.7574
CMP-009349,Logic IC,Iddq,µA,LOT-15,125.45,10.1252,10.6057,10.9491,11.453
CMP-009350,Memory IC,Standby Current,µA,LOT-05,122.87,24.9023,25.2949,25.9287,26.2543
CMP-009351,ADC,Leakage Current,µA,LOT-01,125.41,5.0129,5.8454,9.1043,19.725
CMP-009352,Driver IC,Propagation Delay,ns,LOT-07,123.33,18.4515,18.6379,18.9478,19.1531
CMP-009353,Logic IC,Iddq,µA,LOT-12,124.2,10.4892,10.7356,11.261,11.1942
CMP-009354,Memory IC,Standby Current,µA,LOT-20,123.15,25.0709,25.5426,25.9568,25.9651
CMP-009355,ADC,Leakage Current,µA,LOT-03,128.2,4.9216,5.4737,11.5765,26.2439
CMP-009356,Driver IC,Propagation Delay,ns,LOT-03,124.84,18.2154,18.1341,18.6736,18.6547
CMP-009357,Logic IC,Iddq,µA,LOT-04,126.41,10.3545,11.3882,20.3274,44.8735
CMP-009358,Memory IC,Standby Current,µA,LOT-04,125.46,24.5662,25.9309,25.7259,26.0301
CMP-009359,ADC,Leakage Current,µA,LOT-12,125.1,5.1463,5.1982,5.3787,5.4464
CMP-009360,Driver IC,Propagation Delay,ns,LOT-04,126.29,17.5168,18.6553,25.9928,45.3471
CMP-009361,Logic IC,Iddq,µA,LOT-02,124.13,9.8347,11.229,23.7877,36.6656
CMP-009362,Memory IC,Standby Current,µA,LOT-02,124.99,24.7429,27.3118,35.1098,53.3853
CMP-009363,ADC,Leakage Current,µA,LOT-05,127.09,4.6532,4.804,4.9325,5.1198
CMP-009364,Driver IC,Propagation Delay,ns,LOT-18,125.33,17.2956,17.4834,17.8232,18.2807
CMP-009365,Logic IC,Iddq,µA,LOT-16,125.76,9.5768,9.6944,10.0329,10.0582
CMP-009366,Memory IC,Standby Current,µA,LOT-13,124.54,24.6571,27.8652,40.125,60.8892
CMP-009367,ADC,Leakage Current,µA,LOT-05,120.35,4.4847,4.5342,4.7474,4.8412
CMP-009368,Driver IC,Propagation Delay,ns,LOT-20,123.8,18.0649,17.6397,18.6182,18.9769
CMP-009369,Logic IC,Iddq,µA,LOT-01,125.07,10.2385,10.5205,10.8294,10.8815
CMP-009370,Memory IC,Standby Current,µA,LOT-04,126.8,25.6016,25.8603,25.9439,26.6236
CMP-009371,ADC,Leakage Current,µA,LOT-10,124.96,4.7303,6.4295,10.8809,22.6699
CMP-009372,Driver IC,Propagation Delay,ns,LOT-12,127.64,18.0484,18.6641,18.7237,19.107
CMP-009373,Logic IC,Iddq,µA,LOT-18,123.45,9.6858,9.6864,10.1957,10.4611
CMP-009374,Memory IC,Standby Current,µA,LOT-08,125.01,26.2547,30.468,40.6926,66.3207
CMP-009375,ADC,Leakage Current,µA,LOT-17,124.16,5.1409,10.2402,5.7923,6.7026
CMP-009376,Driver IC,Propagation Delay,ns,LOT-10,124.52,17.2331,24.2305,18.5088,19.3744
CMP-009377,Logic IC,Iddq,µA,LOT-16,124.98,9.6513,22.3046,10.8564,11.718
CMP-009378,Memory IC,Standby Current,µA,LOT-02,126.72,25.1253,46.841,27.4061,32.0727
CMP-009379,ADC,Leakage Current,µA,LOT-08,127.04,5.1235,5.4277,5.4836,5.7036
CMP-009380,Driver IC,Propagation Delay,ns,LOT-09,123.38,18.2233,18.6524,18.8068,18.739
CMP-009381,Logic IC,Iddq,µA,LOT-04,123.24,10.0179,10.3559,10.7409,10.6537
CMP-009382,Memory IC,Standby Current,µA,LOT-04,123.43,25.6771,25.6867,26.1168,26.3731
CMP-009383,ADC,Leakage Current,µA,LOT-11,125.36,5.1114,12.1363,6.65,8.8892
CMP-009384,Driver IC,Propagation Delay,ns,LOT-15,125.24,18.5655,18.9818,19.4208,19.4101
CMP-009385,Logic IC,Iddq,µA,LOT-02,125.84,10.1484,10.3329,10.6428,11.0481
CMP-009386,Memory IC,Standby Current,µA,LOT-09,125.54,24.7386,28.2034,40.7415,67.8933
CMP-009387,ADC,Leakage Current,µA,LOT-05,124.84,4.4161,4.5507,4.752,4.7843
CMP-009388,Driver IC,Propagation Delay,ns,LOT-06,126.83,16.9583,17.3532,17.2371,17.788
CMP-009389,Logic IC,Iddq,µA,LOT-01,124.13,9.9319,10.379,10.609,10.7587
CMP-009390,Memory IC,Standby Current,µA,LOT-04,124.57,25.8925,26.2159,26.9743,27.3604
CMP-009391,ADC,Leakage Current,µA,LOT-15,124.58,5.0405,5.575,12.29,27.2265
CMP-009392,Driver IC,Propagation Delay,ns,LOT-17,124.56,17.9832,18.1805,18.545,18.5099
CMP-009393,Logic IC,Iddq,µA,LOT-03,125.0,9.5324,10.7597,22.7886,46.0136
CMP-009394,Memory IC,Standby Current,µA,LOT-01,123.96,24.6056,40.6809,27.6346,30.7959
CMP-009395,ADC,Leakage Current,µA,LOT-15,125.08,5.2369,13.2255,6.4537,6.8307
CMP-009396,Driver IC,Propagation Delay,ns,LOT-09,122.31,17.6358,18.1324,18.4104,18.6237
CMP-009397,Logic IC,Iddq,µA,LOT-20,128.09,9.7503,12.7157,19.9987,36.2527
CMP-009398,Memory IC,Standby Current,µA,LOT-12,125.02,25.3224,26.0268,26.4524,25.9729
CMP-009399,ADC,Leakage Current,µA,LOT-06,123.26,4.7357,5.9693,10.9135,19.9302
CMP-009400,Driver IC,Propagation Delay,ns,LOT-13,125.46,18.6088,19.5882,29.0651,41.5008
CMP-009401,Logic IC,Iddq,µA,LOT-18,124.95,9.6357,10.1075,10.4119,10.62
CMP-009402,Memory IC,Standby Current,µA,LOT-05,126.42,24.5053,24.1501,24.6695,25.0294
CMP-009403,ADC,Leakage Current,µA,LOT-02,125.97,4.938,5.5345,9.65,23.0005
CMP-009404,Driver IC,Propagation Delay,ns,LOT-19,124.28,18.0963,18.6604,18.5731,18.4845
CMP-009405,Logic IC,Iddq,µA,LOT-02,123.12,9.6311,12.4885,19.2639,34.6183
CMP-009406,Memory IC,Standby Current,µA,LOT-12,125.47,25.9088,26.116,26.2017,26.7694
CMP-009407,ADC,Leakage Current,µA,LOT-12,124.46,5.2954,12.5445,5.9294,7.5138
CMP-009408,Driver IC,Propagation Delay,ns,LOT-11,123.37,17.7515,18.0859,18.1283,18.4263
CMP-009409,Logic IC,Iddq,µA,LOT-11,125.61,10.4896,12.3598,19.1342,35.6569
CMP-009410,Memory IC,Standby Current,µA,LOT-03,122.53,24.1613,27.1343,39.4622,68.2108
CMP-009411,ADC,Leakage Current,µA,LOT-07,122.9,5.1266,5.2316,5.3607,5.5523
CMP-009412,Driver IC,Propagation Delay,ns,LOT-04,123.72,17.5827,18.0553,18.1022,18.2291
CMP-009413,Logic IC,Iddq,µA,LOT-20,127.24,9.9539,10.2753,10.3149,10.8921
CMP-009414,Memory IC,Standby Current,µA,LOT-09,124.39,24.9304,28.1764,41.3909,57.7563
CMP-009415,ADC,Leakage Current,µA,LOT-15,126.86,5.0894,5.243,5.4037,5.4801
CMP-009416,Driver IC,Propagation Delay,ns,LOT-16,124.52,17.311,19.1965,23.5282,32.1423
CMP-009417,Logic IC,Iddq,µA,LOT-03,126.46,10.1287,10.0632,10.344,10.5449
CMP-009418,Memory IC,Standby Current,µA,LOT-17,122.18,26.109,50.8643,28.6495,33.2036
CMP-009419,ADC,Leakage Current,µA,LOT-12,122.89,5.2546,5.38,5.5684,5.6257
CMP-009420,Driver IC,Propagation Delay,ns,LOT-10,121.41,17.4272,18.6475,25.0628,40.0755
CMP-009421,Logic IC,Iddq,µA,LOT-13,127.2,9.4507,10.6039,20.2966,44.8079
CMP-009422,Memory IC,Standby Current,µA,LOT-20,126.5,24.6003,28.4153,37.6859,66.1841
CMP-009423,ADC,Leakage Current,µA,LOT-12,123.9,5.1231,6.879,12.7463,18.924
CMP-009424,Driver IC,Propagation Delay,ns,LOT-18,125.51,18.6374,18.1913,18.4328,18.6628
CMP-009425,Logic IC,Iddq,µA,LOT-13,126.64,10.334,10.6864,10.934,11.3132
CMP-009426,Memory IC,Standby Current,µA,LOT-06,124.91,25.0972,25.734,26.0506,26.3899
CMP-009427,ADC,Leakage Current,µA,LOT-15,125.87,5.1879,5.3413,5.4626,5.678
CMP-009428,Driver IC,Propagation Delay,ns,LOT-11,124.84,17.9398,18.5471,18.6224,19.0364
CMP-009429,Logic IC,Iddq,µA,LOT-13,123.61,10.4614,12.174,18.8837,28.941
CMP-009430,Memory IC,Standby Current,µA,LOT-10,123.86,25.3882,25.6632,26.9278,27.1192
CMP-009431,ADC,Leakage Current,µA,LOT-05,123.82,4.877,5.7766,8.9448,19.6094
CMP-009432,Driver IC,Propagation Delay,ns,LOT-02,123.79,17.2677,18.0079,18.4099,18.2312
CMP-009433,Logic IC,Iddq,µA,LOT-05,123.41,9.8898,10.1446,10.3227,10.7198
CMP-009434,Memory IC,Standby Current,µA,LOT-04,124.57,25.6603,30.0412,41.1548,60.0587
CMP-009435,ADC,Leakage Current,µA,LOT-16,124.21,5.0595,13.8717,5.969,6.6854
CMP-009436,Driver IC,Propagation Delay,ns,LOT-18,124.57,18.1497,17.9433,18.0093,18.5097
CMP-009437,Logic IC,Iddq,µA,LOT-18,127.28,9.5183,11.2008,22.4361,39.8337
CMP-009438,Memory IC,Standby Current,µA,LOT-07,127.19,25.8103,26.2747,26.9173,27.273
CMP-009439,ADC,Leakage Current,µA,LOT-10,123.64,4.3912,12.8705,5.8977,6.9114
CMP-009440,Driver IC,Propagation Delay,ns,LOT-07,126.9,17.9426,20.2425,25.387,37.1711
CMP-009441,Logic IC,Iddq,µA,LOT-15,122.43,9.7273,9.7144,10.0404,10.1111
CMP-009442,Memory IC,Standby Current,µA,LOT-06,122.67,23.919,24.9437,24.6374,25.6248
CMP-009443,ADC,Leakage Current,µA,LOT-12,124.38,4.953,5.5747,10.7397,19.469
CMP-009444,Driver IC,Propagation Delay,ns,LOT-13,124.75,18.4688,18.7556,18.6238,19.2268
CMP-009445,Logic IC,Iddq,µA,LOT-02,126.77,9.9679,10.1484,9.9623,10.4077
CMP-009446,Memory IC,Standby Current,µA,LOT-16,127.47,24.2763,45.6256,28.6044,29.6749
CMP-009447,ADC,Leakage Current,µA,LOT-14,123.04,5.1452,11.3025,6.4475,8.3371
CMP-009448,Driver IC,Propagation Delay,ns,LOT-08,124.59,17.7876,18.0127,18.0747,18.3579
CMP-009449,Logic IC,Iddq,µA,LOT-13,126.06,9.7089,10.2054,10.3295,10.7315
CMP-009450,Memory IC,Standby Current,µA,LOT-10,125.66,25.2984,25.0854,25.4452,26.3828
CMP-009451,ADC,Leakage Current,µA,LOT-06,125.57,4.6916,5.8622,12.9599,25.9201
CMP-009452,Driver IC,Propagation Delay,ns,LOT-11,127.27,17.6284,17.9948,18.1442,18.2266
CMP-009453,Logic IC,Iddq,µA,LOT-07,125.62,10.5181,10.7619,11.3874,11.3265
CMP-009454,Memory IC,Standby Current,µA,LOT-15,126.08,24.8501,29.1207,38.5239,62.8156
CMP-009455,ADC,Leakage Current,µA,LOT-04,125.15,5.2085,6.8788,11.6248,19.3946
CMP-009456,Driver IC,Propagation Delay,ns,LOT-17,124.6,18.0173,26.4849,18.7993,19.3867
CMP-009457,Logic IC,Iddq,µA,LOT-14,125.14,10.1831,11.527,20.6943,41.6863
CMP-009458,Memory IC,Standby Current,µA,LOT-11,123.92,25.5603,26.1596,26.0074,26.5097
CMP-009459,ADC,Leakage Current,µA,LOT-13,125.33,5.2018,6.1221,11.0465,17.806
CMP-009460,Driver IC,Propagation Delay,ns,LOT-04,125.4,17.7958,18.0611,18.4045,18.7174
CMP-009461,Logic IC,Iddq,µA,LOT-01,125.08,10.238,10.3999,10.4974,10.8264
CMP-009462,Memory IC,Standby Current,µA,LOT-02,121.74,25.3715,26.1475,26.6192,26.5596
CMP-009463,ADC,Leakage Current,µA,LOT-20,126.9,4.9962,5.1548,5.286,5.5014
CMP-009464,Driver IC,Propagation Delay,ns,LOT-15,120.68,18.239,18.5713,19.0525,19.0642
CMP-009465,Logic IC,Iddq,µA,LOT-07,127.15,10.2888,11.7778,19.2475,37.0486
CMP-009466,Memory IC,Standby Current,µA,LOT-17,125.64,25.2231,25.1232,26.0536,26.1696
CMP-009467,ADC,Leakage Current,µA,LOT-17,126.93,5.0285,5.9785,13.0079,21.7171
CMP-009468,Driver IC,Propagation Delay,ns,LOT-14,124.75,17.3691,18.5354,27.0533,41.7064
CMP-009469,Logic IC,Iddq,µA,LOT-20,124.52,10.0671,12.8691,19.4362,36.0551
CMP-009470,Memory IC,Standby Current,µA,LOT-13,125.8,24.9103,27.805,37.2535,77.494
CMP-009471,ADC,Leakage Current,µA,LOT-08,123.45,4.936,6.3203,9.758,16.546
CMP-009472,Driver IC,Propagation Delay,ns,LOT-15,123.39,18.7115,18.9573,19.4053,19.3377
CMP-009473,Logic IC,Iddq,µA,LOT-01,123.01,10.1836,12.6131,18.4999,38.1237
CMP-009474,Memory IC,Standby Current,µA,LOT-07,122.76,25.8189,25.7367,26.5808,26.3313
CMP-009475,ADC,Leakage Current,µA,LOT-10,125.44,5.0193,13.7469,5.8754,6.2939
CMP-009476,Driver IC,Propagation Delay,ns,LOT-02,123.43,17.6489,17.8122,18.1185,18.369
CMP-009477,Logic IC,Iddq,µA,LOT-08,126.57,10.132,10.3702,10.6051,10.9132
CMP-009478,Memory IC,Standby Current,µA,LOT-17,122.11,24.5255,25.2176,25.7879,26.1349
CMP-009479,ADC,Leakage Current,µA,LOT-07,123.71,4.9289,5.0835,5.1371,5.4808
CMP-009480,Driver IC,Propagation Delay,ns,LOT-10,123.7,18.3566,18.2298,18.8227,18.7875
CMP-009481,Logic IC,Iddq,µA,LOT-10,124.14,9.6609,9.82,9.9218,10.173
CMP-009482,Memory IC,Standby Current,µA,LOT-11,125.31,26.5496,26.4332,26.6624,26.9568
CMP-009483,ADC,Leakage Current,µA,LOT-17,125.09,4.9521,5.3006,5.4251,5.4643
CMP-009484,Driver IC,Propagation Delay,ns,LOT-13,125.35,17.6176,30.9859,18.4866,20.3297
CMP-009485,Logic IC,Iddq,µA,LOT-12,123.79,10.0481,10.9475,18.3706,35.4987
CMP-009486,Memory IC,Standby Current,µA,LOT-02,123.25,24.2716,24.3181,24.6713,24.8844
CMP-009487,ADC,Leakage Current,µA,LOT-11,127.42,5.1119,5.309,5.5671,5.6226
CMP-009488,Driver IC,Propagation Delay,ns,LOT-11,121.76,18.2122,20.5603,24.9628,37.1907
CMP-009489,Logic IC,Iddq,µA,LOT-13,125.08,10.3268,10.542,11.0301,10.9039
CMP-009490,Memory IC,Standby Current,µA,LOT-01,125.19,24.746,27.5836,43.1874,72.484
CMP-009491,ADC,Leakage Current,µA,LOT-19,124.03,5.2282,7.0057,12.5397,21.9472
CMP-009492,Driver IC,Propagation Delay,ns,LOT-13,125.86,17.8361,18.7346,19.0425,19.1243
CMP-009493,Logic IC,Iddq,µA,LOT-20,124.36,9.7222,9.9058,10.2572,10.4475
CMP-009494,Memory IC,Standby Current,µA,LOT-19,126.48,24.5263,44.0325,25.65,28.93
CMP-009495,ADC,Leakage Current,µA,LOT-18,124.88,4.9464,12.6279,5.7335,6.6306
CMP-009496,Driver IC,Propagation Delay,ns,LOT-19,123.67,18.3022,18.5612,18.9357,18.8653
CMP-009497,Logic IC,Iddq,µA,LOT-13,125.83,10.3708,10.6647,11.0249,11.0272
CMP-009498,Memory IC,Standby Current,µA,LOT-17,123.48,26.2682,26.4346,26.5034,26.9848
CMP-009499,ADC,Leakage Current,µA,LOT-10,125.26,4.8828,5.0532,5.2591,5.343
CMP-009500,Driver IC,Propagation Delay,ns,LOT-20,121.67,17.6259,17.5969,18.0404,18.0224
CMP-009501,Logic IC,Iddq,µA,LOT-17,126.07,9.7632,10.2124,10.4653,10.883
CMP-009502,Memory IC,Standby Current,µA,LOT-11,123.57,25.2135,29.4058,37.661,54.8579
CMP-009503,ADC,Leakage Current,µA,LOT-08,121.68,4.9208,4.9761,5.113,5.4528
CMP-009504,Driver IC,Propagation Delay,ns,LOT-08,123.03,17.3893,30.0361,18.2143,19.6556
CMP-009505,Logic IC,Iddq,µA,LOT-19,125.19,10.3386,10.5746,10.7738,11.2347
CMP-009506,Memory IC,Standby Current,µA,LOT-14,126.23,25.1901,25.306,26.233,26.4192
CMP-009507,ADC,Leakage Current,µA,LOT-13,126.77,5.0167,5.5627,10.1167,23.5236
CMP-009508,Driver IC,Propagation Delay,ns,LOT-12,124.31,18.1145,18.1495,18.4006,18.3331
CMP-009509,Logic IC,Iddq,µA,LOT-18,123.56,10.4628,12.4454,21.515,36.2543
CMP-009510,Memory IC,Standby Current,µA,LOT-06,128.1,25.2011,30.3235,41.6587,66.6785
CMP-009511,ADC,Leakage Current,µA,LOT-10,125.41,4.9782,4.9453,5.0906,5.2458
CMP-009512,Driver IC,Propagation Delay,ns,LOT-02,123.72,18.2639,18.195,18.4965,18.7993
CMP-009513,Logic IC,Iddq,µA,LOT-09,122.51,10.6147,11.9207,18.0875,29.7033
CMP-009514,Memory IC,Standby Current,µA,LOT-05,126.14,25.4061,44.8076,27.2946,28.4976
CMP-009515,ADC,Leakage Current,µA,LOT-03,124.32,5.5598,6.4786,11.2296,20.1921
CMP-009516,Driver IC,Propagation Delay,ns,LOT-05,124.01,18.4522,31.2487,19.0494,21.032
CMP-009517,Logic IC,Iddq,µA,LOT-10,124.03,9.8889,10.6599,18.0114,38.2617
CMP-009518,Memory IC,Standby Current,µA,LOT-15,124.89,24.8976,28.8128,42.8792,70.7686
CMP-009519,ADC,Leakage Current,µA,LOT-14,121.76,5.1421,5.2797,5.5233,5.6512
CMP-009520,Driver IC,Propagation Delay,ns,LOT-01,128.26,18.4701,18.6648,18.7447,18.6373
CMP-009521,Logic IC,Iddq,µA,LOT-01,125.14,10.3137,12.4731,22.3006,37.8453
CMP-009522,Memory IC,Standby Current,µA,LOT-02,124.66,25.908,25.5994,26.5291,26.6876
CMP-009523,ADC,Leakage Current,µA,LOT-07,125.77,5.3588,5.4032,5.5773,5.7428
CMP-009524,Driver IC,Propagation Delay,ns,LOT-06,127.36,17.2467,17.6946,17.7203,18.0565
CMP-009525,Logic IC,Iddq,µA,LOT-10,125.94,9.5036,9.6026,9.9147,10.1842
CMP-009526,Memory IC,Standby Current,µA,LOT-17,126.15,24.6135,27.9351,42.4683,64.7034
CMP-009527,ADC,Leakage Current,µA,LOT-16,125.19,4.6886,4.6857,4.8102,4.9829
CMP-009528,Driver IC,Propagation Delay,ns,LOT-01,125.01,17.5201,17.598,17.8286,18.156
CMP-009529,Logic IC,Iddq,µA,LOT-10,124.95,10.0159,10.201,10.5059,10.6092
CMP-009530,Memory IC,Standby Current,µA,LOT-07,123.29,25.8898,25.7369,26.0605,26.4558
CMP-009531,ADC,Leakage Current,µA,LOT-11,125.84,5.0707,5.2319,5.5037,5.7738
CMP-009532,Driver IC,Propagation Delay,ns,LOT-10,123.77,18.1699,18.0928,18.2647,18.5301
CMP-009533,Logic IC,Iddq,µA,LOT-08,124.99,10.2721,12.9106,19.9536,30.6484
CMP-009534,Memory IC,Standby Current,µA,LOT-10,123.86,24.7531,25.1496,25.8162,25.8776
CMP-009535,ADC,Leakage Current,µA,LOT-20,127.17,4.8054,5.8121,10.4509,16.3586
CMP-009536,Driver IC,Propagation Delay,ns,LOT-08,125.66,17.6115,17.6687,17.9375,18.1081
CMP-009537,Logic IC,Iddq,µA,LOT-09,126.87,9.8405,11.6574,19.2501,39.0283
CMP-009538,Memory IC,Standby Current,µA,LOT-13,124.3,25.0547,28.8602,38.8112,54.647
CMP-009539,ADC,Leakage Current,µA,LOT-10,126.87,4.7819,5.8395,8.9211,17.5251
CMP-009540,Driver IC,Propagation Delay,ns,LOT-05,126.15,18.0216,28.1708,19.4305,22.017
CMP-009541,Logic IC,Iddq,µA,LOT-20,125.94,9.9762,10.3936,10.2978,10.432
CMP-009542,Memory IC,Standby Current,µA,LOT-10,123.19,25.1607,26.0934,25.6883,26.4947
CMP-009543,ADC,Leakage Current,µA,LOT-02,124.11,4.8928,4.9791,5.2337,5.4101
CMP-009544,Driver IC,Propagation Delay,ns,LOT-16,122.04,18.1773,25.6356,20.0248,20.1899
CMP-009545,Logic IC,Iddq,µA,LOT-16,125.41,10.3578,11.7993,20.8537,33.1035
CMP-009546,Memory IC,Standby Current,µA,LOT-07,124.08,25.3945,26.1134,26.3567,27.5247
CMP-009547,ADC,Leakage Current,µA,LOT-08,124.86,5.1024,5.4129,5.5023,5.6465
CMP-009548,Driver IC,Propagation Delay,ns,LOT-14,123.12,17.9058,19.8866,26.4736,36.3011
CMP-009549,Logic IC,Iddq,µA,LOT-08,124.01,9.886,10.0553,10.4629,10.7041
CMP-009550,Memory IC,Standby Current,µA,LOT-01,125.91,25.837,27.2411,42.3089,69.846
CMP-009551,ADC,Leakage Current,µA,LOT-08,127.12,4.9124,5.6304,11.1141,22.8073
CMP-009552,Driver IC,Propagation Delay,ns,LOT-12,126.69,17.801,17.8763,18.1584,18.482
CMP-009553,Logic IC,Iddq,µA,LOT-01,123.76,10.3776,10.5342,10.875,10.9743
CMP-009554,Memory IC,Standby Current,µA,LOT-07,124.7,25.4705,24.9779,25.8405,25.5656
CMP-009555,ADC,Leakage Current,µA,LOT-03,124.64,5.3333,6.9834,11.6963,20.0284
CMP-009556,Driver IC,Propagation Delay,ns,LOT-14,127.1,18.8272,19.7633,25.8531,45.5897
CMP-009557,Logic IC,Iddq,µA,LOT-17,126.81,10.5197,10.8564,11.1239,10.9887
CMP-009558,Memory IC,Standby Current,µA,LOT-01,123.38,24.3911,41.4007,25.3892,27.9921
CMP-009559,ADC,Leakage Current,µA,LOT-14,124.42,5.1282,6.2954,11.0198,21.9353
CMP-009560,Driver IC,Propagation Delay,ns,LOT-09,124.97,17.2523,26.9861,18.791,20.1343
CMP-009561,Logic IC,Iddq,µA,LOT-07,123.75,10.5843,10.5139,10.6249,10.8899
CMP-009562,Memory IC,Standby Current,µA,LOT-05,122.89,24.5048,24.4192,24.8384,25.5723
CMP-009563,ADC,Leakage Current,µA,LOT-17,125.42,5.0997,5.194,5.2538,5.423
CMP-009564,Driver IC,Propagation Delay,ns,LOT-10,124.02,17.4139,17.896,17.7432,18.3024
CMP-009565,Logic IC,Iddq,µA,LOT-07,126.42,9.8506,10.9627,17.7546,33.5334
CMP-009566,Memory IC,Standby Current,µA,LOT-05,124.55,24.0668,24.3747,24.1407,24.8466
CMP-009567,ADC,Leakage Current,µA,LOT-10,125.35,5.045,5.152,5.3533,5.4774
CMP-009568,Driver IC,Propagation Delay,ns,LOT-18,127.25,17.2277,19.1951,23.8815,35.222
CMP-009569,Logic IC,Iddq,µA,LOT-08,124.36,9.6015,9.8016,10.0357,10.2596
CMP-009570,Memory IC,Standby Current,µA,LOT-01,125.0,25.2121,24.8275,25.5135,25.8289
CMP-009571,ADC,Leakage Current,µA,LOT-09,125.04,4.9665,5.2686,5.4286,5.611
CMP-009572,Driver IC,Propagation Delay,ns,LOT-16,129.97,17.5086,24.8401,19.1775,20.0032
CMP-009573,Logic IC,Iddq,µA,LOT-01,123.76,9.8037,11.7411,19.385,44.0809
CMP-009574,Memory IC,Standby Current,µA,LOT-05,125.68,24.1728,25.1165,24.4901,25.4641
CMP-009575,ADC,Leakage Current,µA,LOT-18,126.44,4.958,5.3376,10.2021,24.9904
CMP-009576,Driver IC,Propagation Delay,ns,LOT-17,126.44,17.8593,18.4942,28.7086,44.4547
CMP-009577,Logic IC,Iddq,µA,LOT-17,125.93,9.9647,22.8353,11.0117,14.0424
CMP-009578,Memory IC,Standby Current,µA,LOT-17,123.27,24.8196,24.9596,25.1979,25.5584
CMP-009579,ADC,Leakage Current,µA,LOT-20,126.74,5.0576,5.0492,5.2581,5.4517
CMP-009580,Driver IC,Propagation Delay,ns,LOT-11,126.11,17.5625,18.5753,18.6585,18.436
CMP-009581,Logic IC,Iddq,µA,LOT-07,125.01,9.5998,11.9365,18.4215,37.2761
CMP-009582,Memory IC,Standby Current,µA,LOT-20,124.75,25.3341,25.7467,26.0393,25.7738
CMP-009583,ADC,Leakage Current,µA,LOT-17,123.01,4.8168,5.0263,5.1738,5.2934
CMP-009584,Driver IC,Propagation Delay,ns,LOT-13,126.67,17.3693,17.4213,18.0763,17.7959
CMP-009585,Logic IC,Iddq,µA,LOT-11,126.1,10.3835,10.6796,11.0772,11.4139
CMP-009586,Memory IC,Standby Current,µA,LOT-05,125.24,24.9638,24.2667,25.6076,25.6988
CMP-009587,ADC,Leakage Current,µA,LOT-04,122.93,5.2773,5.4882,5.6223,5.6549
CMP-009588,Driver IC,Propagation Delay,ns,LOT-12,124.39,17.4623,17.7546,18.3071,18.0068
CMP-009589,Logic IC,Iddq,µA,LOT-16,124.63,9.703,25.6887,10.7916,13.7268
CMP-009590,Memory IC,Standby Current,µA,LOT-06,125.11,24.4007,25.5812,25.2302,25.8664
CMP-009591,ADC,Leakage Current,µA,LOT-03,127.15,5.0522,5.1237,5.5109,5.6641
CMP-009592,Driver IC,Propagation Delay,ns,LOT-09,124.31,17.5798,18.6006,28.1709,38.4471
CMP-009593,Logic IC,Iddq,µA,LOT-02,125.14,9.4391,9.8111,10.2459,10.9614
CMP-009594,Memory IC,Standby Current,µA,LOT-17,124.38,25.2653,26.1569,40.3026,77.1154
CMP-009595,ADC,Leakage Current,µA,LOT-07,126.38,5.0177,5.8826,12.9398,23.4846
CMP-009596,Driver IC,Propagation Delay,ns,LOT-08,125.72,18.4539,19.0514,18.9163,19.3991
CMP-009597,Logic IC,Iddq,µA,LOT-15,123.09,10.2343,20.9275,12.3792,15.4625
CMP-009598,Memory IC,Standby Current,µA,LOT-13,125.06,25.4735,47.1187,26.0141,31.8432
CMP-009599,ADC,Leakage Current,µA,LOT-16,125.13,4.9399,11.1682,6.0088,7.655
CMP-009600,Driver IC,Propagation Delay,ns,LOT-20,125.11,17.56,26.5226,18.6206,20.9919
CMP-009601,Logic IC,Iddq,µA,LOT-16,122.93,9.6663,11.5022,18.8904,41.4609
CMP-009602,Memory IC,Standby Current,µA,LOT-13,123.55,24.5084,24.9444,25.1089,25.3521
CMP-009603,ADC,Leakage Current,µA,LOT-14,125.41,5.0753,6.2324,11.3798,19.0206
CMP-009604,Driver IC,Propagation Delay,ns,LOT-05,124.98,17.6482,17.8124,17.9284,18.0295
CMP-009605,Logic IC,Iddq,µA,LOT-20,127.82,10.5874,11.3737,18.7352,33.1146
CMP-009606,Memory IC,Standby Current,µA,LOT-11,122.4,25.6193,28.6424,43.5541,69.5302
CMP-009607,ADC,Leakage Current,µA,LOT-07,122.28,5.2222,5.3982,5.6391,5.7949
CMP-009608,Driver IC,Propagation Delay,ns,LOT-12,124.19,18.129,18.4257,18.6995,18.9379
CMP-009609,Logic IC,Iddq,µA,LOT-09,124.57,9.5425,10.983,20.5647,42.2829
CMP-009610,Memory IC,Standby Current,µA,LOT-04,126.05,25.2721,27.5037,44.882,84.2309
CMP-009611,ADC,Leakage Current,µA,LOT-09,122.42,5.3066,5.4291,5.4762,5.5701
CMP-009612,Driver IC,Propagation Delay,ns,LOT-18,123.76,17.8656,18.0465,18.2141,18.4482
CMP-009613,Logic IC,Iddq,µA,LOT-04,123.85,10.1904,10.4027,10.5204,11.0011
CMP-009614,Memory IC,Standby Current,µA,LOT-18,124.71,24.6809,27.2357,41.5368,74.2855
CMP-009615,ADC,Leakage Current,µA,LOT-17,125.32,4.7366,4.9514,5.0936,5.2014
CMP-009616,Driver IC,Propagation Delay,ns,LOT-03,125.74,18.738,19.3962,19.4561,19.8102
CMP-009617,Logic IC,Iddq,µA,LOT-14,127.6,9.7062,9.8843,10.35,10.552
CMP-009618,Memory IC,Standby Current,µA,LOT-17,126.95,25.8506,46.337,28.8582,32.4387
CMP-009619,ADC,Leakage Current,µA,LOT-06,124.26,4.7279,5.7487,10.4314,17.4849
CMP-009620,Driver IC,Propagation Delay,ns,LOT-17,125.3,18.1139,18.0804,18.4657,18.7164
CMP-009621,Logic IC,Iddq,µA,LOT-03,125.93,10.1212,11.7948,22.4501,47.1625
CMP-009622,Memory IC,Standby Current,µA,LOT-15,125.98,25.4878,25.0889,26.0639,26.1084
CMP-009623,ADC,Leakage Current,µA,LOT-01,124.66,5.1338,5.1656,5.3747,5.5999
CMP-009624,Driver IC,Propagation Delay,ns,LOT-09,124.25,17.399,17.7567,18.2092,18.4233
CMP-009625,Logic IC,Iddq,µA,LOT-02,125.58,9.8365,10.2055,10.2299,10.585
CMP-009626,Memory IC,Standby Current,µA,LOT-07,122.47,25.2741,25.6535,26.1307,26.4528
CMP-009627,ADC,Leakage Current,µA,LOT-18,126.11,4.8036,4.9419,4.9146,5.1158
CMP-009628,Driver IC,Propagation Delay,ns,LOT-04,126.03,17.4557,17.913,18.4398,18.2198
CMP-009629,Logic IC,Iddq,µA,LOT-10,126.41,9.8276,21.7453,11.4381,13.9786
CMP-009630,Memory IC,Standby Current,µA,LOT-13,125.49,25.1414,25.9344,26.2182,26.4941
CMP-009631,ADC,Leakage Current,µA,LOT-13,124.61,5.1694,5.2622,5.3215,5.5656
CMP-009632,Driver IC,Propagation Delay,ns,LOT-03,124.63,18.074,18.7902,27.9922,38.5524
CMP-009633,Logic IC,Iddq,µA,LOT-08,126.56,9.8501,18.7457,12.1013,15.0679
CMP-009634,Memory IC,Standby Current,µA,LOT-20,125.73,25.502,28.8596,41.6556,65.9293
CMP-009635,ADC,Leakage Current,µA,LOT-01,124.18,5.1381,5.3365,5.4739,5.6333
CMP-009636,Driver IC,Propagation Delay,ns,LOT-16,124.19,17.3,17.6375,17.7238,17.7996
CMP-009637,Logic IC,Iddq,µA,LOT-06,126.68,9.3085,12.2154,20.6129,38.136
CMP-009638,Memory IC,Standby Current,µA,LOT-12,127.36,25.6023,26.1142,26.5743,26.8164
CMP-009639,ADC,Leakage Current,µA,LOT-03,123.66,5.1628,5.4339,5.5641,5.6298
CMP-009640,Driver IC,Propagation Delay,ns,LOT-11,124.98,18.1253,18.1349,18.7829,18.6009
CMP-009641,Logic IC,Iddq,µA,LOT-18,124.25,9.2674,9.5233,9.7488,10.1848
CMP-009642,Memory IC,Standby Current,µA,LOT-12,125.76,25.6016,29.8554,40.7927,65.9489
CMP-009643,ADC,Leakage Current,µA,LOT-03,125.16,5.2039,6.5716,11.9568,20.5983
CMP-009644,Driver IC,Propagation Delay,ns,LOT-16,124.66,17.5431,30.207,18.8288,19.8545
CMP-009645,Logic IC,Iddq,µA,LOT-14,123.61,10.5662,10.9497,11.1113,11.2941
CMP-009646,Memory IC,Standby Current,µA,LOT-18,125.54,25.3331,28.0887,42.0001,79.6765
CMP-009647,ADC,Leakage Current,µA,LOT-10,128.73,4.742,11.6094,5.4826,6.4382
CMP-009648,Driver IC,Propagation Delay,ns,LOT-03,122.23,17.7711,19.9444,25.9354,38.3196
CMP-009649,Logic IC,Iddq,µA,LOT-14,125.35,10.0488,10.1938,10.4459,10.6997
CMP-009650,Memory IC,Standby Current,µA,LOT-02,123.74,25.3487,41.7815,27.7517,30.8185
CMP-009651,ADC,Leakage Current,µA,LOT-13,125.52,4.8892,5.8275,11.7658,24.0077
CMP-009652,Driver IC,Propagation Delay,ns,LOT-14,124.35,18.374,18.7971,19.0071,19.2542
CMP-009653,Logic IC,Iddq,µA,LOT-11,124.13,10.1155,11.8999,19.8816,33.9275
CMP-009654,Memory IC,Standby Current,µA,LOT-05,124.77,24.276,24.6341,24.3383,24.4033
CMP-009655,ADC,Leakage Current,µA,LOT-02,125.47,4.6007,4.7312,4.7463,5.0519
CMP-009656,Driver IC,Propagation Delay,ns,LOT-20,124.31,18.1339,29.3606,18.4125,21.3811
CMP-009657,Logic IC,Iddq,µA,LOT-02,124.64,9.6072,9.9204,10.1822,10.468
CMP-009658,Memory IC,Standby Current,µA,LOT-18,124.99,25.8862,46.7465,28.6678,30.0516
CMP-009659,ADC,Leakage Current,µA,LOT-13,121.98,4.9931,14.3742,6.1937,7.7922
CMP-009660,Driver IC,Propagation Delay,ns,LOT-02,124.22,17.9208,17.9534,18.4582,18.5137
CMP-009661,Logic IC,Iddq,µA,LOT-12,127.32,10.5184,11.8641,23.1622,40.2514
CMP-009662,Memory IC,Standby Current,µA,LOT-04,127.25,26.0548,26.2116,27.0147,27.8914
CMP-009663,ADC,Leakage Current,µA,LOT-05,121.74,4.629,4.6891,4.6912,4.8529
CMP-009664,Driver IC,Propagation Delay,ns,LOT-11,124.01,17.693,29.4195,18.803,19.7354
CMP-009665,Logic IC,Iddq,µA,LOT-20,126.33,9.566,9.5595,9.883,10.3059
CMP-009666,Memory IC,Standby Current,µA,LOT-18,125.45,23.5136,45.965,25.841,30.6493
CMP-009667,ADC,Leakage Current,µA,LOT-04,125.55,5.1619,5.329,5.4129,5.593
CMP-009668,Driver IC,Propagation Delay,ns,LOT-20,126.29,18.7366,19.9216,25.4037,37.7727
CMP-009669,Logic IC,Iddq,µA,LOT-06,127.55,9.7666,10.0265,10.1323,10.2798
CMP-009670,Memory IC,Standby Current,µA,LOT-03,124.75,25.3937,26.0604,26.6123,26.3788
CMP-009671,ADC,Leakage Current,µA,LOT-11,124.28,5.1931,5.3337,5.5178,5.739
CMP-009672,Driver IC,Propagation Delay,ns,LOT-04,127.77,18.7067,19.0243,19.5051,19.6431
CMP-009673,Logic IC,Iddq,µA,LOT-07,127.23,10.5959,10.806,11.1429,11.6244
CMP-009674,Memory IC,Standby Current,µA,LOT-02,123.82,25.2518,40.1937,25.9161,29.9775
CMP-009675,ADC,Leakage Current,µA,LOT-18,123.65,4.7625,11.2015,5.8103,7.235
CMP-009676,Driver IC,Propagation Delay,ns,LOT-15,125.18,18.6497,20.683,27.7019,36.4769
CMP-009677,Logic IC,Iddq,µA,LOT-09,124.81,10.2851,10.4509,10.6125,11.0017
CMP-009678,Memory IC,Standby Current,µA,LOT-02,124.95,25.4131,26.3182,42.669,69.4572
CMP-009679,ADC,Leakage Current,µA,LOT-12,125.67,5.1661,6.3284,10.9948,18.658
CMP-009680,Driver IC,Propagation Delay,ns,LOT-09,125.17,17.3298,24.6202,19.2809,19.6295
CMP-009681,Logic IC,Iddq,µA,LOT-04,125.35,10.2205,12.8026,22.4798,39.2152
CMP-009682,Memory IC,Standby Current,µA,LOT-04,126.43,25.8789,29.229,41.8339,59.1436
CMP-009683,ADC,Leakage Current,µA,LOT-02,127.21,4.8405,6.1851,9.5255,19.1587
CMP-009684,Driver IC,Propagation Delay,ns,LOT-07,124.28,18.3369,18.6457,19.1455,19.231
CMP-009685,Logic IC,Iddq,µA,LOT-11,125.48,10.1299,10.3633,10.3774,10.4899
CMP-009686,Memory IC,Standby Current,µA,LOT-14,125.82,25.9668,25.3833,26.7278,26.5632
CMP-009687,ADC,Leakage Current,µA,LOT-09,124.17,4.8994,4.9648,5.1202,5.2717
CMP-009688,Driver IC,Propagation Delay,ns,LOT-09,124.2,17.7827,18.5395,18.5555,18.8055
CMP-009689,Logic IC,Iddq,µA,LOT-16,125.1,9.6841,9.938,10.3077,10.5966
CMP-009690,Memory IC,Standby Current,µA,LOT-17,125.6,25.7647,26.4437,26.7356,26.4537
CMP-009691,ADC,Leakage Current,µA,LOT-04,124.53,5.1687,5.3076,5.4776,5.5748
CMP-009692,Driver IC,Propagation Delay,ns,LOT-15,126.62,17.9865,20.308,27.793,42.4181
CMP-009693,Logic IC,Iddq,µA,LOT-05,122.68,9.1366,9.4911,9.595,9.8942
CMP-009694,Memory IC,Standby Current,µA,LOT-08,127.05,24.2603,25.3596,39.3128,78.4322
CMP-009695,ADC,Leakage Current,µA,LOT-19,126.41,5.0316,6.5602,12.2904,21.0074
CMP-009696,Driver IC,Propagation Delay,ns,LOT-05,123.62,17.7069,19.8316,26.9111,35.1519
CMP-009697,Logic IC,Iddq,µA,LOT-07,125.08,9.9846,10.8269,21.8255,39.6024
CMP-009698,Memory IC,Standby Current,µA,LOT-09,126.1,24.3936,25.7355,26.4883,26.0582
CMP-009699,ADC,Leakage Current,µA,LOT-14,125.42,5.2465,6.174,12.5492,20.1285
CMP-009700,Driver IC,Propagation Delay,ns,LOT-06,126.17,18.0292,17.8688,18.1526,18.3769
CMP-009701,Logic IC,Iddq,µA,LOT-04,122.89,10.6067,12.6457,18.5287,32.3279
CMP-009702,Memory IC,Standby Current,µA,LOT-04,125.59,24.5169,24.644,25.2884,25.3461
CMP-009703,ADC,Leakage Current,µA,LOT-02,125.23,5.027,5.2047,5.4839,5.5129
CMP-009704,Driver IC,Propagation Delay,ns,LOT-10,126.28,17.511,17.8806,17.8626,18.3426
CMP-009705,Logic IC,Iddq,µA,LOT-02,122.54,10.0147,12.7917,20.7488,37.0285
CMP-009706,Memory IC,Standby Current,µA,LOT-13,126.0,24.4938,25.1801,25.5613,25.5371
CMP-009707,ADC,Leakage Current,µA,LOT-07,125.73,4.9733,5.0764,5.0728,5.2659
CMP-009708,Driver IC,Propagation Delay,ns,LOT-15,123.12,17.3878,17.8086,17.6159,18.2686
CMP-009709,Logic IC,Iddq,µA,LOT-04,126.76,10.2855,10.7263,10.8459,11.1949
CMP-009710,Memory IC,Standby Current,µA,LOT-18,123.05,25.0965,28.2149,41.9775,62.603
CMP-009711,ADC,Leakage Current,µA,LOT-02,128.13,5.1589,5.9212,10.9563,24.0533
CMP-009712,Driver IC,Propagation Delay,ns,LOT-04,126.05,18.3016,19.5815,27.43,47.2219
CMP-009713,Logic IC,Iddq,µA,LOT-16,123.9,9.6798,11.023,18.1919,37.0724
CMP-009714,Memory IC,Standby Current,µA,LOT-16,122.87,25.1167,25.2672,25.358,25.6085
CMP-009715,ADC,Leakage Current,µA,LOT-14,128.91,5.3425,5.5366,5.6609,5.785
CMP-009716,Driver IC,Propagation Delay,ns,LOT-18,123.79,17.8333,17.7466,17.5155,18.3587
CMP-009717,Logic IC,Iddq,µA,LOT-11,126.3,10.1172,10.374,10.6867,11.1247
CMP-009718,Memory IC,Standby Current,µA,LOT-19,125.27,24.5829,47.6649,28.0797,30.7784
CMP-009719,ADC,Leakage Current,µA,LOT-08,123.45,5.219,5.0954,5.2642,5.355
CMP-009720,Driver IC,Propagation Delay,ns,LOT-07,121.84,17.8654,18.1531,18.1515,18.6522
CMP-009721,Logic IC,Iddq,µA,LOT-08,124.58,10.1621,10.5257,10.7601,10.67
CMP-009722,Memory IC,Standby Current,µA,LOT-04,123.16,25.9561,41.412,26.2266,29.6564
CMP-009723,ADC,Leakage Current,µA,LOT-17,126.63,5.0111,6.0043,10.2106,18.6843
CMP-009724,Driver IC,Propagation Delay,ns,LOT-06,123.0,17.0145,18.8064,22.9924,37.5616
CMP-009725,Logic IC,Iddq,µA,LOT-05,123.06,9.4062,23.2116,11.4913,12.2886
CMP-009726,Memory IC,Standby Current,µA,LOT-11,124.4,25.1267,44.8503,28.4272,33.8305
CMP-009727,ADC,Leakage Current,µA,LOT-04,124.41,5.1192,5.2903,5.3703,5.4923
CMP-009728,Driver IC,Propagation Delay,ns,LOT-06,127.12,18.2222,18.7773,24.8004,36.4511
CMP-009729,Logic IC,Iddq,µA,LOT-15,124.94,9.8883,11.5778,17.6564,34.9226
CMP-009730,Memory IC,Standby Current,µA,LOT-16,123.91,25.2797,26.3924,26.0027,26.5033
CMP-009731,ADC,Leakage Current,µA,LOT-16,128.25,4.708,4.7545,4.9216,5.1239
CMP-009732,Driver IC,Propagation Delay,ns,LOT-08,125.17,18.0398,19.1177,19.0084,19.4709
CMP-009733,Logic IC,Iddq,µA,LOT-10,124.75,9.4816,11.6574,18.2368,36.1173
CMP-009734,Memory IC,Standby Current,µA,LOT-14,122.09,25.8476,29.6509,45.1084,63.5418
CMP-009735,ADC,Leakage Current,µA,LOT-06,124.67,4.692,5.6982,9.9909,16.7929
CMP-009736,Driver IC,Propagation Delay,ns,LOT-08,126.69,17.5134,19.0351,23.9713,33.4846
CMP-009737,Logic IC,Iddq,µA,LOT-18,126.95,9.8057,12.1239,21.5155,33.6302
CMP-009738,Memory IC,Standby Current,µA,LOT-09,125.12,24.962,25.5521,26.0972,26.1368
CMP-009739,ADC,Leakage Current,µA,LOT-07,125.15,5.0329,5.1447,5.2129,5.4094
CMP-009740,Driver IC,Propagation Delay,ns,LOT-16,125.47,17.1798,17.3259,17.9468,17.864
CMP-009741,Logic IC,Iddq,µA,LOT-13,122.68,9.6258,11.397,18.0514,31.7656
CMP-009742,Memory IC,Standby Current,µA,LOT-05,125.02,23.895,24.487,24.5187,24.8798
CMP-009743,ADC,Leakage Current,µA,LOT-07,125.22,4.7504,5.9849,10.2242,19.083
CMP-009744,Driver IC,Propagation Delay,ns,LOT-05,128.18,17.6199,18.4096,18.3125,18.2069
CMP-009745,Logic IC,Iddq,µA,LOT-03,124.31,10.5308,11.8497,20.6724,41.7029
CMP-009746,Memory IC,Standby Current,µA,LOT-12,127.62,25.2679,26.0371,26.9975,26.7453
CMP-009747,ADC,Leakage Current,µA,LOT-01,124.42,4.9228,5.0376,5.2322,5.291
CMP-009748,Driver IC,Propagation Delay,ns,LOT-12,124.38,18.3567,18.0195,18.7145,18.7159
CMP-009749,Logic IC,Iddq,µA,LOT-07,125.23,10.2628,12.4843,20.4126,32.9791
CMP-009750,Memory IC,Standby Current,µA,LOT-19,124.77,24.6569,27.6246,38.6263,68.9545
CMP-009751,ADC,Leakage Current,µA,LOT-11,123.66,5.1374,5.2745,5.4017,5.52
CMP-009752,Driver IC,Propagation Delay,ns,LOT-07,122.39,18.8056,18.9026,19.2585,18.9941
CMP-009753,Logic IC,Iddq,µA,LOT-06,129.08,9.9528,11.0416,19.2043,39.6829
CMP-009754,Memory IC,Standby Current,µA,LOT-11,126.5,25.7565,28.3444,43.3646,81.1381
CMP-009755,ADC,Leakage Current,µA,LOT-08,122.55,4.8885,5.0459,5.2875,5.4255
CMP-009756,Driver IC,Propagation Delay,ns,LOT-16,125.37,17.4222,18.5405,24.4352,42.8637
CMP-009757,Logic IC,Iddq,µA,LOT-16,123.03,9.9345,10.3686,10.4553,10.794
CMP-009758,Memory IC,Standby Current,µA,LOT-13,124.92,24.4479,25.7684,25.933,26.1655
CMP-009759,ADC,Leakage Current,µA,LOT-17,123.12,5.1005,5.3754,5.4104,5.6978
CMP-009760,Driver IC,Propagation Delay,ns,LOT-20,126.89,17.561,17.8893,17.8982,18.146
CMP-009761,Logic IC,Iddq,µA,LOT-18,126.18,9.5222,9.9085,10.0334,10.3148
CMP-009762,Memory IC,Standby Current,µA,LOT-15,122.99,25.608,26.096,26.4692,26.7496
CMP-009763,ADC,Leakage Current,µA,LOT-03,125.36,5.1143,5.2418,5.3316,5.4548
CMP-009764,Driver IC,Propagation Delay,ns,LOT-18,123.18,17.114,18.5104,24.5152,38.2523
CMP-009765,Logic IC,Iddq,µA,LOT-01,124.13,10.1675,12.1259,20.3814,36.908
CMP-009766,Memory IC,Standby Current,µA,LOT-09,125.12,24.8428,25.4611,25.3596,26.217
CMP-009767,ADC,Leakage Current,µA,LOT-18,124.13,4.6054,4.7937,5.0613,5.161
CMP-009768,Driver IC,Propagation Delay,ns,LOT-09,126.67,18.3292,18.5247,18.6492,18.6099
CMP-009769,Logic IC,Iddq,µA,LOT-20,124.08,10.379,11.4089,18.7518,41.0453
CMP-009770,Memory IC,Standby Current,µA,LOT-05,124.45,24.4309,24.8287,25.0319,26.1514
CMP-009771,ADC,Leakage Current,µA,LOT-03,127.28,5.1203,5.6963,12.8079,25.5424
CMP-009772,Driver IC,Propagation Delay,ns,LOT-14,127.94,18.5239,20.3475,28.1841,43.5149
CMP-009773,Logic IC,Iddq,µA,LOT-16,123.04,9.8542,10.1917,10.3473,10.5623
CMP-009774,Memory IC,Standby Current,µA,LOT-06,125.9,25.8556,25.4191,26.4329,26.4455
CMP-009775,ADC,Leakage Current,µA,LOT-19,124.73,5.4528,5.5767,5.7006,5.7814
CMP-009776,Driver IC,Propagation Delay,ns,LOT-05,126.06,17.7072,17.7498,18.058,18.2977
CMP-009777,Logic IC,Iddq,µA,LOT-15,123.87,9.952,10.3743,10.7014,11.2715
CMP-009778,Memory IC,Standby Current,µA,LOT-18,126.58,24.7994,24.5486,24.8302,25.7839
CMP-009779,ADC,Leakage Current,µA,LOT-17,123.29,4.9635,5.141,5.3493,5.3283
CMP-009780,Driver IC,Propagation Delay,ns,LOT-12,126.52,18.6181,19.4599,26.0449,36.9822
CMP-009781,Logic IC,Iddq,µA,LOT-08,125.08,9.9162,21.3522,10.9427,14.489
CMP-009782,Memory IC,Standby Current,µA,LOT-05,124.16,25.6396,28.6055,38.8829,61.5476
CMP-009783,ADC,Leakage Current,µA,LOT-11,125.55,4.8943,5.9277,9.6394,20.011
CMP-009784,Driver IC,Propagation Delay,ns,LOT-02,126.53,17.9794,20.1291,27.325,42.6635
CMP-009785,Logic IC,Iddq,µA,LOT-18,126.48,9.8506,11.5674,23.4523,46.2682
CMP-009786,Memory IC,Standby Current,µA,LOT-05,126.29,25.1015,42.8991,27.3212,31.595
CMP-009787,ADC,Leakage Current,µA,LOT-20,128.18,5.0991,5.2811,5.4566,5.4795
CMP-009788,Driver IC,Propagation Delay,ns,LOT-13,125.62,17.8812,18.7273,28.1873,45.7091
CMP-009789,Logic IC,Iddq,µA,LOT-01,123.13,9.7648,12.3702,19.9437,38.6752
CMP-009790,Memory IC,Standby Current,µA,LOT-05,124.38,23.9713,24.331,24.9922,24.6429
CMP-009791,ADC,Leakage Current,µA,LOT-01,126.56,4.733,4.931,5.2015,5.3968
CMP-009792,Driver IC,Propagation Delay,ns,LOT-18,124.51,18.2759,19.6162,28.8626,40.4847
CMP-009793,Logic IC,Iddq,µA,LOT-05,126.0,9.6034,10.9696,23.2426,46.7991
CMP-009794,Memory IC,Standby Current,µA,LOT-07,124.19,25.5494,25.8768,26.4309,26.2235
CMP-009795,ADC,Leakage Current,µA,LOT-12,126.42,5.195,5.3225,5.4171,5.6945
CMP-009796,Driver IC,Propagation Delay,ns,LOT-09,125.19,18.0771,18.087,18.4311,18.6947
CMP-009797,Logic IC,Iddq,µA,LOT-17,124.54,9.8736,11.0863,21.8542,41.4583
CMP-009798,Memory IC,Standby Current,µA,LOT-14,124.2,24.4229,25.1204,25.534,26.2093
CMP-009799,ADC,Leakage Current,µA,LOT-06,125.73,5.1824,5.3227,5.3122,5.5091
CMP-009800,Driver IC,Propagation Delay,ns,LOT-03,127.55,17.7161,19.1569,25.5546,38.6277
CMP-009801,Logic IC,Iddq,µA,LOT-04,125.33,10.6573,10.5744,11.2219,11.3716
CMP-009802,Memory IC,Standby Current,µA,LOT-09,124.19,24.1226,27.2199,37.7393,58.4649
CMP-009803,ADC,Leakage Current,µA,LOT-06,125.09,4.605,5.7884,10.1972,21.3971
CMP-009804,Driver IC,Propagation Delay,ns,LOT-10,124.14,18.4632,18.6673,18.4357,18.9401
CMP-009805,Logic IC,Iddq,µA,LOT-05,125.71,9.5716,9.5043,9.9999,10.1984
CMP-009806,Memory IC,Standby Current,µA,LOT-04,128.8,24.4945,37.3524,25.7804,29.9196
CMP-009807,ADC,Leakage Current,µA,LOT-09,125.51,4.9686,5.6735,9.8911,20.5172
CMP-009808,Driver IC,Propagation Delay,ns,LOT-09,124.64,17.7606,17.9139,17.7565,18.178
CMP-009809,Logic IC,Iddq,µA,LOT-06,124.23,10.0291,11.3441,20.4703,35.3604
CMP-009810,Memory IC,Standby Current,µA,LOT-20,122.72,25.134,27.0051,45.0303,81.2756
CMP-009811,ADC,Leakage Current,µA,LOT-09,125.78,4.9044,4.9775,5.2282,5.2925
CMP-009812,Driver IC,Propagation Delay,ns,LOT-08,126.72,18.2044,18.3627,18.6093,18.652
CMP-009813,Logic IC,Iddq,µA,LOT-15,125.38,10.3124,19.3137,12.0894,13.7702
CMP-009814,Memory IC,Standby Current,µA,LOT-20,125.25,25.683,47.0579,28.2265,32.1114
CMP-009815,ADC,Leakage Current,µA,LOT-14,126.17,5.3373,5.3582,5.4718,5.7002
CMP-009816,Driver IC,Propagation Delay,ns,LOT-10,125.71,18.5839,24.4602,19.9971,21.3907
CMP-009817,Logic IC,Iddq,µA,LOT-16,122.21,9.8152,9.957,10.1531,10.3612
CMP-009818,Memory IC,Standby Current,µA,LOT-12,124.01,25.819,25.8434,26.0005,27.0376
CMP-009819,ADC,Leakage Current,µA,LOT-12,123.92,5.1892,6.2696,13.7545,27.1331
CMP-009820,Driver IC,Propagation Delay,ns,LOT-06,126.07,17.6767,26.6181,18.2357,20.9871
CMP-009821,Logic IC,Iddq,µA,LOT-14,125.27,10.1051,11.9019,17.2927,35.1965
CMP-009822,Memory IC,Standby Current,µA,LOT-02,124.13,24.1975,25.8458,43.6335,76.8651
CMP-009823,ADC,Leakage Current,µA,LOT-10,120.38,5.0555,6.6005,11.4665,20.4426
CMP-009824,Driver IC,Propagation Delay,ns,LOT-19,123.68,17.699,19.5024,24.2561,35.4242
CMP-009825,Logic IC,Iddq,µA,LOT-05,125.31,8.999,9.2065,9.628,9.9113
CMP-009826,Memory IC,Standby Current,µA,LOT-18,123.43,24.9727,25.6624,25.9509,26.6419
CMP-009827,ADC,Leakage Current,µA,LOT-04,127.1,5.036,14.0531,6.5789,8.6135
CMP-009828,Driver IC,Propagation Delay,ns,LOT-20,125.1,18.5961,20.33,27.6787,35.5548
CMP-009829,Logic IC,Iddq,µA,LOT-07,126.74,9.3438,10.1809,19.5835,37.8348
CMP-009830,Memory IC,Standby Current,µA,LOT-12,123.08,24.4736,24.8988,25.8419,25.5784
CMP-009831,ADC,Leakage Current,µA,LOT-17,126.46,5.1679,5.31,5.4368,5.5534
CMP-009832,Driver IC,Propagation Delay,ns,LOT-11,124.41,17.2968,26.2325,19.4674,21.999
CMP-009833,Logic IC,Iddq,µA,LOT-15,125.69,10.1169,21.3368,11.7566,14.8479
CMP-009834,Memory IC,Standby Current,µA,LOT-01,123.38,25.2362,29.974,43.039,68.2909
CMP-009835,ADC,Leakage Current,µA,LOT-08,124.1,4.7741,5.9273,11.0425,24.6641
CMP-009836,Driver IC,Propagation Delay,ns,LOT-06,125.1,17.6165,18.0545,18.3655,18.6036
CMP-009837,Logic IC,Iddq,µA,LOT-09,125.18,10.2095,13.1996,18.6241,30.692
CMP-009838,Memory IC,Standby Current,µA,LOT-04,122.81,25.0334,40.7285,26.1325,28.6328
CMP-009839,ADC,Leakage Current,µA,LOT-05,123.67,4.6235,4.9295,4.9545,5.1664
CMP-009840,Driver IC,Propagation Delay,ns,LOT-06,126.01,17.4788,17.5798,17.6208,18.4204
CMP-009841,Logic IC,Iddq,µA,LOT-10,126.59,10.0983,21.2661,12.4913,14.6103
CMP-009842,Memory IC,Standby Current,µA,LOT-12,124.2,25.4191,41.3331,28.5038,32.2521
CMP-009843,ADC,Leakage Current,µA,LOT-04,123.53,4.9548,5.1528,5.2964,5.4322
CMP-009844,Driver IC,Propagation Delay,ns,LOT-03,126.72,17.9682,17.8762,18.1538,18.4055
CMP-009845,Logic IC,Iddq,µA,LOT-02,125.97,9.9274,12.2135,19.1211,30.2205
CMP-009846,Memory IC,Standby Current,µA,LOT-09,128.24,24.6379,44.599,28.2376,32.3935
CMP-009847,ADC,Leakage Current,µA,LOT-10,123.15,4.6538,13.5049,6.1921,7.2253
CMP-009848,Driver IC,Propagation Delay,ns,LOT-03,126.76,18.0958,18.4254,18.6769,19.2957
CMP-009849,Logic IC,Iddq,µA,LOT-03,125.26,10.2586,10.5604,10.5201,10.6449
CMP-009850,Memory IC,Standby Current,µA,LOT-06,126.95,25.0266,46.7209,26.0652,28.5515
CMP-009851,ADC,Leakage Current,µA,LOT-05,123.86,4.3747,4.5407,4.7002,4.8221
CMP-009852,Driver IC,Propagation Delay,ns,LOT-07,124.19,17.7466,20.0988,25.8061,38.0438
CMP-009853,Logic IC,Iddq,µA,LOT-02,125.08,9.6207,9.6956,10.1352,10.3434
CMP-009854,Memory IC,Standby Current,µA,LOT-18,121.7,24.143,24.0052,24.8307,25.3515
CMP-009855,ADC,Leakage Current,µA,LOT-09,126.29,4.9357,6.3699,9.72,19.507
CMP-009856,Driver IC,Propagation Delay,ns,LOT-05,126.69,17.1018,17.9423,23.7606,42.6521
CMP-009857,Logic IC,Iddq,µA,LOT-02,125.06,9.1444,9.4872,9.6149,10.1213
CMP-009858,Memory IC,Standby Current,µA,LOT-16,125.48,23.9927,48.6911,26.1105,27.4945
CMP-009859,ADC,Leakage Current,µA,LOT-08,124.46,4.8664,6.5606,11.9601,21.3286
CMP-009860,Driver IC,Propagation Delay,ns,LOT-18,124.52,17.7036,17.8071,18.1391,18.5536
CMP-009861,Logic IC,Iddq,µA,LOT-15,125.27,10.2694,26.9548,12.0894,15.8775
CMP-009862,Memory IC,Standby Current,µA,LOT-12,125.42,24.655,25.3489,25.6558,26.432
CMP-009863,ADC,Leakage Current,µA,LOT-11,127.25,5.0853,14.5956,5.7574,8.0756
CMP-009864,Driver IC,Propagation Delay,ns,LOT-06,125.75,17.9674,19.2806,25.4453,34.4354
CMP-009865,Logic IC,Iddq,µA,LOT-07,127.36,9.6205,9.87,10.2367,10.1619
CMP-009866,Memory IC,Standby Current,µA,LOT-03,123.0,25.0812,25.9203,25.8694,26.0713
CMP-009867,ADC,Leakage Current,µA,LOT-01,123.53,5.3903,5.5015,5.7011,5.8656
CMP-009868,Driver IC,Propagation Delay,ns,LOT-20,125.83,18.0875,20.6603,26.4775,40.0738
CMP-009869,Logic IC,Iddq,µA,LOT-12,125.11,10.385,11.2185,21.2477,41.4159
CMP-009870,Memory IC,Standby Current,µA,LOT-12,124.6,25.0933,25.8652,26.7846,26.9284
CMP-009871,ADC,Leakage Current,µA,LOT-13,124.06,5.0925,5.982,11.9144,18.2953
CMP-009872,Driver IC,Propagation Delay,ns,LOT-12,123.93,18.0552,18.3559,18.4372,18.4688
CMP-009873,Logic IC,Iddq,µA,LOT-09,123.71,9.8556,10.2275,10.551,10.7499
CMP-009874,Memory IC,Standby Current,µA,LOT-05,126.34,24.1975,24.8761,24.7159,25.226
CMP-009875,ADC,Leakage Current,µA,LOT-08,126.85,4.8671,6.3659,9.8749,21.8561
CMP-009876,Driver IC,Propagation Delay,ns,LOT-01,121.72,18.0398,19.0509,24.8991,40.0836
CMP-009877,Logic IC,Iddq,µA,LOT-10,126.33,9.6271,9.9153,10.2705,10.3951
CMP-009878,Memory IC,Standby Current,µA,LOT-09,125.97,25.1408,25.4447,25.8097,26.4288
CMP-009879,ADC,Leakage Current,µA,LOT-09,124.3,5.2693,5.4679,5.5295,5.6384
CMP-009880,Driver IC,Propagation Delay,ns,LOT-09,123.99,17.7931,19.4524,28.8661,44.7088
CMP-009881,Logic IC,Iddq,µA,LOT-13,125.57,10.0991,10.3978,10.6964,11.1495
CMP-009882,Memory IC,Standby Current,µA,LOT-07,122.93,25.2498,29.887,39.901,67.9488
CMP-009883,ADC,Leakage Current,µA,LOT-10,123.17,4.6996,4.8687,4.9932,5.1041
CMP-009884,Driver IC,Propagation Delay,ns,LOT-19,120.2,18.337,18.3877,18.6797,19.2363
CMP-009885,Logic IC,Iddq,µA,LOT-01,123.09,10.3296,10.6439,10.6901,11.301
CMP-009886,Memory IC,Standby Current,µA,LOT-17,124.71,24.4547,25.4696,25.5141,26.2002
CMP-009887,ADC,Leakage Current,µA,LOT-18,125.83,4.6053,4.9543,5.1587,5.3238
CMP-009888,Driver IC,Propagation Delay,ns,LOT-11,126.42,19.0785,18.9327,19.1155,19.5164
CMP-009889,Logic IC,Iddq,µA,LOT-03,125.65,9.9876,11.1687,20.3271,35.2684
CMP-009890,Memory IC,Standby Current,µA,LOT-08,123.51,24.6867,27.4667,39.623,77.4732
CMP-009891,ADC,Leakage Current,µA,LOT-07,124.36,4.9352,5.6561,12.9318,26.8257
CMP-009892,Driver IC,Propagation Delay,ns,LOT-06,124.78,17.9697,18.0377,18.1372,18.6044
CMP-009893,Logic IC,Iddq,µA,LOT-11,125.4,10.1374,10.4604,10.307,10.7961
CMP-009894,Memory IC,Standby Current,µA,LOT-02,124.65,24.3218,42.2413,27.2291,29.8662
CMP-009895,ADC,Leakage Current,µA,LOT-06,125.56,4.8364,4.86,5.1179,5.0873
CMP-009896,Driver IC,Propagation Delay,ns,LOT-09,124.61,18.4897,18.8361,18.7418,18.9543
CMP-009897,Logic IC,Iddq,µA,LOT-19,128.02,9.4955,9.7571,9.9741,10.2803
CMP-009898,Memory IC,Standby Current,µA,LOT-06,122.83,25.0632,25.9367,26.1128,26.1778
CMP-009899,ADC,Leakage Current,µA,LOT-05,126.83,4.5638,4.6806,4.9463,5.0717
CMP-009900,Driver IC,Propagation Delay,ns,LOT-02,126.05,17.7581,17.8738,18.0872,18.8501
CMP-009901,Logic IC,Iddq,µA,LOT-08,122.59,10.2447,10.456,10.944,10.9594
CMP-009902,Memory IC,Standby Current,µA,LOT-07,124.33,24.9315,27.7286,41.7004,66.988
CMP-009903,ADC,Leakage Current,µA,LOT-20,124.33,5.1203,10.0601,6.2811,7.164
CMP-009904,Driver IC,Propagation Delay,ns,LOT-14,124.47,18.457,18.6915,18.8644,18.8012
CMP-009905,Logic IC,Iddq,µA,LOT-01,123.66,9.788,10.0302,10.1314,10.47
CMP-009906,Memory IC,Standby Current,µA,LOT-20,125.81,25.3801,25.6453,26.6367,26.6508
CMP-009907,ADC,Leakage Current,µA,LOT-18,124.54,4.6978,5.2609,10.4322,20.2611
CMP-009908,Driver IC,Propagation Delay,ns,LOT-09,122.36,16.9613,17.2454,17.6594,17.9571
CMP-009909,Logic IC,Iddq,µA,LOT-11,126.69,10.1338,10.4129,10.3385,10.7284
CMP-009910,Memory IC,Standby Current,µA,LOT-08,123.94,24.5146,25.3451,25.5253,26.0251
CMP-009911,ADC,Leakage Current,µA,LOT-16,124.8,4.8497,4.9244,5.2238,5.4829
CMP-009912,Driver IC,Propagation Delay,ns,LOT-01,126.8,17.6947,17.5442,18.1794,18.1395
CMP-009913,Logic IC,Iddq,µA,LOT-01,125.09,10.3936,11.6539,19.9675,37.1914
CMP-009914,Memory IC,Standby Current,µA,LOT-18,126.24,24.6306,29.1825,39.2113,70.8219
CMP-009915,ADC,Leakage Current,µA,LOT-01,124.71,4.871,5.0585,5.2201,5.3492
CMP-009916,Driver IC,Propagation Delay,ns,LOT-18,127.12,18.5259,18.5014,19.0199,18.7581
CMP-009917,Logic IC,Iddq,µA,LOT-02,125.76,9.8696,10.6237,20.605,42.6446
CMP-009918,Memory IC,Standby Current,µA,LOT-20,124.99,24.7263,29.0793,37.3559,64.8063
CMP-009919,ADC,Leakage Current,µA,LOT-18,125.89,4.8087,11.9584,5.4623,6.9922
CMP-009920,Driver IC,Propagation Delay,ns,LOT-12,125.2,18.1386,18.3782,18.6719,18.7555
CMP-009921,Logic IC,Iddq,µA,LOT-04,121.98,10.0205,10.3657,10.9997,11.082
CMP-009922,Memory IC,Standby Current,µA,LOT-17,125.31,24.357,26.1495,40.3586,79.7176
CMP-009923,ADC,Leakage Current,µA,LOT-18,123.07,4.6038,4.7279,4.8181,4.9689
CMP-009924,Driver IC,Propagation Delay,ns,LOT-05,127.01,17.3191,17.5765,17.5872,18.0284
CMP-009925,Logic IC,Iddq,µA,LOT-10,123.04,9.7916,9.8671,10.1233,10.4625
CMP-009926,Memory IC,Standby Current,µA,LOT-04,125.8,24.7501,25.6518,26.4016,26.5165
CMP-009927,ADC,Leakage Current,µA,LOT-17,126.45,5.4885,6.4964,11.3864,19.2223
CMP-009928,Driver IC,Propagation Delay,ns,LOT-09,125.0,19.2843,20.1326,26.5736,44.7862
CMP-009929,Logic IC,Iddq,µA,LOT-05,123.73,9.3705,9.7049,9.7913,10.1339
CMP-009930,Memory IC,Standby Current,µA,LOT-04,127.94,24.9542,25.0602,25.7187,25.6539
CMP-009931,ADC,Leakage Current,µA,LOT-08,123.1,4.857,5.0543,5.1073,5.3036
CMP-009932,Driver IC,Propagation Delay,ns,LOT-19,125.65,18.438,18.535,18.97,18.9479
CMP-009933,Logic IC,Iddq,µA,LOT-14,125.9,9.7065,10.0829,9.9769,10.3329
CMP-009934,Memory IC,Standby Current,µA,LOT-09,127.53,24.7825,25.5921,25.6212,25.9024
CMP-009935,ADC,Leakage Current,µA,LOT-13,124.11,5.1107,5.2003,5.4163,5.5103
CMP-009936,Driver IC,Propagation Delay,ns,LOT-07,125.97,17.887,17.9325,17.7933,18.4671
CMP-009937,Logic IC,Iddq,µA,LOT-07,124.63,10.382,10.5286,10.8871,10.7711
CMP-009938,Memory IC,Standby Current,µA,LOT-20,125.11,25.2175,25.0648,26.5023,26.7168
CMP-009939,ADC,Leakage Current,µA,LOT-07,124.27,5.1162,5.1315,5.264,5.4067
CMP-009940,Driver IC,Propagation Delay,ns,LOT-13,127.35,18.2387,19.821,25.0554,34.0983
CMP-009941,Logic IC,Iddq,µA,LOT-09,128.51,9.8278,10.0492,10.3972,10.348
CMP-009942,Memory IC,Standby Current,µA,LOT-01,122.71,24.4795,24.8809,24.8917,25.2783
CMP-009943,ADC,Leakage Current,µA,LOT-19,125.44,5.2515,5.3482,5.4896,5.6884
CMP-009944,Driver IC,Propagation Delay,ns,LOT-19,127.1,17.9046,18.3817,18.405,18.5961
CMP-009945,Logic IC,Iddq,µA,LOT-11,124.65,10.0538,11.8643,20.2997,42.6552
CMP-009946,Memory IC,Standby Current,µA,LOT-15,128.68,25.1619,29.6768,44.3763,74.4278
CMP-009947,ADC,Leakage Current,µA,LOT-03,126.05,5.1565,5.1997,5.3346,5.6025
CMP-009948,Driver IC,Propagation Delay,ns,LOT-09,125.48,17.4002,19.3959,27.0236,39.5501
CMP-009949,Logic IC,Iddq,µA,LOT-10,123.4,9.7216,9.7618,10.0841,10.4077
CMP-009950,Memory IC,Standby Current,µA,LOT-05,124.43,24.5773,27.9015,41.4791,70.1037
CMP-009951,ADC,Leakage Current,µA,LOT-11,123.61,5.4626,7.2542,11.8008,20.444
CMP-009952,Driver IC,Propagation Delay,ns,LOT-10,121.73,17.5275,18.0759,23.5663,41.49
CMP-009953,Logic IC,Iddq,µA,LOT-14,125.26,10.1018,12.3561,18.0858,30.6339
CMP-009954,Memory IC,Standby Current,µA,LOT-01,124.57,25.5422,26.2415,26.7078,27.1922
CMP-009955,ADC,Leakage Current,µA,LOT-19,126.16,5.3157,6.6543,10.7383,17.8849
CMP-009956,Driver IC,Propagation Delay,ns,LOT-11,124.18,17.7621,18.9307,26.4891,43.5054
CMP-009957,Logic IC,Iddq,µA,LOT-19,127.36,10.3878,18.3348,12.2123,13.4032
CMP-009958,Memory IC,Standby Current,µA,LOT-07,126.22,25.8788,27.8574,39.8786,67.5419
CMP-009959,ADC,Leakage Current,µA,LOT-05,125.81,4.6515,6.1847,10.6885,20.9885
CMP-009960,Driver IC,Propagation Delay,ns,LOT-04,123.42,17.7278,18.731,24.8743,44.5006
CMP-009961,Logic IC,Iddq,µA,LOT-03,125.1,10.2531,10.3489,10.7275,10.9838
CMP-009962,Memory IC,Standby Current,µA,LOT-07,127.43,25.4088,27.9972,41.0906,81.1319
CMP-009963,ADC,Leakage Current,µA,LOT-18,122.25,4.8787,5.4514,10.5836,21.6455
CMP-009964,Driver IC,Propagation Delay,ns,LOT-07,125.11,17.7858,17.9564,18.2007,18.5734
CMP-009965,Logic IC,Iddq,µA,LOT-18,124.4,9.2255,11.2041,19.4061,33.8579
CMP-009966,Memory IC,Standby Current,µA,LOT-18,125.39,25.4864,25.6061,25.6039,26.5248
CMP-009967,ADC,Leakage Current,µA,LOT-04,125.15,5.3016,5.3534,5.5788,5.6749
CMP-009968,Driver IC,Propagation Delay,ns,LOT-11,124.31,18.9685,18.9734,18.7403,18.9891
CMP-009969,Logic IC,Iddq,µA,LOT-03,127.61,9.9828,25.6929,12.2199,14.5777
CMP-009970,Memory IC,Standby Current,µA,LOT-18,127.11,24.4399,29.2401,40.4639,63.6731
CMP-009971,ADC,Leakage Current,µA,LOT-12,126.67,5.3781,11.5037,6.6718,8.7504
CMP-009972,Driver IC,Propagation Delay,ns,LOT-01,124.5,18.7582,18.8226,18.7058,19.0337
CMP-009973,Logic IC,Iddq,µA,LOT-16,125.19,9.6743,10.4358,19.7312,33.084
CMP-009974,Memory IC,Standby Current,µA,LOT-14,122.56,24.7748,27.372,39.0477,60.3013
CMP-009975,ADC,Leakage Current,µA,LOT-12,124.72,4.9169,5.0399,5.2022,5.3612
CMP-009976,Driver IC,Propagation Delay,ns,LOT-18,124.11,17.6817,17.856,17.9269,18.1426
CMP-009977,Logic IC,Iddq,µA,LOT-11,124.16,10.3913,11.3541,20.5005,33.8524
CMP-009978,Memory IC,Standby Current,µA,LOT-07,125.54,25.3315,24.7731,25.6642,26.3996
CMP-009979,ADC,Leakage Current,µA,LOT-17,126.19,4.867,5.0757,5.2229,5.3022
CMP-009980,Driver IC,Propagation Delay,ns,LOT-12,125.14,17.544,19.6145,25.6129,38.8451
CMP-009981,Logic IC,Iddq,µA,LOT-05,124.1,9.5381,9.8926,10.1286,10.2688
CMP-009982,Memory IC,Standby Current,µA,LOT-15,128.06,25.2857,27.6148,45.6663,67.2591
CMP-009983,ADC,Leakage Current,µA,LOT-18,123.82,5.1437,5.3646,5.435,5.5792
CMP-009984,Driver IC,Propagation Delay,ns,LOT-17,125.76,18.9236,28.0575,20.4388,23.534
CMP-009985,Logic IC,Iddq,µA,LOT-09,126.13,9.6311,9.8764,10.089,10.1592
CMP-009986,Memory IC,Standby Current,µA,LOT-08,126.91,24.5689,25.3103,25.4246,26.1761
CMP-009987,ADC,Leakage Current,µA,LOT-17,124.28,5.1283,14.0974,5.5108,6.4949
CMP-009988,Driver IC,Propagation Delay,ns,LOT-18,125.02,18.1454,30.7803,18.5464,21.0142
CMP-009989,Logic IC,Iddq,µA,LOT-19,124.0,10.5947,12.3693,21.1923,31.478
CMP-009990,Memory IC,Standby Current,µA,LOT-18,125.23,24.7098,26.3386,42.6141,64.3405
CMP-009991,ADC,Leakage Current,µA,LOT-04,122.7,5.4108,7.1771,11.8361,19.3055
CMP-009992,Driver IC,Propagation Delay,ns,LOT-01,126.06,17.7785,19.1895,25.8939,37.7912
CMP-009993,Logic IC,Iddq,µA,LOT-01,127.1,10.3655,10.4869,11.052,11.2479
CMP-009994,Memory IC,Standby Current,µA,LOT-18,123.66,24.8208,25.5757,26.4601,26.6673
CMP-009995,ADC,Leakage Current,µA,LOT-06,124.97,4.8637,5.796,10.5164,20.5093
CMP-009996,Driver IC,Propagation Delay,ns,LOT-06,126.22,17.8528,18.0623,18.4161,18.4074
CMP-009997,Logic IC,Iddq,µA,LOT-10,124.82,9.7468,11.48,23.0302,42.4562
CMP-009998,Memory IC,Standby Current,µA,LOT-06,124.74,26.2048,26.393,26.2792,26.3736
CMP-009999,ADC,Leakage Current,µA,LOT-02,124.0,4.6505,4.7816,4.9597,5.1572
CMP-010000,Driver IC,Propagation Delay,ns,LOT-08,124.5,18.3888,18.5509,18.5865,18.6088
